Code,target_close,EPS,ROE,PER,PBR,Market Capitalization,NikkeiCorr,MothersCorr,RSI,MovingAverage50,MovingAverage200,ATR,MACD,Signal,UpperBand,LowerBand,PercentR,ADX,ChangeRate_0,ChangeRate_3,ChangeRate_7,ChangeRate_14,ChangeRate_21,ChangeRate_28,ChangeRate_35,ChangeRate_42,ChangeRate_49
9927,578.030456543,30.21,10.26,18.48887630853691,1.9061152553694165,5068545357.207049,0.2511552134951677,0.14084241183078358,44.364163942018685,567.614955444336,462.3645109953704,457.30939042335234,2.684622174109336,5.608687205476143,611.4520727510259,550.4770105009239,75.32467116967183,21.52052254413121,578.030456543:3.370324702025582,583.7323608398:0.9864366543764981,583.0195922852:0.8631267930133472,590.8597412109:2.2194824723644286,582.7819824219:0.8220199861642633,593.9482421875:2.7537970472522764,591.3348999023:2.3016855268958034,567.8145141602:-1.7673709520252632,564.4884033203:-2.342792333762195
7352,356.0689086914,3.23,18.39,109.77421750458204,20.27276858432247,14851080172.437023,0.16109920739985334,0.1876447996670648,73.45135136228102,302.004373474122,268.60078215422516,267.8267563312704,16.679573420322583,13.914962926408403,377.01574386716436,272.7975465380956,41.279053581776544,39.240409884473245,356.0689086914:0.42075736326039825,384.0350341797:7.854132951702858,382.0375061035:7.293138147764151,565.315612793:58.7657891475583,489.4075012207:37.447412361651246,451.4534301758:26.788219683361476,439.9673461914:23.56241599648163,447.9576721191:25.8064552070562,431.9770202637:21.31837678590706
3498,5134.2626953125,132.85,11.07,38.49870857001355,4.4758496836670165,41259407353.62012,0.2997337582361571,0.430149870934571,70.61994189554511,4184.040595703128,3038.9603931568313,2965.0567579831695,258.7086383071246,217.3758874985346,5230.548256326532,4056.1506694547165,29.629624167079733,19.065056090470865,5134.2626953125:0.3838771593084665,5006.1528320312:-2.495194945873383,4897.7514648438:-4.6065276458220765,5035.716796875:-1.9193778013631992,4138.9453125:-19.385789973723178,4370.5288085938:-14.875239777192876,4311.4008789062:-16.026874066213242,3961.5615234375:-22.840692840778434,4217.7822265625:-17.850283928532367
9248,2001.4063720703,261.95,11.82,7.689797734960107,0.8983697035405982,17616131516.727592,0.3646531855882005,0.23015148768179883,28.197674902372682,2336.768161621098,2283.0793004919005,2308.1202761417826,-123.46025281969605,-88.15590301236843,2785.1086390170904,1743.0961827602396,77.15875366455306,45.97838571875203,2001.4063720703:-0.6463527239157617,1924.7135009766:-3.831948981673679,1798.1240234375:-10.156975188528062,1739.9113769531:-13.065562234954998,1623.4860839844:-18.88273632780387,1464.5562744141:-26.823642871730748,1312.0946044922:-34.44136968870846,1349.0550537109:-32.594645818209976,1289.9184570312:-35.54939791178544
3452,504.8359985352,53.64,9.01,9.411558511096198,0.9304703600250664,9847167820.145279,0.46471323104347084,0.30483364130455237,68.42105585782856,481.498247070322,465.2474858036822,466.6917405905688,3.2455885624406164,2.583913970999693,498.44504194193865,477.1636158949912,9.677396575840744,10.538844740927555,504.8359985352:0.0,498.7220458984:-1.2110769942198836,496.1018066406:-1.730104810263651,523.1777954102:3.6332188925154685,494.3549499512:-2.076129399331892,476.185333252:-5.675242131371563,478.9012145996:-5.137269135095504,480.7117919922:-4.778622485915678,489.7647705078:-2.9853711048993614
9973,21.0,-4.31,-90.46479541555644,0.0,4.77326968973747,3269331742.243437,0.1031843981141091,0.15719784229968606,20.0,25.02,27.585185185185185,28.81058862947752,-1.2468149718853638,-1.0925817699640528,25.813564212655205,20.086435787344794,75.0,97.14285714285714,21.0:4.761904761904762,19.0:-9.523809523809524,19.0:-9.523809523809524,18.0:-14.285714285714285,17.0:-19.047619047619047,19.0:-9.523809523809524,19.0:-9.523809523809524,18.0:-14.285714285714285,19.0:-9.523809523809524
3435,868.8451538086,136.15,7.54,6.3606514447271385,0.4794531672043981,6694553272.186119,0.14614999908874535,0.004386518710334364,66.66671779238867,857.4753247070279,869.5540206344015,875.995745861637,1.5880793343242203,0.38575791483368144,865.8998937031303,849.7139795878796,25.000044730707152,25.76148714973095,868.8451538086:0.32715376227168025,868.8451538086:0.0,871.6876220703:0.3271547581568448,869.7926635742:0.1090539276701448,867.897644043:-0.1090539276701448,859.3702392578:-1.0905182021521937,860.3177490234:-0.981464274482049,887.794921875:2.181029379439283,905.7971191406:4.252997806343318
4320,497.6038208008,39.13,10.45,13.030974037579862,1.3648706177641265,7663116583.649547,0.4225581247571502,0.34778499914572925,79.66102806978668,454.80223571777196,440.98527673791705,442.4901726605588,14.510022439013085,9.24868994830475,511.9234909256002,431.6317428390499,12.499995991034211,28.57468506377388,497.6038208008:-2.471482889723068,496.6578063965:-0.19011397516553805,524.0922241211:5.32319130461496,551.5266723633:10.836502717306569,505.1719665527:1.5209179342153092,473.9534606934:-4.752849379118346,472.0614318848:-5.1330773294494225,480.5755615234:-3.4220515529796853,491.927734375:-1.1406838509932282
7860,1443.5736083984,20.75,1.59,70.24437430606747,1.1341462739177697,62693337729.626465,0.26084809652924684,0.2649276853033153,35.327629593849494,1483.334997558594,1360.774185293691,1359.744836626089,-14.414829394779645,-10.002537366206873,1598.0798882258694,1388.0740180241307,58.97435044137325,37.260344120441246,1443.5736083984:-0.9696186166793066,1430.5095214844:-0.9049823880123558,1506.0943603516:4.330970834425607,1480.8994140625:2.5856530936106426,1550.8851318359:7.4337410169585185,1538.7543945312:6.593414120281689,1551.8184814453:7.498396508300975,1609.6733398438:11.506149078860101,1655.3973388672:14.673566296616622
5334,2461.431640625,296.03,11.7,8.336417652504139,0.9754229104512631,501676585034.56226,0.5144849050562044,0.2571665895847619,46.00551816611273,2470.438515625004,2366.668654152205,2373.471234072087,-12.722327776859402,-18.075246422699124,2525.782156678954,2340.576900938225,38.164247275744074,15.619411707045355,2461.431640625:-0.2599331600440296,2408.4189453125:-2.1537342105116988,2329.8139648438:-5.347200125687016,2394.708984375:-2.7107255447914027,2268.5754394531:-7.835123185583594,2228.3586425781:-9.469001462405787,2242.0690917969:-8.91199029083741,2333.4699707031:-5.198668441972589,2382.8266601562:-3.193465915179382
5334,2461.431640625,296.03,11.7,8.336417652504139,0.9754229104512631,501676585034.56226,0.5144849050562044,0.2571665895847619,46.00551816611273,2470.438515625004,2366.668654152205,2373.471234072087,-12.722327776859402,-18.075246422699124,2525.782156678954,2340.576900938225,38.164247275744074,15.619411707045355,2461.431640625:-0.2599331600440296,2408.4189453125:-2.1537342105116988,2329.8139648438:-5.347200125687016,2394.708984375:-2.7107255447914027,2268.5754394531:-7.835123185583594,2228.3586425781:-9.469001462405787,2242.0690917969:-8.91199029083741,2333.4699707031:-5.198668441972589,2382.8266601562:-3.193465915179382
3350,490.0,-128.94,0.0,0.0,0.0,2305758594.8055844,0.14266345294554122,0.312172655230793,50.0,511.2,523.4074074074074,545.7871250149027,-5.8367647092038055,-7.1259728130878175,502.8909164503245,462.1090835496755,66.66666666666667,40.95238095238095,490.0:0.0,540.0:10.204081632653061,520.0:6.122448979591836,510.0:4.081632653061225,470.0:-4.081632653061225,460.0:-6.122448979591836,410.0:-16.3265306122449,360.0:-26.53061224489796,340.0:-30.612244897959183
4837,564.0,102.54,35.96,5.412521942656524,1.9462757750035067,21607553654.08893,0.08251756283543865,0.05834857403324775,46.76258992805756,568.52,548.0147058823529,553.7298935337539,-1.104362479703127,-1.3096856442189768,588.3499706415967,539.0500293584034,48.07692307692308,17.026377191660753,564.0:1.5957446808510638,589.0:4.432624113475177,587.0:4.078014184397164,568.0:0.7092198581560284,523.0:-7.2695035460992905,590.0:4.609929078014184,609.0:7.9787234042553195,633.0:12.23404255319149,676.0:19.858156028368796
9446,503.9988098145,51.45,14.8,10.136154849580175,1.5007342935565466,4841385339.090649,0.10870460322679742,0.024071160047106962,72.83947918864865,502.492723388674,514.7404726381711,518.9920066149873,3.322153087068955,-0.38732783579061447,516.4118375580607,476.0090334136393,7.500005942786005,35.2504153746353,503.9988098145:-3.473491773292736,503.9988098145:0.0,506.763092041:0.5484699909345786,510.4485778809:1.2797189082200167,495.7064208984:-1.6453191465178467,490.1780700684:-2.7422167427710424,492.0208435059:-2.3765862290445825,499.3919677734:-0.9140581190649268,502.1561279297:-0.3656123484653121
9211,1231.25,39.28,31.910520559655055,32.33197556008147,10.905031770565001,5204906233.900052,0.3460512025882955,0.3566367021783613,71.53392330383481,972.75,850.3888888888889,851.9246058571058,103.22410385034232,68.60074778653996,1382.0799734807592,730.1700265192409,28.571428571428573,58.12521546060285,1231.25:-3.1472081218274113,1250.0:1.5228426395939088,1162.0:-5.624365482233502,1257.5:2.131979695431472,1127.5:-8.426395939086294,1295.5:5.218274111675127,1099.5:-10.700507614213198,1042.5:-15.32994923857868,1007.0:-18.213197969543145
4593,293.0,-93.36,-56.83528186132655,0.0,1.832109798914778,15827596552.824768,0.2917136367779199,0.4229883728068799,52.5,292.92,358.2148148148148,391.91740068573404,-4.967318863640912,-4.777430688877734,308.7508820598013,263.8491179401987,66.66666666666667,26.9210633047209,293.0:2.04778156996587,286.0:-2.3890784982935154,291.0:-0.6825938566552902,287.0:-2.04778156996587,255.0:-12.969283276450511,269.0:-8.19112627986348,277.0:-5.460750853242321,311.0:6.143344709897611,310.0:5.802047781569966
4972,1631.2218017578,247.48,7.2,6.61000010785518,0.4761350265572654,12571588797.687393,0.009295960069803766,-0.050059288504466046,28.346439222912366,1724.9730908203082,1726.7229175708867,1741.5826387176087,-29.81740381751706,-26.418480795398942,1809.270307909191,1569.622990430629,58.44150819096746,48.01201713247072,1631.2218017578:-0.2832861189827416,1623.828125:-0.4532600502171188,1625.6765136719:-0.33994690850284104,1617.3586425781:-0.8498635295801653,1581.3145751953:-3.059499726445546,1605.3439941406:-1.5864064340799118,1600.7230224609:-1.8696892883625398,1609.0408935547:-1.3597726672852155,1580.3905029297:-3.116148813933478
7082,1929.0,65.25,37.46,31.157088122605366,11.349933005806163,11011920650.960249,0.3510819286303221,0.5035517994472307,50.89285714285714,1984.44,1789.4962962962964,1806.3861106588888,22.58696755295182,27.9722529550642,2132.429851278609,1950.6701487213907,80.07246376811594,29.164442034988124,1929.0:-5.391394504924832,1905.0:-1.244167962674961,1924.0:-0.2592016588906169,1827.0:-5.287713841368585,1595.0:-17.31467081389321,1622.0:-15.914981855883878,1795.0:-6.946604458268533,1724.0:-10.627268014515293,1782.0:-7.620528771384137
7081,666.7378540039,141.69,21.24,4.730756689589244,1.0050845171730818,7227714530.753724,0.2606529079196324,0.24912367602376445,32.3607627609056,687.8704821777319,639.3464545355934,640.6929482829595,-6.316218718765867,-1.6412877762032019,750.5387736547605,646.4142475854696,73.43744631848205,37.57051363645636,666.7378540039:-0.5344021376022107,676.5362548828:1.469603206126449,675.2001342773:1.2692065138618158,683.2169799805:2.4716049760245986,676.981628418:1.5364021035529951,696.2962646484:4.433288205701171,698.1909179688:4.717455860053215,707.6643066406:6.138312440328399,716.6640625:7.488131684181826
7721,1150.8342285156,91.04,4.54,12.662129952838312,0.5749456660164889,17655431512.03434,0.30958483452759117,0.084229409850719,29.84495114775021,1192.090925292968,1234.1908103660282,1248.0859764635347,-25.969837883816353,-21.717134427436775,1307.051982622771,1049.124604291289,64.86489145291688,41.16575628383167,1150.8342285156:-0.1673640167345734,1152.7603759766:0.1673696709112018,1117.1278076172:-2.92886847325319,1227.8775634766:6.694564086816755,1261.583984375:9.623432560069945,1210.5428466797:5.188290084238718,1256.7687988281:9.205024293476166,1243.2862548828:8.033479025597716,1232.6927490234:7.11297235340184
2164,402.0,4.43,4.87,91.42212189616254,4.830629770992366,839196326.3358779,0.06118621004035529,0.011507136171714895,50.0,418.62,423.0,431.2424274285385,-3.6934034799218125,-5.113274719273486,407.49883885068385,399.00116114931615,95.34883720930233,65.82710276473121,402.0:-0.7462686567164178,406.0:0.9950248756218906,409.0:1.7412935323383085,414.0:2.9850746268656714,395.0:-1.7412935323383085,388.0:-3.482587064676617,389.0:-3.233830845771144,419.0:4.228855721393035,413.0:2.736318407960199
2164,402.0,4.43,4.87,91.42212189616254,4.830629770992366,839196326.3358779,0.06118621004035529,0.011507136171714895,50.0,418.62,423.0,431.2424274285385,-3.6934034799218125,-5.113274719273486,407.49883885068385,399.00116114931615,95.34883720930233,65.82710276473121,402.0:-0.7462686567164178,406.0:0.9950248756218906,409.0:1.7412935323383085,414.0:2.9850746268656714,395.0:-1.7412935323383085,388.0:-3.482587064676617,389.0:-3.233830845771144,419.0:4.228855721393035,413.0:2.736318407960199
9248,2001.4063720703,261.95,11.82,7.689797734960107,0.8983697035405982,17616131516.727592,0.3646531855882005,0.23015148768179883,28.197674902372682,2336.768161621098,2283.0793004919005,2308.1202761417826,-123.46025281969605,-88.15590301236843,2785.1086390170904,1743.0961827602396,77.15875366455306,45.97838571875203,2001.4063720703:-0.6463527239157617,1924.7135009766:-3.831948981673679,1798.1240234375:-10.156975188528062,1739.9113769531:-13.065562234954998,1623.4860839844:-18.88273632780387,1464.5562744141:-26.823642871730748,1312.0946044922:-34.44136968870846,1349.0550537109:-32.594645818209976,1289.9184570312:-35.54939791178544
8091,1216.2938232422,402.49,13.82,3.0388874754761606,0.4194576811768337,7429853906.685255,0.3939400039626545,0.24143080023555907,75.66958299809731,1166.511008300776,1120.1710064923332,1131.7016835528723,13.503341093482959,3.2358689068340363,1223.9212044790584,1076.5673575326414,5.084747284857026,34.778698983731836,1216.2938232422:-0.5613772455079152,1192.1682128906:-1.983534725786065,1187.1610107422:-2.395211744341712,1239.9641113281:1.9460995060226112,1237.6882324219:1.7589836247519732,1339.1976318359:10.104779473933593,1289.1257324219:5.988019324603363,1417.9471435547:16.57932618410945,1397.4633789062:14.895212998867935
9405,603.181640625,64.96,3.99,9.330001731834978,0.37764389615487665,24983787237.91818,0.4363611701202803,0.3440244645566819,65.71434250428536,602.2014099121039,616.2445737485608,622.3942926790794,-0.31619323330926363,-1.1412167621468978,605.3927748544504,593.2496995107497,6.666677471841934,20.52399986715484,603.181640625:-0.48000000000000803,599.3212280273:-0.640008305574415,599.3212280273:-0.640008305574415,606.0769042969:0.4799986400282375,606.0769042969:0.4799986400282375,608.0070800781:0.7999977333693385,614.7627563477:1.920004678971991,623.4484863281:3.35999048016449,619.5881347656:2.7199922934657024
9326,417.818145752,45.74,17.02,9.154978102647574,1.5759613805092019,4297270029.878652,0.3459423826756089,0.4715183401894159,32.39434668013122,467.807442016606,560.3512516728156,583.2703599054142,-12.307706285986228,-14.111370071258245,456.74061802055013,405.1372750458699,82.45614464381383,26.377498034766283,417.818145752:-0.2227171492097762,438.2903137207:4.899779527730572,428.9848022461:2.672611663144008,415.9570617676:-0.44542919050353436,374.0821838379:-10.467702841240389,379.6654968262:-9.131400661675878,386.1793823242:-7.572376582844615,382.4571228027:-8.46325687594452,394.5543518066:-5.567923313509818
4914,2817.4360351562,453.9,8.2,6.2719839646300946,0.5146500256787963,51026006095.97562,0.57272490764218,0.44741716458724873,78.26079533445045,2624.7164257812524,2489.9086064091466,2495.5485940983176,43.344360790967585,29.4808593265043,2815.355579281966,2559.7880730618035,3.3088278912917852,19.233977424003886,2817.4360351562:-1.0441226002055115,2665.603515625:-5.389031645674338,2538.4440917969:-9.902334600609043,2539.3930664062:-9.868652394608318,2455.8857421875:-12.832599869428996,2371.4289550781:-15.830246880950863,2357.1945800781:-16.335471305654114,2438.8044433594:-13.438870912141523,2516.6184082031:-10.676999342646035
7981,1249.0189208984,149.1,6.01,8.408547825294434,0.5054362822828831,89417743571.22942,0.5430950614330309,0.24826495650636454,88.98309752407184,1210.043894042968,1196.4587375216977,1202.72542522247,6.066446570184553,-2.9970820203559985,1243.129069578365,1146.2534011247549,2.970302415936865,42.37060341449913,1249.0189208984:-0.37593984962394594,1234.9322509766:-1.1278187772902304,1220.8455810547:-2.255637554588471,1264.0445556641:1.20299496783382,1301.6091308594:4.210521480585154,1262.1665039062:1.052632813467961,1264.9838867188:1.2782004782534988,1306.3046875:4.586461073015231,1286.5833740234:3.0075167394566344
9326,417.818145752,45.74,17.02,9.154978102647574,1.5759613805092019,4297270029.878652,0.3459423826756089,0.4715183401894159,32.39434668013122,467.807442016606,560.3512516728156,583.2703599054142,-12.307706285986228,-14.111370071258245,456.74061802055013,405.1372750458699,82.45614464381383,26.377498034766283,417.818145752:-0.2227171492097762,438.2903137207:4.899779527730572,428.9848022461:2.672611663144008,415.9570617676:-0.44542919050353436,374.0821838379:-10.467702841240389,379.6654968262:-9.131400661675878,386.1793823242:-7.572376582844615,382.4571228027:-8.46325687594452,394.5543518066:-5.567923313509818
9326,417.818145752,45.74,17.02,9.154978102647574,1.5759613805092019,4297270029.878652,0.3459423826756089,0.4715183401894159,32.39434668013122,467.807442016606,560.3512516728156,583.2703599054142,-12.307706285986228,-14.111370071258245,456.74061802055013,405.1372750458699,82.45614464381383,26.377498034766283,417.818145752:-0.2227171492097762,438.2903137207:4.899779527730572,428.9848022461:2.672611663144008,415.9570617676:-0.44542919050353436,374.0821838379:-10.467702841240389,379.6654968262:-9.131400661675878,386.1793823242:-7.572376582844615,382.4571228027:-8.46325687594452,394.5543518066:-5.567923313509818
8399,789.1572265625,131.17,4.15,6.016293562266525,0.24825398859407394,33480525917.751186,0.5683274404183509,0.3642222422487969,83.16836231904057,719.8294689941359,717.9112137405948,722.401611435953,8.814455241826863,3.8434276019848754,757.8825778368048,696.3146145460053,0.0,18.42730358650931,789.1572265625:0.0,768.6110229492:-2.603562752988714,750.8666992188:-4.852078401472692,746.1971435547:-5.443792638753417,817.1745605469:3.550285423658993,807.8354492188:2.366856949110221,837.720703125:6.153840442422135,906.8303222656:14.911235903607412,900.2929077148:14.08283133088666
9409,1328.7965087891,206.79,5.36,6.561549682955172,0.35174577873765717,124862013044.73607,0.5549934804666686,0.413371781742874,72.7941273488552,1323.345971679686,1364.9488968460637,1380.0120123895329,-6.9626468532796935,-15.837897642096808,1347.5207354469212,1230.3746014671187,3.0927889249240104,56.313016425909446,1328.7965087891:-2.1121631463929806,1322.0219726562:-0.5098249497263888,1318.1507568359:-0.8011574295074908,1299.7624511719:-2.184989005100415,1279.4384765625:-3.7144914138567984,1258.1468505859:-5.316815459395009,1243.6296386719:-6.409323741737589,1291.0521240234:-2.8404939745134925,1267.8249511719:-4.588479666669346
4415,679.5,71.99,16.33,9.411029309626338,1.8505367239354291,3928099143.6999807,0.20989276137790028,0.28750525098098645,82.6086956521739,607.61,533.5074074074074,533.7642383131271,20.137516331045845,10.812227474090228,686.2380519426615,530.6119480573384,9.578544061302683,27.067137557151135,679.5:0.29433406916850624,674.0:-0.8094186902133923,669.0:-1.545253863134658,671.5:-1.177336276674025,641.5:-5.59234731420162,605.0:-10.963944076526857,617.5:-9.124356144223695,654.5:-3.679175864606328,685.0:0.8094186902133923
6462,2315.0,433.4,5.34,5.41301338255653,0.28927678338027196,22368037998.09615,0.5382457099152925,0.22863673753861477,66.28352490421456,2308.18,2350.9338235294117,2369.3985390018474,3.6918678021370397,-10.337550557902663,2340.730423868106,2190.8695761318945,27.205882352941178,28.559571407604967,2315.0:-1.3390928725701945,2280.0:-1.511879049676026,2230.0:-3.6717062634989204,2256.0:-2.548596112311015,2233.0:-3.5421166306695464,2254.0:-2.634989200863931,2266.0:-2.1166306695464363,2411.0:4.146868250539957,2434.0:5.140388768898488
9248,2001.4063720703,261.95,11.82,7.689797734960107,0.8983697035405982,17616131516.727592,0.3646531855882005,0.23015148768179883,28.197674902372682,2336.768161621098,2283.0793004919005,2308.1202761417826,-123.46025281969605,-88.15590301236843,2785.1086390170904,1743.0961827602396,77.15875366455306,45.97838571875203,2001.4063720703:-0.6463527239157617,1924.7135009766:-3.831948981673679,1798.1240234375:-10.156975188528062,1739.9113769531:-13.065562234954998,1623.4860839844:-18.88273632780387,1464.5562744141:-26.823642871730748,1312.0946044922:-34.44136968870846,1349.0550537109:-32.594645818209976,1289.9184570312:-35.54939791178544
6960,4490.97265625,536.19,10.82,8.448385611505437,0.9142749644847095,135528463635.35538,0.2664322098513439,-0.0030575795286524837,66.41223428385236,3913.4733984374975,3730.91728877315,3717.424077808527,181.14583767635668,197.23748831553038,4894.186811633744,3815.914702038127,37.313299611331416,65.51140972399922,4490.97265625:-0.8676789587856978,4252.2983398438:-5.31453506121979,4072.0749511719:-9.327549667779165,4003.8823242188:-10.84598748009133,4339.974609375:-3.3622570973541546,4218.2021484375:-6.0737512492508845,4481.2314453125:-0.21690648514511315,4588.390625:2.1691953215173845,3994.1403808594:-11.06291027399528
4346,621.1160888672,14.22,15.49,43.67904985001406,6.768182291241147,6761414108.949906,0.41157150439711127,0.42828838875039027,43.79084994647685,630.4089660644499,558.6361791540097,560.60841259771,-6.091154956897071,-1.3439891383005618,679.2062275713599,585.73337203802,66.66664659510941,28.891849748563853,621.1160888672:0.0,678.3618164062:9.216590676858091,628.748840332:1.2288767915705898,657.3717041016:5.837172130015743,610.6209716797:-1.68971910011881,608.7128295898:-1.996930928004338,598.2177734375:-3.6866402014255124,621.1160888672:0.0,630.6569824219:1.5360886194561176
4346,621.1160888672,14.22,15.49,43.67904985001406,6.768182291241147,6761414108.949906,0.41157150439711127,0.42828838875039027,43.79084994647685,630.4089660644499,558.6361791540097,560.60841259771,-6.091154956897071,-1.3439891383005618,679.2062275713599,585.73337203802,66.66664659510941,28.891849748563853,621.1160888672:0.0,678.3618164062:9.216590676858091,628.748840332:1.2288767915705898,657.3717041016:5.837172130015743,610.6209716797:-1.68971910011881,608.7128295898:-1.996930928004338,598.2177734375:-3.6866402014255124,621.1160888672:0.0,630.6569824219:1.5360886194561176
3133,171.0,-30.18,-116.89151766048487,0.0,12.753623188405797,4950739710.144927,0.060359259108799246,0.11114335238767857,74.57627118644068,165.4,192.16296296296295,200.9974686013575,1.750778246124554,-2.930676717112291,175.27737589288708,131.1226241071129,12.244897959183673,35.81591268409335,171.0:-2.923976608187134,171.0:0.0,167.0:-2.3391812865497075,193.0:12.865497076023392,239.0:39.76608187134503,340.0:98.83040935672514,270.0:57.89473684210527,279.0:63.1578947368421,318.0:85.96491228070175
3133,171.0,-30.18,-116.89151766048487,0.0,12.753623188405797,4950739710.144927,0.060359259108799246,0.11114335238767857,74.57627118644068,165.4,192.16296296296295,200.9974686013575,1.750778246124554,-2.930676717112291,175.27737589288708,131.1226241071129,12.244897959183673,35.81591268409335,171.0:-2.923976608187134,171.0:0.0,167.0:-2.3391812865497075,193.0:12.865497076023392,239.0:39.76608187134503,340.0:98.83040935672514,270.0:57.89473684210527,279.0:63.1578947368421,318.0:85.96491228070175
3133,171.0,-30.18,-116.89151766048487,0.0,12.753623188405797,4950739710.144927,0.060359259108799246,0.11114335238767857,74.57627118644068,165.4,192.16296296296295,200.9974686013575,1.750778246124554,-2.930676717112291,175.27737589288708,131.1226241071129,12.244897959183673,35.81591268409335,171.0:-2.923976608187134,171.0:0.0,167.0:-2.3391812865497075,193.0:12.865497076023392,239.0:39.76608187134503,340.0:98.83040935672514,270.0:57.89473684210527,279.0:63.1578947368421,318.0:85.96491228070175
7984,1698.0646972656,116.76,6.0,14.781618905877869,0.8771609186065766,185534446020.90726,0.4703546499638807,0.27447237399074215,53.903367169944005,1705.032009277342,1637.0352620442652,1644.4399660726415,-0.5960141989205567,-3.1347582213759417,1762.6666559061023,1643.4244451680975,24.647916041308044,13.494284121861416,1698.0646972656:-1.639344262296149,1647.9578857422:-2.9508187529065983,1668.3717041016:-1.7486373288258517,1702.7042236328:0.2732243579806501,1767.6575927734:4.0983653696979685,1665.935546875:-1.8921040194957046,1704.5684814453:0.38301156547056625,1727.1831054688:1.7147996922667033,1701.7418212891:0.21654793421130034
7673,1065.0056152344,131.95,9.84,7.973022580399394,0.7844724621079279,5601672312.032073,0.20811085966112047,0.24645998635316999,88.69560881794354,1005.38383422851,1034.3706628870066,1047.2337344137543,5.048800842321043,-4.609074866575639,1037.9430033408485,934.9104451454614,0.0,48.77396130676404,1065.0056152344:1.2173913043497464,1061.3012695312:-0.34782405371494063,1011.2922363281:-5.043483164591399,983.5095214844:-7.652175029336658,974.2486572266:-8.521735163605221,1002.9574584961:-5.826087285431228,992.7704467773:-6.782609164103008,978.8790283203:-8.086960827445418,987.2138671875:-7.3043509756311105
7502,1842.0870361328,49.0,4.5,37.691258730308164,1.6721337055546401,4447718476.20702,0.01741148751746561,-0.0566140770542547,57.142870159679696,1816.3456347656181,1782.8992277922466,1792.674450517864,8.874748584326198,6.800525773249062,1854.9468905953456,1806.7392666312342,23.077013616150825,25.28828919481923,1842.0870361328:-0.25974025974064174,1885.1488037109:2.337661941777846,1832.5177001953:-0.5194833767241238,1875.5795898438:1.8181851917981513,1889.9334716797:2.5974036301426238,1889.9334716797:2.5974036301426238,1870.794921875:1.5584435034333737,1875.5795898438:1.8181851917981513,1923.4259033203:4.415582195196347
7972,446.599395752,25.8,2.6,17.029160726112405,0.4425074246716086,19603521420.376934,0.5281878824338556,0.2765831973830584,72.14286329828573,389.71062866212,370.27993457936003,369.67809438334683,13.685665645608424,8.83671196058711,443.7845351486108,361.5712815017892,17.14283234391794,55.38098978543111,446.599395752:1.6227180527410172,492.7993164062:10.344823816075003,489.1758422852:9.533476072332848,511.8228149414:14.604457554084785,550.7756958008:23.326565382692515,566.25:26.79148368450611,630.9375:41.275941257736115,652.5:46.104093782146116,632.8125:41.69578060768481
3103,259.0,38.56,5.38,6.742738589211618,0.3630068133586507,14499218139.171227,0.3925519863390557,0.33285171982708944,37.70491803278688,270.18,249.98518518518517,254.47222392833507,-4.362959112459237,-4.715997249735744,284.88157187245474,236.9184281275452,71.69811320754717,9.248500881675893,259.0:-0.3861003861003861,259.0:0.0,257.0:-0.7722007722007722,247.0:-4.633204633204633,249.0:-3.861003861003861,240.0:-7.335907335907336,235.0:-9.266409266409266,244.0:-5.7915057915057915,226.0:-12.741312741312742
8927,170.5836029053,27.11,11.58,6.393221624714128,0.7400838560399675,4089853625.4996367,0.2876056957006611,0.2358762705786816,83.33337979766341,164.854910888662,168.58414916991333,169.524792698521,1.8343442154686898,1.0746945151975849,172.31697222602563,161.73498242481438,0.0,20.609723070817306,170.5836029053:-1.6042780748506302,169.6713867188:-0.5347619413376076,168.7591705322:-1.0695238827338303,167.8469543457:-1.6042858240714213,162.3737030029:-4.812830637044157,167.8469543457:-1.6042858240714213,166.9347686768:-2.1390298752956243,168.7591705322:-1.0695238827338303,170.5836029053:0.0
7065,1170.6258544922,88.9,8.76,13.311504467948257,1.1655022870937115,9064368862.733242,0.31940175961388156,0.30845341275175886,40.17465945260442,1202.52337158203,1203.8179185655356,1246.8041745977575,1.5497843800624196,3.1616692357968597,1265.6715200442425,1142.3606943112275,78.72338919179874,31.870375154501573,1170.6258544922:-1.0906040268466608,1145.0919189453:-2.1812208784655835,1109.7375488281:-5.201346393507809,1094.0245361328:-6.5436209242643555,1011.5306396484:-13.590611742708617,1113.6658935547:-4.865769939978677,1508.4573974609:28.859053614123898,1806.0241699219:54.278513753254344,2030.9178466797:73.48991899386007
4404,929.0922851562,66.26,2.68,14.021917977002715,0.37540750706342507,8343431844.484622,0.3963366607034009,0.3540645389054497,76.27125394572953,904.728591308588,923.5703776041607,933.7174825452738,5.720179090506235,2.1194694774026885,929.0896565319487,883.9129679797614,15.555614426309061,29.787894878562902,929.0922851562:0.0,895.455871582:-3.620352263343248,890.9104614258:-4.109583551646949,905.4558105469:-2.5440394874580385,888.1831054688:-4.4031341494265295,855.1641845703:-7.957024481531574,848.600402832:-8.663497007799135,868.2916870117:-6.544085998333108,865.4786376953:-6.846859938160523
9854,179.0,-35.55,-4.520144120537176,0.0,0.265877546115484,4058620741.4528627,0.25852973478465197,0.11680038128805613,54.54545454545455,176.18,180.1259259259259,182.1750969606525,-0.023705205951955577,-0.2610143760386209,178.0277867413283,172.7722132586717,25.0,45.31024531024531,179.0:1.1173184357541899,174.0:-2.793296089385475,172.0:-3.910614525139665,172.0:-3.910614525139665,166.0:-7.262569832402235,167.0:-6.70391061452514,165.0:-7.82122905027933,164.0:-8.379888268156424,165.0:-7.82122905027933
6175,898.0,21.82,9.99,41.10907424381301,4.124517196983631,13477070291.521059,0.1424452211149758,0.16868167514987426,75.0,896.86,768.1397058823529,766.6870507964258,1.5457520830552767,1.8668369782170506,898.386055785533,893.313944214467,25.0,67.42424242424241,898.0:0.11135857461024498,897.0:-0.11135857461024498,897.0:-0.11135857461024498,897.0:-0.11135857461024498,897.0:-0.11135857461024498,897.0:-0.11135857461024498,897.0:-0.11135857461024498,897.0:-0.11135857461024498,897.0:-0.11135857461024498
9854,179.0,-35.55,-4.520144120537176,0.0,0.265877546115484,4058620741.4528627,0.25852973478465197,0.11680038128805613,54.54545454545455,176.18,180.1259259259259,182.1750969606525,-0.023705205951955577,-0.2610143760386209,178.0277867413283,172.7722132586717,25.0,45.31024531024531,179.0:1.1173184357541899,174.0:-2.793296089385475,172.0:-3.910614525139665,172.0:-3.910614525139665,166.0:-7.262569832402235,167.0:-6.70391061452514,165.0:-7.82122905027933,164.0:-8.379888268156424,165.0:-7.82122905027933
6085,596.0,-166.5,-59.41768450612067,0.0,2.435254803675856,1429163375.1044278,0.15583326540873288,0.12948897875616264,44.30379746835443,628.86,620.3111111111111,636.7752875313986,-10.723954464361668,-11.419397943818645,626.3485377452728,563.4514622547272,76.19047619047619,28.893584561132574,596.0:2.1812080536912752,593.0:-0.5033557046979865,597.0:0.16778523489932887,580.0:-2.684563758389262,552.0:-7.38255033557047,519.0:-12.919463087248323,530.0:-11.073825503355705,530.0:-11.073825503355705,555.0:-6.879194630872483
2778,195.0,-116.88,-364.28677840824446,0.0,6.17399438727783,2362225818.521983,0.17585500086954972,0.29612350278850286,50.0,215.4,199.45185185185184,201.18505130671798,-4.186360581555505,-5.391451230017514,209.30100778472325,190.49899221527676,35.714285714285715,28.37891379362508,195.0:-1.5384615384615385,181.0:-7.179487179487179,175.0:-10.256410256410255,185.0:-5.128205128205128,173.0:-11.282051282051283,178.0:-8.717948717948717,200.0:2.564102564102564,197.0:1.0256410256410255,197.0:1.0256410256410255
3070,261.0,-161.27,-286.73892137059875,0.0,6.211180124223603,1866527950.310559,-0.019502199235124643,0.03559015571206203,69.23076923076923,249.08,253.4962962962963,255.99127950239065,2.705102689040501,2.57007271482168,261.1325432471388,250.56745675286118,18.181818181818183,20.796049188906334,261.0:0.38314176245210724,261.0:0.0,261.0:0.0,260.0:-0.38314176245210724,256.0:-1.9157088122605364,260.0:-0.38314176245210724,255.0:-2.2988505747126435,245.0:-6.130268199233716,245.0:-6.130268199233716
4124,1405.8809814453,83.24,4.86,17.062064516209755,0.8315697257638283,1508289526.6142712,0.07885554878511158,0.09111061970624666,45.78834698180124,1414.2580102539039,1333.3268147786446,1345.1895238286522,0.8357663335330017,6.540519682013782,1513.4280456769864,1366.6169738542437,84.84847296105987,32.65724533819536,1405.8809814453:-1.0217983651241898,1417.3732910156:0.8174454112385429,1406.8386230469:0.06811683309176884,1389.6003417969:-1.158038259516311,1335.9700927734:-4.972745886357244,1407.7965087891:0.1362510318498502,1417.3732910156:0.8174454112385429,1441.3154296875:2.520444383974241,1412.5848388672:0.4768438801276184
3490,1225.2763671875,-553.41,-53.67591680076966,0.0,1.1945990632434091,1172153741.4441288,-0.13854075689993328,-0.10577978746339493,81.01260440011076,1196.6456713867178,1196.9545383029467,1206.7169819970463,6.75145033254762,2.943389877289155,1228.4399278657272,1163.2816541655131,1.999910174499661,18.469744721893715,1225.2763671875:0.0,1295.2076416016:5.707387842191089,1378.9282226562:12.54017947162341,1371.0487060547:11.897098709396142,1260.7344970703:2.8938883367342343,1383.8530273438:12.942113665368163,1585.7674560547:29.42120639237264,1707.9012451172:39.389062815070645,1706.9162597656:39.3086739837851
4563,149.0,-92.86,-37.35993392151418,0.0,0.6353997061276359,23258777649.815334,0.20002306865320257,0.4163614788728326,50.79365079365079,195.48,296.52592592592595,312.82811813700704,-10.420940068427427,-13.765489482588354,176.38237361195536,145.01762638804462,50.0,32.281199910082464,149.0:-7.38255033557047,145.0:-2.684563758389262,136.0:-8.724832214765101,133.0:-10.738255033557047,120.0:-19.463087248322147,122.0:-18.120805369127517,122.0:-18.120805369127517,126.0:-15.436241610738255,128.0:-14.093959731543624
7895,416.0,30.62,5.86,13.585891574134552,0.7959285194964222,7312195308.61363,-0.030932203467459965,0.01503838026266579,87.21804511278197,329.68,314.2720588235294,312.58397721559487,28.635100839545316,23.54636006464542,459.2292648589247,269.57073514107526,0.970873786407767,72.59066428099636,416.0:0.0,416.0:0.0,417.0:0.2403846153846154,417.0:0.2403846153846154,417.0:0.2403846153846154,417.0:0.2403846153846154,418.0:0.4807692307692308,418.0:0.4807692307692308,417.0:0.2403846153846154
2735,653.7649536133,57.83,6.55,11.386746064549543,0.7494997893338113,8896722142.84747,0.44707775707462555,0.36126765285206386,93.6508446303304,643.9579028320239,672.3871193214675,677.4630723390432,9.118886278987475,3.9748984712119375,680.1698063573581,603.2670893945817,8.928633098306241,54.142452320823686,653.7649536133:-0.7235890014376818,667.010559082:2.026050095755777,665.1182861328:1.7366076992581418,667.010559082:2.026050095755777,679.3099975586:3.907374325300682,671.7410888672:2.7496327471436817,640.5193481445:-2.02605009577108,655.6571655273:0.2894330605429195,649.98046875:-0.578875457055858
2391,1136.4135742188,79.32,10.19,14.303747205617752,1.4576271289355962,6665931470.793404,0.06259591379026624,0.14719662072938527,84.61518837508798,1096.8462109375,1124.5474971064846,1133.271857979006,6.443067459865233,4.132906387233444,1125.0761030693277,1082.0508500556923,0.0,47.09925177315685,1136.4135742188:0.16194331983980084,1113.4091796875:-2.024297760356641,1112.4892578125:-2.1052473280025903,1112.4892578125:-2.1052473280025903,1105.1278076172:-2.753026478331769,1129.0522460938:-0.6477684086148272,1126.2917480469:-0.8906815618475884,1138.3657226562:0.1717815134988961,1150.5357666016:1.2426983189203766
5380,1133.0578613281,-2.31,-0.04988820215811536,0.0,0.24038404488765056,786853661.4275995,0.030336697734347072,-0.030707686099863855,51.672431700912384,1254.866357421872,1277.936664044418,1313.1446470985559,-35.641326422313796,-53.32962449421953,1189.607812705912,1034.8513791886278,52.21578986068022,34.39392446850913,1133.0578613281:1.0504201680617844,1942.3848876953:71.42856988949859,1694.8260498047:49.57983238544678,1613.8934326172:42.43698293796704,1561.5251464844:37.81512840430561,1427.2720947266:25.96639090025291,1375.8559570312:21.428569889494185,1390.1383056641:22.689083506703383,1431.0806884766:26.302524991899016
6815,4090.0,303.96,5.33,13.455717857612845,0.7168722635285539,31443451222.88943,0.07923604249151416,0.18930922153182275,60.0,4090.3,3925.375,3908.9770142439265,0.3477858667752116,-0.2135475729758102,4094.3824720163498,4080.6175279836502,50.0,36.19047619047619,4090.0:0.0,4090.0:0.0,4090.0:0.0,4090.0:0.0,4090.0:0.0,4090.0:0.0,4090.0:0.0,4090.0:0.0,4090.0:0.0
8836,21.0,-0.55,-2.6031434184675835,0.0,1.0372465818010372,2111834040.5469117,0.26374452686959665,0.19711550043033868,71.42857142857143,20.06,20.548148148148147,21.226455026455024,0.17904320642046656,0.06295354821659205,21.491640786499865,18.808359213500133,25.0,23.80952380952381,21.0:-4.761904761904762,22.0:4.761904761904762,21.0:0.0,21.0:0.0,21.0:0.0,21.0:0.0,21.0:0.0,21.0:0.0,20.0:-4.761904761904762
5214,2287.3354492188,290.97,5.64,7.966255200785647,0.43555915256843597,207188519930.36392,0.6213870584598443,0.4574623616764053,72.72742609024547,2296.319067382808,2346.312094907408,2366.5519377454198,5.931056646169509,0.303302474761202,2353.228819178053,2208.389393712587,29.01212024301316,23.530710525658264,2287.3354492188:-1.3380558835064107,2287.3354492188:0.0,2234.2255859375:-2.3219096831397765,2257.6296386719:-1.298708090981824,2191.9172363281:-4.171588077441307,2204.0754394531:-3.640043693378514,2182.8471679688:-4.568122322665273,2208.6901855469:-3.43829164623667,2187.4619140625:-4.366370275527802
9048,2217.7507324219,47.65,2.44,46.8503335990787,1.1452234336906015,323257637734.11127,0.3003555039197181,0.2137800521616221,52.512563602152085,2176.427153320318,2118.8292109736703,2142.645142006077,-0.08143812105117831,-9.478900492675836,2266.130898778462,2055.843027002798,5.142855442383325,28.529910491877935,2217.7507324219:-0.6613756613748132,2162.9914550781:-2.469135802471363,2125.8334960938:-4.144615307046773,2183.5263671875:-1.5432016201850247,2185.4819335938:-1.4550237029055457,2072.0520019531:-6.569662150880652,2050.5395507812:-7.5396742833265415,2078.8969726562:-6.261017423453377,2060.3178710938:-7.098762679977792
3927,707.0,-5.51,-2.1524936685982228,0.0,2.6844590112762883,3668584369.2691865,0.2955000660169055,0.5158323975113492,55.73770491803278,691.4,738.0814814814814,752.7410182410183,-4.223128026797212,-5.158369757215894,701.2488999958517,663.4511000041483,50.0,27.745519375195364,707.0:2.6874115983026874,715.0:1.1315417256011315,719.0:1.6973125884016973,678.0:-4.101838755304102,652.0:-7.779349363507778,652.0:-7.779349363507778,653.0:-7.637906647807638,657.0:-7.072135785007072,667.0:-5.657708628005658
4412,1115.0,1.4,1.58,808.2142857142858,13.010233413820858,7423756278.026906,0.31420941433882404,0.4605779752336983,60.72874493927125,1120.67,1133.7851851851851,1172.4806176642287,7.493774683538049,-3.446593273204421,1173.8886992858156,1011.3113007141841,39.716312056737586,42.467320861673294,1115.0:-1.4798206278026906,1082.0:-2.9596412556053813,986.0:-11.569506726457398,997.0:-10.582959641255606,879.0:-21.16591928251121,881.0:-20.986547085201792,865.0:-22.421524663677133,864.0:-22.51121076233184,850.0:-23.766816143497756
9715,3075.7036132812,518.11,19.03,5.93639113949007,1.1294238917768107,113579384252.6432,0.43615767861815596,0.41187970272856717,69.47368766706289,3273.957407226574,3338.9428385416704,3364.1250965727204,-46.26794824094986,-77.35812483459813,3291.462453437046,2803.1264869926645,31.66665750396175,42.70348058335225,3075.7036132812:0.0,3075.7036132812:0.0,2991.1804199219:-2.748092923983971,3052.2248535156:-0.7633622324406137,3066.3120117188:-0.30534806805981135,3005.267578125:-2.290078759606421,3089.7907714844:0.45801416438080234,3169.6181640625:3.0534330543348673,3108.5739746094:1.0687103005069305
2590,2266.7194824219,127.1,4.8,18.159792557734068,0.872519084158558,77463116810.68092,0.46050068202591393,0.22937262950429396,88.33341981449003,2276.2623876953144,2358.646227575231,2384.621766742748,7.455919889339839,-4.927747369442434,2313.6842790728474,2163.6749250287126,11.320733336602789,44.921010694951285,2266.7194824219:-1.825993555315285,2347.0654296875:3.5445915513000985,2364.1081542969:4.29645894122479,2376.2819824219:4.8335270795368475,2361.673828125:4.189064700747401,2235.068359375:-1.3963405393719932,2264.5261230469:-0.09676360008413931,2301.2878417969:1.5250391432673034,2340.5002441406:3.254957761243052
6409,2716.0,221.96,12.72,12.25446026311047,1.560509919564893,51454693577.813225,0.08800980700991404,0.008526388858665754,40.90909090909091,2714.88,2646.7426470588234,2615.396070228791,1.3105171459314988,1.6349384148325794,2721.5266596210336,2713.9733403789664,100.0,48.46013913266002,2716.0:-0.14727540500736377,2716.0:0.0,2717.0:0.036818851251840944,2718.0:0.07363770250368189,2720.0:0.14727540500736377,2720.0:0.14727540500736377,2723.0:0.25773195876288657,2723.0:0.25773195876288657,2723.0:0.25773195876288657
4444,845.0,-45.64,-10.887920353125665,0.0,2.053496461556915,1697108043.6607893,0.2117052012827815,0.11287911515055206,60.68702290076336,817.02,747.4592592592593,758.2841052568831,10.127431741231248,7.250127260109359,876.4713139064697,774.9286860935304,57.5,25.36004908341486,845.0:-1.301775147928994,826.0:-2.2485207100591715,800.0:-5.325443786982249,794.0:-6.035502958579881,755.0:-10.650887573964498,794.0:-6.035502958579881,771.0:-8.757396449704142,763.0:-9.70414201183432,852.0:0.8284023668639053
6461,1231.0,250.28,5.8,4.898513664695541,0.2851348459899714,8583984538.5280905,0.5257562239614396,0.33549133230263234,70.83333333333333,1210.94,1252.1470588235295,1264.6909161712472,5.867619066653106,-0.3422184720625123,1233.7451655863447,1160.1548344136554,0.0,22.937006459662907,1231.0:0.4061738424045491,1210.0:-1.7059301380991063,1203.0:-2.274573517465475,1215.0:-1.2997562956945572,1221.0:-0.8123476848090982,1212.0:-1.543460601137287,1221.0:-0.8123476848090982,1272.0:3.3306255077173033,1263.0:2.5995125913891144
8142,1596.2243652344,31.24,1.69,51.97800919081307,0.8767165410208787,16661121145.560778,0.1929641027787066,0.018367112076421225,78.40905700374685,1498.927399902342,1285.0554569950807,1275.836837949352,24.332272306332243,19.412184952402157,1609.3051382127314,1470.8217294630485,1.7647044116192077,22.378830545077346,1596.2243652344:-1.727115716752745,1662.3891601562:4.145081127870386,1664.2269287109:4.26021334829794,1659.6324462891:3.97237897351534,1593.4675292969:-0.1727098018012755,1485.9499511719:-6.908453251576985,1442.7590332031:-9.61427073622975,1472.6109619141:-7.744112044182949,1658.4383544922:3.897571708139168
6462,2315.0,433.4,5.34,5.41301338255653,0.28927678338027196,22368037998.09615,0.5382457099152925,0.22863673753861477,66.28352490421456,2308.18,2350.9338235294117,2369.3985390018474,3.6918678021370397,-10.337550557902663,2340.730423868106,2190.8695761318945,27.205882352941178,28.559571407604967,2315.0:-1.3390928725701945,2280.0:-1.511879049676026,2230.0:-3.6717062634989204,2256.0:-2.548596112311015,2233.0:-3.5421166306695464,2254.0:-2.634989200863931,2266.0:-2.1166306695464363,2411.0:4.146868250539957,2434.0:5.140388768898488
2590,2266.7194824219,127.1,4.8,18.159792557734068,0.872519084158558,77463116810.68092,0.46050068202591393,0.22937262950429396,88.33341981449003,2276.2623876953144,2358.646227575231,2384.621766742748,7.455919889339839,-4.927747369442434,2313.6842790728474,2163.6749250287126,11.320733336602789,44.921010694951285,2266.7194824219:-1.825993555315285,2347.0654296875:3.5445915513000985,2364.1081542969:4.29645894122479,2376.2819824219:4.8335270795368475,2361.673828125:4.189064700747401,2235.068359375:-1.3963405393719932,2264.5261230469:-0.09676360008413931,2301.2878417969:1.5250391432673034,2340.5002441406:3.254957761243052
1826,405.4541320801,22.88,2.44,17.640712325100527,0.43030255972696935,5844799668.771424,0.3601882751428402,0.29269024538878385,79.6874447695539,381.805718383796,400.67730916341554,404.41217992976004,7.011531194410509,6.03633425321906,419.3202935264605,361.4082800819595,7.317174654965666,47.85133499402943,405.4541320801:0.4524886877802397,405.4541320801:0.0,410.0407409668:1.1312275603578947,415.5446166992:2.488687084611224,394.4463500977:-2.7149265752766665,412.7926940918:1.8099610858695634,409.1234436035:0.9049880696924523,433.8909912109:7.0135822725274615,474.2529296875:16.968330611021706
7482,923.7366943359,3.74,0.28,247.73762748016043,0.6830413248721332,25555308128.76599,0.45506362658821864,0.3217779653283544,34.48271199944509,954.9013061523459,932.7108091001134,939.3492520774969,-11.306101037858866,-11.859696750818424,1000.6990550036646,876.7560353283554,40.98369420046976,35.66194476509483,923.7366943359:-0.3033367037469997,901.3204956055:-2.4266870492262513,873.3001098633:-5.460060727463061,873.3001098633:-5.460060727463061,858.3558959961:-7.077860903512559,877.0361328125:-5.055613987162685,856.4878540039:-7.280087577374745,886.3762207031:-4.0444938326997475,914.3966064453:-1.011120154462938
9511,1055.6807861328,36.04,1.23,29.31916800141787,0.3598473020790963,56463280321.92893,0.15757041046663117,0.04517926126920193,80.3030295896103,1009.191544189448,1126.1686292860206,1144.5182737987222,7.426569769819821,-1.376646224080467,1041.8010094918768,960.7517981253035,10.185193036721401,19.658483475815387,1055.6807861328:-0.09302325581746192,1028.1839599609:-2.604653464673462,996.7590942383:-5.581392847959619,986.9387817383:-6.511627880082734,975.1544189453:-7.627908762315026,1001.6692504883:-5.116275331898063,988.9028320312:-6.325582029983033,1038.0041503906:-1.6744299957332331,1038.0041503906:-1.6744299957332331
6462,2315.0,433.4,5.34,5.41301338255653,0.28927678338027196,22368037998.09615,0.5382457099152925,0.22863673753861477,66.28352490421456,2308.18,2350.9338235294117,2369.3985390018474,3.6918678021370397,-10.337550557902663,2340.730423868106,2190.8695761318945,27.205882352941178,28.559571407604967,2315.0:-1.3390928725701945,2280.0:-1.511879049676026,2230.0:-3.6717062634989204,2256.0:-2.548596112311015,2233.0:-3.5421166306695464,2254.0:-2.634989200863931,2266.0:-2.1166306695464363,2411.0:4.146868250539957,2434.0:5.140388768898488
9934,2581.7673339844,220.05,8.73,11.84733226564508,1.029740951789581,139099467249.64017,0.7021386350987703,0.4175252035155155,57.43807239589354,2584.707670898438,2541.589263237846,2550.1910157958555,0.766858229033005,-5.823184024778269,2664.814208889391,2506.266015719979,13.043425401361002,16.168570751808456,2581.7673339844:-0.9775524981893133,2598.5930175781:0.651711847625447,2561.203125:-0.796516739278113,2568.6809082031:-0.5068785869679415,2549.986328125:-1.2309786959134266,2472.4025878906:-4.236041902545074,2497.6403808594:-3.258502500113681,2606.0708007812:0.9413499999356183,2591.1149902344:0.3620642389790374
9241,1087.0,-87.33,-25.30979832182267,0.0,3.240418118466899,916798536.5853659,0.051904783816524934,0.07150655430243068,51.30890052356021,1149.68,1202.9703703703703,1231.1449565249563,-14.340575743664658,-17.514023167298838,1132.9390630127998,1077.5609369872002,31.57894736842105,17.848493453275946,1087.0:-2.667893284268629,1095.0:0.7359705611775529,1110.0:2.1159153633854646,1098.0:1.011959521619135,1070.0:-1.5639374425023,1102.0:1.3799448022079117,1084.0:-0.27598896044158233,1121.0:3.1278748850046,1137.0:4.599816007359705
3911,387.96875,29.47,18.77,13.029846736793349,2.4583199957317543,15326754928.109,0.2465347342723476,0.3070371021901452,55.63380563148109,330.370324096684,314.2141678421674,312.5768934284092,25.27169387255526,29.34036156070999,493.59155055232515,276.97410191349485,69.09090583256727,74.10230667985424,387.96875:1.0256410256496162,412.8385620117:6.410261654244058,419.8020935059:8.205130827134923,385.9791870117:-0.5128152688328655,397.9166870117:2.564107808090211,379.0:-2.3117196939186466,399.0:2.8433346757954086,369.0:-4.889246878775674,373.0:-3.8582360048328637
4889,336.0,-22.33,-11.554226376361571,0.0,1.917523391475107,4220194778.7917295,0.34684586082929136,0.48457780322190785,73.11827956989248,318.82,356.9555555555556,369.42822029822037,5.398141385232748,1.8663846852844546,344.8676004753172,279.0323995246828,14.814814814814815,33.21248497771602,336.0:1.1904761904761905,345.0:2.6785714285714284,331.0:-1.488095238095238,335.0:-0.2976190476190476,390.0:16.071428571428573,347.0:3.273809523809524,347.0:3.273809523809524,382.0:13.690476190476192,383.0:13.988095238095239
6045,930.6968383789,55.71,16.31,16.758036195040386,2.7270847590865808,7128760458.253108,0.1567605228001567,0.30002724613935955,68.8715675444609,820.4213256835959,689.6479727285874,684.598288824813,37.31519064713734,33.900000781713565,984.7164992663934,775.8918991710968,31.36099370844962,39.44534984406624,930.6968383789:-0.3108808290183629,983.7417602539:5.699484481691626,938.4124755859:0.8290172362075694,965.417175293:3.7305742839501157,861.2562255859:-7.4611420098893415,857.3984375:-7.875647348987681,878.616394043:-5.595854867908908,888.260925293:-4.559584962146794,873.794128418:-6.113989820789965
2999,521.5286254883,98.37,11.39,5.400432224819558,0.7613513499706203,3182115170.9859056,-0.11841587702361944,-0.13554822078756504,50.434755522089596,521.489751586918,503.5568818591924,507.5440611113126,-2.8696577718677645,-2.4521230981506137,562.6191590219025,493.74333487459745,19.14890244267015,30.356185072690067,521.5286254883:-1.862197392924856,512.787902832:-1.6759813803348196,519.5862426758:-0.3724403067389396,518.6149902344:-0.5586721632339933,500.1624450684:-4.096837522560747,519.5862426758:-0.3724403067389396,472.9691467285:-9.31099011378991,490.4505615234:-5.9590332047070405,495.3064880371:-5.027938289417689
3672,287.0,-44.85,-84.09867986478609,0.0,5.756609788111757,5342197206.07538,0.3216961326649484,0.4941453790377305,62.65060240963856,288.54,323.14074074074074,331.47345769456876,2.7293914966587067,-1.2168617472016234,303.8193402424581,258.38065975754193,12.727272727272727,17.57698305642197,287.0:-6.968641114982578,275.0:-4.181184668989547,255.0:-11.149825783972126,218.0:-24.041811846689896,196.0:-31.70731707317073,196.0:-31.70731707317073,201.0:-29.965156794425084,213.0:-25.78397212543554,199.0:-30.66202090592334
9562,1966.603515625,177.96,40.62,11.243322515146662,4.567551647709218,1936829168.2462645,0.0,0.0,45.08598609230543,2221.26201660156,2221.26201660156,2602.889357724334,-203.16047879718872,-232.97762408073828,2357.7070769622583,1855.6761871978913,72.05881427102952,0.0,1966.603515625:-1.741996233522064,1916.6052246094:-2.542367621045882,1759.2027587891:-10.546139838969351,1686.0570068359:-14.265534794385864,1384.21484375:-29.613934239811062,1549.9501953125:-21.186442361264913,1601.8004150391:-18.549905849729097,1657.3542480469:-15.725043971551045,1515.6920166016:-22.92843958839854
4591,219.0,-59.95,-35.897208621786966,0.0,1.5517556137041317,7282812724.396031,0.2061721953697642,0.2760078393667388,90.47619047619048,177.52,189.5851851851852,192.63507922119035,17.607278697069063,5.652571574343323,249.37164390083547,113.92835609916455,0.0,32.6357757340648,219.0:-16.43835616438356,263.0:20.091324200913242,210.0:-4.10958904109589,215.0:-1.82648401826484,181.0:-17.35159817351598,188.0:-14.15525114155251,172.0:-21.461187214611872,183.0:-16.43835616438356,202.0:-7.76255707762557
4416,540.0,3.43,1.67,151.0204081632653,2.624645318200243,2428768038.1029587,0.31723326826869436,0.48754759147702914,44.5945945945946,511.7,541.8,553.2515717204606,-1.3895023898487011,-1.506116273096229,520.6017542791056,491.7982457208943,63.265306122448976,14.885127711351018,540.0:4.074074074074074,532.0:-1.4814814814814816,528.0:-2.2222222222222223,500.0:-7.4074074074074066,437.0:-19.074074074074073,458.0:-15.185185185185185,445.0:-17.59259259259259,466.0:-13.703703703703704,464.0:-14.074074074074074
1605,1377.0930175781,153.87,6.41,9.125431755076363,0.5599029368866063,1698566341574.16,0.4099569953148102,0.24138390435670393,46.20060502463151,1353.5886254882798,1355.8703649450222,1370.089049671765,7.565906030721862,11.924471470398087,1468.486076121138,1330.491389699142,54.966845860205424,31.878250890481763,1377.0930175781:-1.963350785341321,1381.5991210938:0.32721852904496884,1313.1049804688:-4.646602393049384,1323.0185546875:-3.926710991948896,1331.1297607422:-3.337701683851087,1263.0751953125:-8.279602090069679,1301.7690429688:-5.469781172935768,1335.8565673828:-2.9944564142676966,1298.0838623047:-5.7373869640522726
9993,1195.7216796875,33.76,1.28,35.92387060973046,0.45910663937966334,13212170868.067951,0.3698193856201022,0.15111401823462706,90.9093644905877,1135.489802246094,1279.414280418114,1302.0737314389157,11.659412996069477,-3.9350045194602528,1188.369356721998,1032.7711217936321,16.778453425030026,32.34285212630069,1195.7216796875:-1.4274385408367614,1229.8580322266:2.8548744343266823,1229.8580322266:2.8548744343266823,1226.0649414062:2.5376525519408615,1231.7545166016:3.013480271054142,1229.8580322266:2.8548744343266823,1197.6180419922:0.1585956278049267,1269.6837158203:6.185556169904844,1302.8719482422:8.96113789479033
4575,1136.0,-88.32,-535.3579786501808,0.0,72.34657039711192,11561994801.444044,0.13935932856886446,0.060729538388318294,77.53479125248509,730.74,616.2148148148148,610.5015861915862,46.05923141183939,23.437754744206963,927.401458681471,621.6985413185289,7.826086956521739,24.353674902996097,1136.0:11.795774647887324,1101.0:-3.080985915492958,1344.0:18.30985915492958,1526.0:34.33098591549296,1164.0:2.464788732394366,1310.0:15.316901408450704,1236.0:8.80281690140845,1532.0:34.859154929577464,2016.0:77.46478873239437
9423,91.9344558716,2.12,11.94,43.36530937339622,5.188174710586908,2191095884.648616,0.18963583854976618,0.2947238787564578,54.54544796141808,93.562453460694,94.74355593081778,95.52576295230001,0.3556321327510972,0.33528349536999436,96.33091320445276,92.13470187735724,50.00008432472668,48.02719815600794,91.9344558716:0.0,91.9344558716:0.0,90.0191497803:-2.0833386929216213,92.8920974731:1.0416568982988144,91.9344558716:0.0,91.9344558716:0.0,93.8497467041:2.083322095444815,92.8920974731:1.0416568982988144,100.5533065796:9.374995072617285
6838,854.9667358398,25.7,2.74,31.849116780062257,0.8839238250640922,4756122738.055585,0.07773488064945984,0.2562907997457926,62.33766779554711,655.093624267582,681.5291562680845,697.4331408852278,25.691167314327004,20.12590470305877,819.0784363077713,543.7463866902889,34.24123818947114,22.400936679355183,854.9667358398:4.26267281105411,863.8315429688:1.0368598867524936,904.2159423828:5.760365225744656,842.1618652344:-1.4977039536891752,763.3631591797:-10.714285459319234,760.408203125:-11.059907801198706,728.888671875:-14.746546114564152,780.1079101562:-8.755758855351155,755.483215332:-11.635952176558224
3174,886.780456543,35.37,4.17,24.936166953240036,1.0413254290323382,2249640927.840589,0.12408983727451675,0.08793129835735554,61.5384489677618,871.38153076171,872.143444824217,873.3275509446329,2.821516042645385,2.0861818792040725,885.6373408762258,866.0892765553838,43.74973651634095,43.94063369642019,886.780456543:0.5399568034647803,895.3992919922:0.9719243794342759,892.5263671875:0.6479518805477156,890.6110839844:0.43197021462710256,901.1452026367:1.6198762599819914,904.975769043:2.0518395918344994,879.1193237305:-0.8639266636937337,884.8651733398:-0.21598166593189472,881.0346069336:-0.6479449977731206
6694,1019.3877563477,199.56,14.63,5.094862669580577,0.7454256681585236,4193547890.19042,0.32199772229864343,0.3334762193387143,80.00002584329842,945.0282495117141,953.2589251482926,966.4909293979559,20.408468617362246,9.262585219186832,1028.0527977992087,884.871298880471,11.27813833748338,24.551625421022337,1019.3877563477:0.2606429192086344,1020.2733764648:0.08687764901875941,979.5333862305:-3.909637904617543,1015.8451538086:-0.3475225709785434,1015.8451538086:-0.3475225709785434,989.6429443359:-2.9179094830774543,964.647277832:-5.369936824808082,972.0534057617:-4.6434097615211005,1034.0797119141:1.4412528966444405
9193,421.9305419922,-19.4,-0.972239977518226,0.0,0.20838542500958493,4135493988.9540415,0.1743055895582283,0.20181965523478124,39.28565159771469,433.647730712894,455.95130479600743,460.9788883123129,-4.009638280085937,-4.442628729933502,430.34567426900935,417.05479264996075,76.92292881227763,67.2605790359838,421.9305419922:-0.22075055188046483,429.3818664551:1.7660073688236946,429.3818664551:1.7660073688236946,425.6561889648:0.8830000679753705,425.6561889648:0.8830000679753705,430.3132629395:1.9867537694047712,425.6561889648:0.8830000679753705,442.421661377:4.856514839634155,449.8729553223:6.622514975608608
8511,986.8466796875,56.61,3.75,17.92034563294648,0.6566068829407387,85174388248.18968,0.5876131730775419,0.4152869856891757,89.79590146255,822.07168945312,798.646664315683,800.8073155980338,44.317952593477,35.000197196516815,995.6477243828156,780.6641042304643,4.142009692701694,89.0669890599365,986.8466796875:-2.7992277992309447,981.1314086914:-0.5791447763607849,1015.4233398438:2.8957548061416443,1039.2371826172:5.30887968800688,1082.1022949219:9.652524266947339,1049.7153320312:6.370660573495397,1079.2445068359:9.362936416593017,1098.2956542969:11.29344374393518,973.5109863281:-1.351343996376718
3173,679.4231567383,129.29,13.35,5.2979307620225855,0.7073719374819535,4590843874.257878,0.4165739203236373,0.3233319787142474,65.45451707902762,665.211350097654,659.0740107783496,660.6574625257457,3.8313588751199177,3.181238445336967,681.8974894298387,662.8056172596014,0.0,12.66073903315624,679.4231567383:-0.8163265306154879,683.1206665039:0.544213091492287,670.1792602539:-1.360550695501327,670.1792602539:-1.360550695501327,672.0280151367:-1.0884441497551836,679.4231567383:0.0,678.4987182617:-0.13606225625837648,683.1206665039:0.544213091492287,703.4571533203:3.5374120448557798
7727,476.1593017578,12.77,2.18,41.34833481696163,0.8998725831460369,8457846616.889445,0.1702503595144933,0.15083637820535253,76.5486625541595,434.94376770019596,404.1740017361111,407.20023076625773,23.687114969061497,14.68198715522147,537.8577981682978,377.1223623541721,4.861110851354445,35.529163219061275,476.1593017578:-10.891089108908822,471.4448547363:-0.9900986926215769,448.8154907227:-5.7425762626408785,463.9017028809:-2.5742642917295866,443.1581420898:-6.93069725744561,422.4145507812:-11.287136632256207,407.3283691406:-14.455442194051916,404.4996948242:-15.049502691443776,434.6721191406:-8.712878749621193
6668,1708.9547119141,253.46,23.77,6.9947731173857814,1.6626140072328457,14496331529.06318,0.6257149924689724,0.4956344581825169,68.42105571131592,1510.1579541015599,1694.466708260994,1734.32168969207,74.05723262097354,64.95388064384507,1875.6063843521065,1379.9330321517937,24.07414356199448,46.50243322297818,1708.9547119141:-3.7414965986362567,1727.3618164062:1.0770972667545555,1893.9946289062:10.827666508777614,1747.7065429688:2.267575072910876,1503.5700683594:-12.018144314933934,1611.1064453125:-5.725620808991826,1607.2312011719:-5.9523818877719386,1541.3531494141:-9.80725594022789,1519.0708007812:-11.111114285774267
9749,3993.8459472656,145.73,7.3,27.47247192752762,2.0076439874426324,267169231272.91574,0.5261086400554434,0.44215382568659073,52.38095726415642,3942.7326318359283,3823.2128779658474,3825.5066767032895,21.61037238069548,14.91318883117319,4050.2749489696957,3869.8813254443344,39.47364786607569,15.135393879248769,3993.8459472656:-0.24330900243292622,3882.0961914062:-2.7980487313465323,3653.7377929688:-8.515805536506889,3765.4877929688:-5.71775069224055,3673.1723632812:-8.02919261830693,3669.5498046875:-8.119896131700584,3733.3256835938:-6.523042378491489,3806.9128417969:-4.680528691816076,3689.1733398438:-7.6285518130812
5759,2639.0,117.22,14.74,22.692373315133935,3.350758959501165,18695385375.070858,0.028010138341827643,0.1972599499857616,32.42320819112628,2692.4,2819.926470588235,2900.4396047171786,-18.358959188521567,-1.7998964111324414,2957.1524117793815,2551.8475882206185,83.04347826086956,15.3061082529345,2639.0:-0.7957559681697612,2540.0:-3.751420992800303,2410.0:-8.67752936718454,2201.0:-16.597195907540733,1754.0:-33.535430087154225,1560.0:-40.88669950738916,1674.0:-36.56688139446761,1669.0:-36.75634710117468,1607.0:-39.10572186434255
3475,698.375793457,99.58,24.92,7.0781505923779875,1.7659465236614635,20250672123.76705,0.29267182258488694,0.26760752648534686,81.95486774059836,676.446330566404,598.257661946614,595.8977562661465,8.656888411583736,1.521873530139216,726.8259284317238,621.288292759656,4.807693421406006,37.084914289524534,698.375793457:-0.9259259259245964,706.6897583008:1.1904715085620914,692.8331298828:-0.7936505855627514,822.1620483398:17.724877643603737,790.7535400391:13.22751267262929,705.7659912109:1.058197867557536,715.9276123047:2.5132341372855316,736.2506713867:5.423280457963355,745.4884643555:6.746034347108399
9279,1953.7928466797,77.24,28.32,25.390905970475142,7.193872706182598,38142200843.08839,0.1819393777615935,0.2953026687760305,63.21838655516349,1706.2933813476543,1388.4835706922747,1367.1930161537434,61.701073336761965,53.95099563883601,1959.2168819261108,1656.0398075269989,1.7699116031744,39.47478754714401,1953.7928466797:-0.37878787878545045,1901.9875488281:-2.6515245943109367,1855.1162109375:-5.050516788916098,1995.7303466797:2.1464660427674875,2158.5463867188:10.479797814136782,2087.005859375:6.818174860333011,2119.0759277344:8.459601095151113,2084.5388183594:6.691905536551193,2032.7340087891:4.0404059336973015
3475,698.375793457,99.58,24.92,7.0781505923779875,1.7659465236614635,20250672123.76705,0.29267182258488694,0.26760752648534686,81.95486774059836,676.446330566404,598.257661946614,595.8977562661465,8.656888411583736,1.521873530139216,726.8259284317238,621.288292759656,4.807693421406006,37.084914289524534,698.375793457:-0.9259259259245964,706.6897583008:1.1904715085620914,692.8331298828:-0.7936505855627514,822.1620483398:17.724877643603737,790.7535400391:13.22751267262929,705.7659912109:1.058197867557536,715.9276123047:2.5132341372855316,736.2506713867:5.423280457963355,745.4884643555:6.746034347108399
7501,892.828125,-3.9,-0.21576379288908076,0.0,0.41707714340928553,1868463477.6821146,0.03034299538976056,0.07357449866816755,49.41177948809695,727.688945312504,717.3210137261333,721.2624638542253,6.015067211500536,6.441283716003429,762.4235446024143,729.0560635518857,51.28200857929742,18.271162698837433,892.828125:15.451577801953768,748.125:-16.207276736493938,728.4375:-18.412348401323044,720.5625:-19.294377067254686,706.78125:-20.83792723263506,742.21875:-16.868798235942666,888.890625:-0.4410143329658214,792.421875:-11.245865490628445,735.328125:-17.640573318632853
8255,824.0390625,76.75,9.55,10.969396493899675,1.047753264852339,76116131431.72787,0.5425387917178182,0.38243126782529496,78.63247488822952,800.9794030761759,779.2213889793127,781.014685736629,9.129503752885853,3.013023014807499,849.812871036181,761.1119702724292,11.538519848751516,31.8617476835529,824.0390625:-2.1676300578044563,803.7953491211:-2.456644872815116,796.6504516602:-3.323702975524899,803.7953491211:-2.456644872815116,816.8941650391:-0.8670581027097831,784.7423095703:-4.768797344446278,787.1240234375:-4.479768101102611,824.0390625:0.0,818.0849609375:-0.7225508878712894
8101,1371.6147460938,132.91,6.68,10.45877090254759,0.6950515213592272,15398171404.19232,0.3596266193856572,0.39433866573616055,58.823557572632694,1332.5523364257822,1304.0083116319438,1305.7338913333722,11.3187607934492,2.080550370184196,1390.2065650223867,1272.9966454268233,2.7522921770713933,10.630082353152341,1371.6147460938:-1.345895020185031,1344.8470458984:-1.951546545531925,1342.0778808594:-2.1534374224626545,1346.6931152344:-1.8169555941545488,1331.0017089844:-2.960965331195311,1354.0772705078:-1.2786006884181385,1371.6147460938:0.0,1400.228515625:2.0861374968947133,1453.7639160156:5.989230587943975
9504,717.9724731445,-110.21,-6.839569419777819,0.0,0.42354454029247696,245875652986.0484,0.15796479964733975,-0.07822690842043549,82.90603518595634,689.851104736326,778.1943811487274,793.4087582674438,9.84359266796639,1.8091532014870382,729.6782106067577,641.2155943248821,2.352940879237602,58.16200260255234,717.9724731445:0.8053691275064038,663.0403442383:-7.651007658498946,626.4189453125:-12.751676597157482,623.5277709961:-13.154362553032298,622.5640258789:-13.288594038673956,643.7659912109:-10.335560861908576,640.8748168945:-10.738246817783393,664.0040893555:-7.516776172857289,660.1491699219:-8.053693614373762
9507,744.3276367188,-30.44,-2.048058400081111,0.0,0.48182192180600025,147318498057.95,0.279868654597577,-0.011798906587744091,76.99111007747479,687.0450988769501,733.3431866681155,743.4589201796695,9.892067954159984,4.161621754588676,732.0545686731782,647.0617460240817,12.16215221475246,45.419181439656874,744.3276367188:1.5463917525809248,703.0827026367:-5.5412337319515625,682.9397583008:-8.247426991776711,705.0010375977:-5.283506507223407,711.7153320312:-4.381444820638934,694.4500732422:-6.701022643264191,679.1030883789:-8.76288144121958,695.4092407227:-6.572159030900113,700.205078125:-5.927840969106607
3963,491.9143371582,12.78,11.83,40.27581228625978,4.770388146602409,13692798105.915743,0.36009628053598247,0.4039637756586802,62.76151053188419,486.59847717284595,413.792806780777,412.59551287121377,13.548056289476676,7.23700551928879,566.0350326751566,426.02524869690353,31.97673016084939,21.62347911134858,491.9143371582:-4.637096774201986,468.1120300293:-4.838709777480049,459.1861572266:-6.653227494988538,446.2932434082:-9.274194774145855,425.466217041:-13.508067380404537,455.2191162109:-7.459677056637365,447.2850036621:-9.072582383738732,439.3508911133:-10.685487710840098,483.9802246094:-1.6129053271013671
2831,2896.7746582031,213.64,5.76,13.48611866117862,0.7762098120274796,23947221491.56955,-0.001444038642845934,-0.09942273637529234,56.41023007000506,2952.1260644531326,2948.0762749566047,2958.128512962343,-4.456708197872558,-6.195410586661987,2975.077106385342,2910.1238213490674,11.364562759664125,21.11886345573387,2896.7746582031:0.5385392123865369,2894.8244628906:-0.06732298996670065,2894.8244628906:-0.06732298996670065,2891.8996582031:-0.16829061888521263,2907.4997558594:0.3702427327555024,2897.7495117188:0.03365306697017107,2916.2751464844:0.6731793315741164,2925.0500488281:0.9760990743594645,2903.5998535156:0.2356136088519133
3536,125.2361068726,8.51,11.85,14.94809976827262,1.7709637898928023,3867947845.7945504,0.19050018021275572,0.14494010650962372,58.33335213831226,129.180554199218,124.36837192111705,125.59401097660019,0.33475242828680507,-0.07028569743657011,132.41480908735304,121.31157717361695,49.99998300343956,35.35233164787977,125.2361068726:-1.5748031495471901,124.25:-0.7873982170358821,124.25:-0.7873982170358821,129.180557251:3.1496111440230337,125.2361068726:0.0,129.180557251:3.1496111440230337,126.2222213745:0.7874043089690927,123.263885498:-1.574802526084837,125.2361068726:0.0
9508,720.464050293,14.54,1.06,49.81652776136177,0.5304559635370454,335771728991.4237,0.24306968025317238,0.0012111892124400502,74.35900962965721,718.781307373042,784.6126971209467,797.7063278210425,0.8733651166345453,-4.0975105140692545,724.2087855508161,684.6126438925438,18.181814583458433,33.55478875788624,720.464050293:-0.5369127516670494,678.8801879883:-5.771816413017219,686.6166992188:-4.697993058839629,679.8472290039:-5.637591670615886,697.2544555664:-3.2214785341698984,691.4520263672:-4.0268524035309365,682.7484130859:-5.234908971760873,697.2544555664:-3.2214785341698984,705.9580078125:-2.0134304375909755
4480,4075.0,17.78,4.03,227.22159730033744,9.214697899322582,128710900257.73784,0.5071882948655402,0.6724631295868062,74.82517482517483,3228.04,3009.0592592592593,2996.181672956673,201.76504560770718,171.14234735035268,4091.4584607406687,3210.0415392593313,15.168539325842696,40.01279683014961,4075.0:0.8588957055214724,4180.0:2.5766871165644174,4115.0:0.98159509202454,4325.0:6.134969325153374,4125.0:1.2269938650306749,4190.0:2.8220858895705523,4320.0:6.012269938650307,4515.0:10.797546012269938,4415.0:8.343558282208589
