Code,target_close,Stock Price,EPS,ROE,ROA,BPS,PER,PBR,Market Capitalization,Outstanding Shares,CloseMean,CloseMax,CloseMin,CloseChangeMean,VolumeSum,NikkeiCorr,MothersCorr,RSI,MovingAverage50,MovingAverage200,ATR,GapMean,CandleSizeMean,High-LowRangeMean,MACD,Signal,UpperBand,LowerBand,PercentR,ADX,ChangeRate_0,ChangeRate_3,ChangeRate_7,ChangeRate_14,ChangeRate_21,ChangeRate_28,ChangeRate_35,ChangeRate_42,ChangeRate_49
9927,578.030456543,558.5489532809,30.21,10.26,6.09,293.03,18.48887630853691,1.9061152553694165,5068545357.207049,9074487.253864793,462.36451167353704,606.7775268555,326.6715393066,0.4517571296039799,1296400.0,0.25115522551279124,0.1408428111563938,44.364155572823236,567.6149554443381,462.36451167353704,457.3093928829345,0.8847169420111934,0.8746436822222227,14.474738665711858,2.684616582057629,5.60868172672886,611.4520660166777,550.4770050282623,75.32467116967183,21.520534838797907,578.030456543:3.370324702025582,583.7323608398:0.9864366543764981,583.0195922852:0.8631267930133472,590.8597412109:2.2194824723644286,582.7819824219:0.8220199861642633,593.9482421875:2.7537970472522764,591.3348999023:2.3016855268958034,567.8145141602:-1.7673709520252632,564.4884033203:-2.342792333762195
7352,356.0689086914,354.5707225398,3.23,18.39,5.36,17.49,109.77421750458204,20.27276858432247,14851080172.437023,41884676.95826187,268.6007796676067,376.044708252,217.9250640869,0.38328386534512854,4060800.0,0.1610991789014043,0.18764513618180348,73.45133700502335,302.004372253418,268.6007796676067,267.82675449859164,1.8167954888768645,-0.9201411447511099,10.081943590280744,16.679569876205107,13.914962081154385,377.0157307410188,272.7975566124913,41.279081762277464,39.24047898617711,356.0689086914:0.42075736326039825,384.0350341797:7.854132951702858,382.0375061035:7.293138147764151,565.315612793:58.7657891475583,489.4075012207:37.447412361651246,451.4534301758:26.788219683361476,439.9673461914:23.56241599648163,447.9576721191:25.8064552070562,431.9770202637:21.31837678590706
3498,5134.2626953125,5114.5534335263,132.85,11.07,3.35,1142.7,38.49870857001355,4.4758496836670165,41259407353.62012,8067059.595694408,3038.9603795934627,5325.1782226562,1858.6246337891,0.8158265912635182,37046100.0,0.2997339043048044,0.43014993113143496,70.61994189554511,4184.040595703128,3038.9603795934627,2965.056742515396,10.401420546631332,13.531262179480752,158.24498620281182,258.70863833737076,217.37588754489423,5230.548256326503,4056.1506694547465,29.629624167079733,19.065056090470865,5134.2626953125:0.3838771593084665,5006.1528320312:-2.495194945873383,4897.7514648438:-4.6065276458220765,5035.716796875:-1.9193778013631992,4138.9453125:-19.385789973723178,4370.5288085938:-14.875239777192876,4311.4008789062:-16.026874066213242,3961.5615234375:-22.840692840778434,4217.7822265625:-17.850283928532367
9248,2001.4063720703,2014.3425166728,261.95,11.82,6.97,2242.22,7.689797734960107,0.8983697035405982,17616131516.727592,8745350.59004023,2295.9344572844275,2543.2561035156,1888.1610107422,0.05248212357352103,2290400.0,0.36465297249246476,0.2301513617325639,28.197637635911263,2349.925622558592,2295.9344572844275,2321.116430517103,-1.489902342400749,1.301831640620744,57.670765902177045,-124.15544552817664,-88.65227790265413,2800.7906900845032,1752.9108357944074,77.15877871579562,45.978470172875824,2001.4063720703:-0.6463527239157617,1924.7135009766:-3.831948981673679,1798.1240234375:-10.156975188528062,1739.9113769531:-13.065562234954998,1623.4860839844:-18.88273632780387,1464.5562744141:-26.823642871730748,1312.0946044922:-34.44136968870846,1349.0550537109:-32.594645818209976,1289.9184570312:-35.54939791178544
3452,504.8359985352,504.8359985352,53.64,9.01,1.95,542.56,9.411558511096198,0.9304703600250664,9847167820.145279,19505676.79150693,465.2474853515644,517.0638427734,419.2409973145,0.14739023052107644,8271300.0,0.46471352739935684,0.30483388235283304,68.42108812048998,481.498245239258,465.2474853515644,466.6917408497625,0.899490665670898,-0.32995819550296546,9.148251944391852,3.2455832421230184,2.5839107522470006,498.4449946090597,477.1636418655503,9.677428488952517,10.538953497128267,504.8359985352:0.0,498.7220458984:-1.2110769942198836,496.1018066406:-1.730104810263651,523.1777954102:3.6332188925154685,494.3549499512:-2.076129399331892,476.185333252:-5.675242131371563,478.9012145996:-5.137269135095504,480.7117919922:-4.778622485915678,489.7647705078:-2.9853711048993614
9973,21.0,20.0,-4.31,-90.46479541555644,-9.995799162542726,4.19,0.0,4.77326968973747,3269331742.243437,163466587.11217183,27.585185185185185,35.0,21.0,-0.12234657633945284,153345900.0,0.1031843981141091,0.15719784229968606,20.0,25.02,27.585185185185185,28.81058862947752,0.07462686567164178,-0.11851851851851852,1.614814814814815,-1.2468149718853638,-1.0925817699640528,25.813564212655205,20.086435787344794,75.0,97.14285714285714,21.0:4.761904761904762,19.0:-9.523809523809524,19.0:-9.523809523809524,18.0:-14.285714285714285,17.0:-19.047619047619047,19.0:-9.523809523809524,19.0:-9.523809523809524,18.0:-14.285714285714285,19.0:-9.523809523809524
3435,868.8451538086,866.0026941996,136.15,7.54,5.56,1806.23,6.3606514447271385,0.4794531672043981,6694553272.186119,7730406.980284902,869.5540206344014,934.2217407227,847.0529785156,-0.05298828365887657,352200.0,0.14614999908874535,0.004386518710334364,66.66671779238867,857.4753247070279,869.5540206344015,875.995745861637,0.7919288790820938,-1.1720759524518556,7.832555429306659,1.5880793343242203,0.38575791483368144,865.8998937031303,849.7139795878796,25.000044730707152,25.76148714973095,868.8451538086:0.32715376227168025,868.8451538086:0.0,871.6876220703:0.3271547581568448,869.7926635742:0.1090539276701448,867.897644043:-0.1090539276701448,859.3702392578:-1.0905182021521937,860.3177490234:-0.981464274482049,887.794921875:2.181029379439283,905.7971191406:4.252997806343318
4320,497.6038208008,509.9020140905,39.13,10.45,5.39,373.59,13.030974037579862,1.3648706177641265,7663116583.649547,15028606.226076717,440.98527492946886,515.578125,370.023651123,0.19483152854896207,7392100.0,0.4225585086319181,0.34778522674406886,79.66102806973352,454.80223999022803,440.98527492946886,442.49017012955613,1.1281812547723877,-0.410743948832592,9.36330736378667,14.510020732927842,9.248690491467734,511.92348367923717,431.63175924067275,12.500000477421375,28.57466680223621,497.6038208008:-2.471482889723068,496.6578063965:-0.19011397516553805,524.0922241211:5.32319130461496,551.5266723633:10.836502717306569,505.1719665527:1.5209179342153092,473.9534606934:-4.752849379118346,472.0614318848:-5.1330773294494225,480.5755615234:-3.4220515529796853,491.927734375:-1.1406838509932282
7860,1443.5736083984,1457.5707668509,20.75,1.59,0.94,1285.17,70.24437430606747,1.1341462739177697,62693337729.626465,43012208.50159901,1360.7742006655076,1593.8098144531,967.346496582,0.20670667892918176,36213400.0,0.26084794248342413,0.26492736872715883,35.32765146714928,1483.3350048828102,1360.7742006655074,1359.7448519599216,0.14280049570745904,1.8787789131888917,34.904142661179264,-14.41481257498367,-10.002527089264774,1598.0798133162439,1388.0740929337458,58.974322144900306,37.26041259836291,1443.5736083984:-0.9696186166793066,1430.5095214844:-0.9049823880123558,1506.0943603516:4.330970834425607,1480.8994140625:2.5856530936106426,1550.8851318359:7.4337410169585185,1538.7543945312:6.593414120281689,1551.8184814453:7.498396508300975,1609.6733398438:11.506149078860101,1655.3973388672:14.673566296616622
5334,2461.431640625,2467.8297176708,296.03,11.7,7.31,2530.01,8.336417652504139,0.9754229104512631,501676585034.56226,203286548.27451274,2366.668683991607,2636.6945800781,2046.6275634766,0.1415652179781636,171654500.0,0.5144850526309167,0.25716699807681037,46.00555206013841,2470.4385449218717,2366.6686839916065,2373.471264395272,4.359081888448481,-1.1235454514496033,45.17262916198965,-12.722354402526435,-18.07527247400718,2525.782215210159,2340.576793578911,38.16411686999939,15.619405268732859,2461.431640625:-0.2599331600440296,2408.4189453125:-2.1537342105116988,2329.8139648438:-5.347200125687016,2394.708984375:-2.7107255447914027,2268.5754394531:-7.835123185583594,2228.3586425781:-9.469001462405787,2242.0690917969:-8.91199029083741,2333.4699707031:-5.198668441972589,2382.8266601562:-3.193465915179382
5334,2461.431640625,2467.8297176708,296.03,11.7,7.31,2530.01,8.336417652504139,0.9754229104512631,501676585034.56226,203286548.27451274,2366.668683991607,2636.6945800781,2046.6275634766,0.1415652179781636,171654500.0,0.5144850526309167,0.25716699807681037,46.00555206013841,2470.4385449218717,2366.6686839916065,2373.471264395272,4.359081888448481,-1.1235454514496033,45.17262916198965,-12.722354402526435,-18.07527247400718,2525.782215210159,2340.576793578911,38.16411686999939,15.619405268732859,2461.431640625:-0.2599331600440296,2408.4189453125:-2.1537342105116988,2329.8139648438:-5.347200125687016,2394.708984375:-2.7107255447914027,2268.5754394531:-7.835123185583594,2228.3586425781:-9.469001462405787,2242.0690917969:-8.91199029083741,2333.4699707031:-5.198668441972589,2382.8266601562:-3.193465915179382
3350,490.0,490.0,-128.94,0.0,-5.631576611525483,-66.61,0.0,0.0,2305758594.8055844,4705629.78531752,523.4074074074074,660.0,420.0,0.05273346646836819,7312600.0,0.14266345294554122,0.312172655230793,50.0,511.2,523.4074074074074,545.7871250149027,2.08955223880597,-2.3703703703703702,32.888888888888886,-5.8367647092038055,-7.1259728130878175,502.8909164503245,462.1090835496755,66.66666666666667,40.95238095238095,490.0:0.0,540.0:10.204081632653061,520.0:6.122448979591836,510.0:4.081632653061225,470.0:-4.081632653061225,460.0:-6.122448979591836,410.0:-16.3265306122449,360.0:-26.53061224489796,340.0:-30.612244897959183
4837,564.0,555.0,102.54,35.96,12.33,285.16,5.412521942656524,1.9462757750035067,21607553654.08893,38932529.10646654,548.0147058823529,688.0,365.0,0.39940943402320794,81762500.0,0.08251756283543865,0.05834857403324775,46.76258992805756,568.52,548.0147058823529,553.7298935337539,-0.05185185185185185,1.4779411764705883,25.852941176470587,-1.104362479703127,-1.3096856442189768,588.3499706415967,539.0500293584034,48.07692307692308,17.026377191660753,564.0:1.5957446808510638,589.0:4.432624113475177,587.0:4.078014184397164,568.0:0.7092198581560284,523.0:-7.2695035460992905,590.0:4.609929078014184,609.0:7.9787234042553195,633.0:12.23404255319149,676.0:19.858156028368796
9446,503.9988098145,521.5051670109,51.45,14.8,2.28,347.5,10.136154849580175,1.5007342935565466,4841385339.090649,9283484.89208633,514.7404703776132,545.065246582,484.1968688965,-0.03217830945264946,355100.0,0.10870137037813173,0.024068182565488684,72.83949802666662,502.492713623058,514.7404703776133,518.99200240328,-0.4963467092171683,0.29894855000000425,5.781900873464445,3.3221570106460945,-0.38732420622589026,516.4118538879837,476.0090231872463,7.500005942786005,35.250455635368674,503.9988098145:-3.473491773292736,503.9988098145:0.0,506.763092041:0.5484699909345786,510.4485778809:1.2797189082200167,495.7064208984:-1.6453191465178467,490.1780700684:-2.7422167427710424,492.0208435059:-2.3765862290445825,499.3919677734:-0.9140581190649268,502.1561279297:-0.3656123484653121
9211,1231.25,1270.0,39.28,31.910520559655055,15.292205249513543,116.46,32.33197556008147,10.905031770565001,5204906233.900052,4098351.365275631,850.3888888888889,1400.0,675.0,0.6061328584456048,5348000.0,0.3460512025882955,0.3566367021783613,71.53392330383481,972.75,850.3888888888889,851.9246058571058,6.220149253731344,-1.8981481481481481,46.303703703703704,103.22410385034232,68.60074778653996,1382.0799734807592,730.1700265192409,28.571428571428573,58.12521546060285,1231.25:-3.1472081218274113,1250.0:1.5228426395939088,1162.0:-5.624365482233502,1257.5:2.131979695431472,1127.5:-8.426395939086294,1295.5:5.218274111675127,1099.5:-10.700507614213198,1042.5:-15.32994923857868,1007.0:-18.213197969543145
4593,293.0,287.0,-93.36,-56.83528186132655,-20.48308372616912,156.65,0.0,1.832109798914778,15827596552.824768,55148420.0446856,358.2148148148148,805.0,265.0,-0.6565869168198136,141248600.0,0.2917136367779199,0.4229883728068799,52.5,292.92,358.2148148148148,391.91740068573404,-2.3358208955223883,-1.4074074074074074,16.918518518518518,-4.967318863640912,-4.777430688877734,308.7508820598013,263.8491179401987,66.66666666666667,26.9210633047209,293.0:2.04778156996587,286.0:-2.3890784982935154,291.0:-0.6825938566552902,287.0:-2.04778156996587,255.0:-12.969283276450511,269.0:-8.19112627986348,277.0:-5.460750853242321,311.0:6.143344709897611,310.0:5.802047781569966
4972,1631.2218017578,1635.842826692,247.48,7.2,4.48,3435.67,6.61000010785518,0.4761350265572654,12571588797.687393,7685083.549933491,1726.7229175708867,1848.4099121094,1535.1043701172,0.0505527419097129,536900.0,0.009295960069803766,-0.050059288504466046,28.346439222912366,1724.9730908203082,1726.7229175708867,1741.5826387176087,0.23449987127612837,-0.047921683394824194,29.86208881465778,-29.81740381751706,-26.418480795398942,1809.270307909191,1569.622990430629,58.44150819096746,48.01201713247072,1631.2218017578:-0.2832861189827416,1623.828125:-0.4532600502171188,1625.6765136719:-0.33994690850284104,1617.3586425781:-0.8498635295801653,1581.3145751953:-3.059499726445546,1605.3439941406:-1.5864064340799118,1600.7230224609:-1.8696892883625398,1609.0408935547:-1.3597726672852155,1580.3905029297:-3.116148813933478
7082,1929.0,2033.0,65.25,37.46,23.08,179.12,31.157088122605366,11.349933005806163,11011920650.960249,5416586.645824028,1789.4962962962964,2618.0,1294.0,0.2469408582502755,14405100.0,0.3510819286303221,0.5035517994472307,50.89285714285714,1984.44,1789.4962962962964,1806.3861106588888,3.5,-1.0518518518518518,79.91851851851852,22.58696755295182,27.9722529550642,2132.429851278609,1950.6701487213907,80.07246376811594,29.164442034988124,1929.0:-5.391394504924832,1905.0:-1.244167962674961,1924.0:-0.2592016588906169,1827.0:-5.287713841368585,1595.0:-17.31467081389321,1622.0:-15.914981855883878,1795.0:-6.946604458268533,1724.0:-10.627268014515293,1782.0:-7.620528771384137
7081,666.7378540039,670.3009153479,141.69,21.24,9.99,666.91,4.730756689589244,1.0050845171730818,7227714530.753724,10782790.781364802,658.2340526439541,754.0617675781,550.4428100586,0.12678869706083049,1712200.0,0.26065290251469225,0.24912388170645763,32.36074049845418,708.1915734863301,658.2340526439541,659.6203222362165,-0.7280454825641812,1.4055267858037057,12.603332190737778,-6.502808260095094,-1.689773202911683,772.7112013277301,665.5106492582197,73.43744254519336,37.57058835416881,666.7378540039:-0.5344021376022107,676.5362548828:1.469603206126449,675.2001342773:1.2692065138618158,683.2169799805:2.4716049760245986,676.981628418:1.5364021035529951,696.2962646484:4.433288205701171,698.1909179688:4.717455860053215,707.6643066406:6.138312440328399,716.6640625:7.488131684181826
7721,1150.8342285156,1152.7603109064,91.04,4.54,2.67,2004.99,12.662129952838312,0.5749456660164889,17655431512.03434,15315787.111157661,1234.1908139829256,1538.9398193359,1049.7149658203,0.07566307541294555,20888900.0,0.3095846083211806,0.08422899405590653,29.844965810531733,1192.090935058592,1234.1908139829259,1248.085977400002,1.4876833554753712,-0.998709526289627,33.10008317644372,-25.96983173460103,-21.717129795893136,1307.0519736047524,1049.1246377233676,64.86489145291688,41.16580524943042,1150.8342285156:-0.1673640167345734,1152.7603759766:0.1673696709112018,1117.1278076172:-2.92886847325319,1227.8775634766:6.694564086816755,1261.583984375:9.623432560069945,1210.5428466797:5.188290084238718,1256.7687988281:9.205024293476166,1243.2862548828:8.033479025597716,1232.6927490234:7.11297235340184
2164,402.0,405.0,4.43,4.87,0.66,83.84,91.42212189616254,4.830629770992366,839196326.3358779,2072089.6946564885,423.0,710.0,389.0,0.1187102278848185,5639000.0,0.06118621004035529,0.011507136171714895,50.0,418.62,423.0,431.2424274285385,0.8432835820895522,-0.8296296296296296,15.2,-3.6934034799218125,-5.113274719273486,407.49883885068385,399.00116114931615,95.34883720930233,65.82710276473121,402.0:-0.7462686567164178,406.0:0.9950248756218906,409.0:1.7412935323383085,414.0:2.9850746268656714,395.0:-1.7412935323383085,388.0:-3.482587064676617,389.0:-3.233830845771144,419.0:4.228855721393035,413.0:2.736318407960199
2164,402.0,405.0,4.43,4.87,0.66,83.84,91.42212189616254,4.830629770992366,839196326.3358779,2072089.6946564885,423.0,710.0,389.0,0.1187102278848185,5639000.0,0.06118621004035529,0.011507136171714895,50.0,418.62,423.0,431.2424274285385,0.8432835820895522,-0.8296296296296296,15.2,-3.6934034799218125,-5.113274719273486,407.49883885068385,399.00116114931615,95.34883720930233,65.82710276473121,402.0:-0.7462686567164178,406.0:0.9950248756218906,409.0:1.7412935323383085,414.0:2.9850746268656714,395.0:-1.7412935323383085,388.0:-3.482587064676617,389.0:-3.233830845771144,419.0:4.228855721393035,413.0:2.736318407960199
9248,2001.4063720703,2014.3425166728,261.95,11.82,6.97,2242.22,7.689797734960107,0.8983697035405982,17616131516.727592,8745350.59004023,2295.9344572844275,2543.2561035156,1888.1610107422,0.05248212357352103,2290400.0,0.36465297249246476,0.2301513617325639,28.197637635911263,2349.925622558592,2295.9344572844275,2321.116430517103,-1.489902342400749,1.301831640620744,57.670765902177045,-124.15544552817664,-88.65227790265413,2800.7906900845032,1752.9108357944074,77.15877871579562,45.978470172875824,2001.4063720703:-0.6463527239157617,1924.7135009766:-3.831948981673679,1798.1240234375:-10.156975188528062,1739.9113769531:-13.065562234954998,1623.4860839844:-18.88273632780387,1464.5562744141:-26.823642871730748,1312.0946044922:-34.44136968870846,1349.0550537109:-32.594645818209976,1289.9184570312:-35.54939791178544
8091,1216.2938232422,1223.1218200044,402.49,13.82,3.68,2915.96,3.0388874754761606,0.4194576811768337,7429853906.685255,6074500.3360814275,1120.1710073965542,1245.8818359375,1009.6979980469,0.07453924886254933,3775200.0,0.3939407762026721,0.24143066526076634,75.66961372925262,1166.511013183584,1120.1710073965542,1131.701688133208,-0.7031199034686587,1.2432734889096309,28.876197838602216,13.503333539320238,3.2358659254586852,1223.92116336885,1076.5674230568998,5.084747284857026,34.77866841179571,1216.2938232422:-0.5613772455079152,1192.1682128906:-1.983534725786065,1187.1610107422:-2.395211744341712,1239.9641113281:1.9460995060226112,1237.6882324219:1.7589836247519732,1339.1976318359:10.104779473933593,1289.1257324219:5.988019324603363,1417.9471435547:16.57932618410945,1397.4633789062:14.895212998867935
9405,603.181640625,606.0769125,64.96,3.99,2.16,1604.89,9.330001731834978,0.37764389615487665,24983787237.91818,41222139.83512889,616.2445778175606,671.7075195312,594.4958496094,-0.06222953435921929,10738900.0,0.436360993360699,0.3440256603588145,65.71433734184028,602.201417236322,616.2445778175608,622.3942968560398,0.5324341114537309,-0.9795660892474071,5.5584124878511085,-0.31619365251413,-1.141216606644702,605.3927738214506,593.2497066472893,6.666677471841934,20.52407821671218,603.181640625:-0.48000000000000803,599.3212280273:-0.640008305574415,599.3212280273:-0.640008305574415,606.0769042969:0.4799986400282375,606.0769042969:0.4799986400282375,608.0070800781:0.7999977333693385,614.7627563477:1.920004678971991,623.4484863281:3.35999048016449,619.5881347656:2.7199922934657024
9326,417.818145752,418.7486984151,45.74,17.02,4.89,265.71,9.154978102647574,1.5759613805092019,4297270029.878652,10262169.282300252,560.3512516728156,748.1643676758,411.3042602539,-0.35064082310352007,7241000.0,0.3459423826756089,0.4715183401894159,32.39434668013122,467.807442016606,560.3512516728156,583.2703599054142,-1.1736072557940298,-1.0408404212918523,15.702214882165189,-12.307706285986228,-14.111370071258245,456.74061802055013,405.1372750458699,82.45614464381383,26.377498034766283,417.818145752:-0.2227171492097762,438.2903137207:4.899779527730572,428.9848022461:2.672611663144008,415.9570617676:-0.44542919050353436,374.0821838379:-10.467702841240389,379.6654968262:-9.131400661675878,386.1793823242:-7.572376582844615,382.4571228027:-8.46325687594452,394.5543518066:-5.567923313509818
4914,2817.4360351562,2846.8535215456,453.9,8.2,4.53,5531.63,6.2719839646300946,0.5146500256787963,51026006095.97562,17923649.99105146,2489.9086353443267,2838.3125,2102.6708984375,0.14625583311306922,3025800.0,0.5727244484580135,0.44741700389476563,78.26088236367342,2624.7164892578103,2489.9086353443267,2495.5486194413484,0.4059406357552397,2.7346811387807235,48.24095359945851,43.34435927325512,29.480857266769426,2815.3555425107575,2559.7881586611024,3.3088278912917852,19.234009312794488,2817.4360351562:-1.0441226002055115,2665.603515625:-5.389031645674338,2538.4440917969:-9.902334600609043,2539.3930664062:-9.868652394608318,2455.8857421875:-12.832599869428996,2371.4289550781:-15.830246880950863,2357.1945800781:-16.335471305654114,2438.8044433594:-13.438870912141523,2516.6184082031:-10.676999342646035
7981,1249.0189208984,1253.7144807514,149.1,6.01,3.94,2480.46,8.408547825294434,0.5054362822828831,89417743571.22942,71322254.74307185,1196.458735713251,1264.5528564453,1109.9350585938,0.06259598398659107,13734700.0,0.5430961021517736,0.2482659985997631,88.98309752407184,1210.0438940429701,1196.458735713251,1202.7254200228683,1.5931353960634305,-1.0342823176140714,15.736908993516307,6.066446990210125,-2.9970814500888814,1243.1290695783646,1146.2534011247553,2.970302415936865,42.370603414499136,1249.0189208984:-0.37593984962394594,1234.9322509766:-1.1278187772902304,1220.8455810547:-2.255637554588471,1264.0445556641:1.20299496783382,1301.6091308594:4.210521480585154,1262.1665039062:1.052632813467961,1264.9838867188:1.2782004782534988,1306.3046875:4.586461073015231,1286.5833740234:3.0075167394566344
9326,417.818145752,418.7486984151,45.74,17.02,4.89,265.71,9.154978102647574,1.5759613805092019,4297270029.878652,10262169.282300252,560.3512516728156,748.1643676758,411.3042602539,-0.35064082310352007,7241000.0,0.3459423826756089,0.4715183401894159,32.39434668013122,467.807442016606,560.3512516728156,583.2703599054142,-1.1736072557940298,-1.0408404212918523,15.702214882165189,-12.307706285986228,-14.111370071258245,456.74061802055013,405.1372750458699,82.45614464381383,26.377498034766283,417.818145752:-0.2227171492097762,438.2903137207:4.899779527730572,428.9848022461:2.672611663144008,415.9570617676:-0.44542919050353436,374.0821838379:-10.467702841240389,379.6654968262:-9.131400661675878,386.1793823242:-7.572376582844615,382.4571228027:-8.46325687594452,394.5543518066:-5.567923313509818
9326,417.818145752,418.7486984151,45.74,17.02,4.89,265.71,9.154978102647574,1.5759613805092019,4297270029.878652,10262169.282300252,560.3512516728156,748.1643676758,411.3042602539,-0.35064082310352007,7241000.0,0.3459423826756089,0.4715183401894159,32.39434668013122,467.807442016606,560.3512516728156,583.2703599054142,-1.1736072557940298,-1.0408404212918523,15.702214882165189,-12.307706285986228,-14.111370071258245,456.74061802055013,405.1372750458699,82.45614464381383,26.377498034766283,417.818145752:-0.2227171492097762,438.2903137207:4.899779527730572,428.9848022461:2.672611663144008,415.9570617676:-0.44542919050353436,374.0821838379:-10.467702841240389,379.6654968262:-9.131400661675878,386.1793823242:-7.572376582844615,382.4571228027:-8.46325687594452,394.5543518066:-5.567923313509818
8399,789.1572265625,789.1572265625,131.17,4.15,0.18,3178.83,6.016293562266525,0.24825398859407394,33480525917.751186,42425672.33856482,717.9112155490423,775.1484985352,694.639465332,0.06763327295831476,12237000.0,0.5683280527971651,0.3642228530574926,83.16836231904057,719.8294702148381,717.9112155490423,722.4016139619906,0.9629847791298487,-0.5893784028740718,9.372011482667414,8.814455089455123,3.8434273846893694,757.8825778368039,696.3146145460062,0.0,18.42730358650931,789.1572265625:0.0,768.6110229492:-2.603562752988714,750.8666992188:-4.852078401472692,746.1971435547:-5.443792638753417,817.1745605469:3.550285423658993,807.8354492188:2.366856949110221,837.720703125:6.153840442422135,906.8303222656:14.911235903607412,900.2929077148:14.08283133088666
9409,1328.7965087891,1356.8628589383,206.79,5.36,4.21,3857.51,6.561549682955172,0.35174577873765717,124862013044.73607,92022574.14757188,1364.9488878038208,1486.2592773438,1249.5191650391,-0.009851530073258936,22572300.0,0.5549939480529794,0.4133710598691634,72.79404141902157,1323.345959472656,1364.9488878038208,1380.0119985396109,0.3621703683582063,-0.6504863472244425,19.37911719631482,-6.962647805539746,-15.837896712341347,1347.520664152031,1230.3746361409387,3.0927889249240104,56.312977298351086,1328.7965087891:-2.1121631463929806,1322.0219726562:-0.5098249497263888,1318.1507568359:-0.8011574295074908,1299.7624511719:-2.184989005100415,1279.4384765625:-3.7144914138567984,1258.1468505859:-5.316815459395009,1243.6296386719:-6.409323741737589,1291.0521240234:-2.8404939745134925,1267.8249511719:-4.588479666669346
4415,679.5,677.5,71.99,16.33,7.78,366.11,9.411029309626338,1.8505367239354291,3928099143.6999807,5797932.315424326,533.5074074074074,675.0,403.0,0.39606949057846974,5843400.0,0.20989276137790028,0.28750525098098645,82.6086956521739,607.61,533.5074074074074,533.7642383131271,0.7313432835820896,0.9407407407407408,20.77777777777778,20.137516331045845,10.812227474090228,686.2380519426615,530.6119480573384,9.578544061302683,27.067137557151135,679.5:0.29433406916850624,674.0:-0.8094186902133923,669.0:-1.545253863134658,671.5:-1.177336276674025,641.5:-5.59234731420162,605.0:-10.963944076526857,617.5:-9.124356144223695,654.5:-3.679175864606328,685.0:0.8094186902133923
6462,2315.0,2346.0,433.4,5.34,3.74,8109.88,5.41301338255653,0.28927678338027196,22368037998.09615,9534543.05119188,2350.9338235294117,2479.0,2220.0,0.0008850514881393718,3449100.0,0.5382457099152925,0.22863673753861477,66.28352490421456,2308.18,2350.9338235294117,2369.3985390018474,3.4518518518518517,-3.7058823529411766,31.595588235294116,3.6918678021370397,-10.337550557902663,2340.730423868106,2190.8695761318945,27.205882352941178,28.559571407604967,2315.0:-1.3390928725701945,2280.0:-1.511879049676026,2230.0:-3.6717062634989204,2256.0:-2.548596112311015,2233.0:-3.5421166306695464,2254.0:-2.634989200863931,2266.0:-2.1166306695464363,2411.0:4.146868250539957,2434.0:5.140388768898488
9248,2001.4063720703,2014.3425166728,261.95,11.82,6.97,2242.22,7.689797734960107,0.8983697035405982,17616131516.727592,8745350.59004023,2295.9344572844275,2543.2561035156,1888.1610107422,0.05248212357352103,2290400.0,0.36465297249246476,0.2301513617325639,28.197637635911263,2349.925622558592,2295.9344572844275,2321.116430517103,-1.489902342400749,1.301831640620744,57.670765902177045,-124.15544552817664,-88.65227790265413,2800.7906900845032,1752.9108357944074,77.15877871579562,45.978470172875824,2001.4063720703:-0.6463527239157617,1924.7135009766:-3.831948981673679,1798.1240234375:-10.156975188528062,1739.9113769531:-13.065562234954998,1623.4860839844:-18.88273632780387,1464.5562744141:-26.823642871730748,1312.0946044922:-34.44136968870846,1349.0550537109:-32.594645818209976,1289.9184570312:-35.54939791178544
6960,4490.97265625,4529.9398810331,536.19,10.82,8.29,4954.68,8.448385611505437,0.9142749644847095,135528463635.35538,29918380.198115718,3695.0191569010376,4575.7890625,3364.4909667969,0.2264882483032252,1751800.0,0.2719512908863864,0.003202174407596375,66.41221668165477,3896.25868652343,3695.0191569010376,3679.479698049301,4.990285844719404,2.566115714752592,70.2153480122074,182.66337539243887,199.5061684577766,4883.508454156775,3807.5890800228944,37.313535161229,65.51145668358193,4490.97265625:-0.8676789587856978,4252.2983398438:-5.31453506121979,4072.0749511719:-9.327549667779165,4003.8823242188:-10.84598748009133,4339.974609375:-3.3622570973541546,4218.2021484375:-6.0737512492508845,4481.2314453125:-0.21690648514511315,4588.390625:2.1691953215173845,3994.1403808594:-11.06291027399528
4346,621.1160888672,621.1160888672,14.22,15.49,1.36,91.77,43.67904985001406,6.768182291241147,6761414108.949906,10885910.428244526,558.6361753110556,684.9550170898,458.1793823242,0.2600308807367804,6058700.0,0.41157137116325776,0.4282883665001359,43.79084994648536,630.408955078126,558.6361753110555,560.6084088078007,0.24017081947462643,0.871713047003704,17.874863119145186,-6.091157861235274,-1.3439906321951511,679.2062442367986,585.7333431655412,66.66666971975465,28.89180801809938,621.1160888672:0.0,678.3618164062:9.216590676858091,628.748840332:1.2288767915705898,657.3717041016:5.837172130015743,610.6209716797:-1.68971910011881,608.7128295898:-1.996930928004338,598.2177734375:-3.6866402014255124,621.1160888672:0.0,630.6569824219:1.5360886194561176
4346,621.1160888672,621.1160888672,14.22,15.49,1.36,91.77,43.67904985001406,6.768182291241147,6761414108.949906,10885910.428244526,558.6361753110556,684.9550170898,458.1793823242,0.2600308807367804,6058700.0,0.41157137116325776,0.4282883665001359,43.79084994648536,630.408955078126,558.6361753110555,560.6084088078007,0.24017081947462643,0.871713047003704,17.874863119145186,-6.091157861235274,-1.3439906321951511,679.2062442367986,585.7333431655412,66.66666971975465,28.89180801809938,621.1160888672:0.0,678.3618164062:9.216590676858091,628.748840332:1.2288767915705898,657.3717041016:5.837172130015743,610.6209716797:-1.68971910011881,608.7128295898:-1.996930928004338,598.2177734375:-3.6866402014255124,621.1160888672:0.0,630.6569824219:1.5360886194561176
3133,171.0,176.0,-30.18,-116.89151766048487,-21.359465063677852,13.8,0.0,12.753623188405797,4950739710.144927,28129202.898550723,192.16296296296295,259.0,139.0,-0.1614549227704586,20712400.0,0.060359259108799246,0.11114335238767857,74.57627118644068,165.4,192.16296296296295,200.9974686013575,0.6194029850746269,-1.1185185185185185,8.503703703703703,1.750778246124554,-2.930676717112291,175.27737589288708,131.1226241071129,12.244897959183673,35.81591268409335,171.0:-2.923976608187134,171.0:0.0,167.0:-2.3391812865497075,193.0:12.865497076023392,239.0:39.76608187134503,340.0:98.83040935672514,270.0:57.89473684210527,279.0:63.1578947368421,318.0:85.96491228070175
3133,171.0,176.0,-30.18,-116.89151766048487,-21.359465063677852,13.8,0.0,12.753623188405797,4950739710.144927,28129202.898550723,192.16296296296295,259.0,139.0,-0.1614549227704586,20712400.0,0.060359259108799246,0.11114335238767857,74.57627118644068,165.4,192.16296296296295,200.9974686013575,0.6194029850746269,-1.1185185185185185,8.503703703703703,1.750778246124554,-2.930676717112291,175.27737589288708,131.1226241071129,12.244897959183673,35.81591268409335,171.0:-2.923976608187134,171.0:0.0,167.0:-2.3391812865497075,193.0:12.865497076023392,239.0:39.76608187134503,340.0:98.83040935672514,270.0:57.89473684210527,279.0:63.1578947368421,318.0:85.96491228070175
3133,171.0,176.0,-30.18,-116.89151766048487,-21.359465063677852,13.8,0.0,12.753623188405797,4950739710.144927,28129202.898550723,192.16296296296295,259.0,139.0,-0.1614549227704586,20712400.0,0.060359259108799246,0.11114335238767857,74.57627118644068,165.4,192.16296296296295,200.9974686013575,0.6194029850746269,-1.1185185185185185,8.503703703703703,1.750778246124554,-2.930676717112291,175.27737589288708,131.1226241071129,12.244897959183673,35.81591268409335,171.0:-2.923976608187134,171.0:0.0,167.0:-2.3391812865497075,193.0:12.865497076023392,239.0:39.76608187134503,340.0:98.83040935672514,270.0:57.89473684210527,279.0:63.1578947368421,318.0:85.96491228070175
7984,1698.0646972656,1725.9018234503,116.76,6.0,4.22,1967.6,14.781618905877869,0.8771609186065766,185534446020.90726,107500000.0,1637.0352511935773,1768.3011474609,1459.5020751953,0.08620978789156314,29753200.0,0.4703545501832952,0.2744729963899341,53.90334081799404,1705.032023925786,1637.035251193577,1644.4399517661154,1.5143534689447764,-0.2693460717651861,28.85757013114,-0.5960109460741023,-3.134750595599667,1762.6667250777175,1643.4244614457227,24.648035792156847,13.494290528805204,1698.0646972656:-1.639344262296149,1647.9578857422:-2.9508187529065983,1668.3717041016:-1.7486373288258517,1702.7042236328:0.2732243579806501,1767.6575927734:4.0983653696979685,1665.935546875:-1.8921040194957046,1704.5684814453:0.38301156547056625,1727.1831054688:1.7147996922667033,1701.7418212891:0.21654793421130034
7673,1065.0056152344,1052.0403294837,131.95,9.84,4.73,1341.08,7.973022580399394,0.7844724621079279,5601672312.032073,5324579.443433651,1034.3706637912317,1148.3538818359,963.135559082,-0.05868964017463329,604100.0,0.2081111057305687,0.24646056800097968,88.69560881794354,1005.38383422851,1034.3706637912317,1047.2337382347603,-0.31065827921790695,-0.29382694515852226,13.887713319014821,5.048800838550392,-4.60907487212075,1037.9430033408435,934.9104451454664,0.0,48.77396130676404,1065.0056152344:1.2173913043497464,1061.3012695312:-0.34782405371494063,1011.2922363281:-5.043483164591399,983.5095214844:-7.652175029336658,974.2486572266:-8.521735163605221,1002.9574584961:-5.826087285431228,992.7704467773:-6.782609164103008,978.8790283203:-8.086960827445418,987.2138671875:-7.3043509756311105
7502,1842.0870361328,1846.8716777851,49.0,4.5,1.0,1104.5,37.691258730308164,1.6721337055546401,4447718476.20702,2408244.4545043004,1782.8992332175935,1932.9952392578,1669.8399658203,0.058703414139788725,120800.0,0.017411660749726568,-0.05661391346051862,57.142870159679696,1816.345642089842,1782.8992332175933,1792.6744592275409,3.713452717552249,-3.047993988957788,24.77381103616668,8.874745610667333,6.800522696158588,1854.9468905953638,1806.739266631216,23.077013616150825,25.288273607610883,1842.0870361328:-0.25974025974064174,1885.1488037109:2.337661941777846,1832.5177001953:-0.5194833767241238,1875.5795898438:1.8181851917981513,1889.9334716797:2.5974036301426238,1889.9334716797:2.5974036301426238,1870.794921875:1.5584435034333737,1875.5795898438:1.8181851917981513,1923.4259033203:4.415582195196347
7972,446.599395752,439.3523467337,25.8,2.6,1.12,992.87,17.029160726112405,0.4425074246716086,19603521420.376934,44619134.42847503,370.2799289279541,447.1163330078,315.986541748,0.2694693951019168,13731100.0,0.5281879326551053,0.27658318604700455,72.14286329828573,389.71061889648803,370.2799289279541,369.6780895645982,1.0125591797097018,-0.107925808034815,8.593591816620743,13.68566938929331,8.836714670687815,443.784539474586,361.57126191701406,17.14282949534343,55.3808028542275,446.599395752:1.6227180527410172,492.7993164062:10.344823816075003,489.1758422852:9.533476072332848,511.8228149414:14.604457554084785,550.7756958008:23.326565382692515,566.25:26.79148368450611,630.9375:41.275941257736115,652.5:46.104093782146116,632.8125:41.69578060768481
3103,259.0,260.0,38.56,5.38,1.16,716.24,6.742738589211618,0.3630068133586507,14499218139.171227,55766223.61219703,249.98518518518517,298.0,219.0,0.004762143043471707,109815500.0,0.3925519863390557,0.33285171982708944,37.70491803278688,270.18,249.98518518518517,254.47222392833507,0.47761194029850745,-0.5481481481481482,7.474074074074074,-4.362959112459237,-4.715997249735744,284.88157187245474,236.9184281275452,71.69811320754717,9.248500881675893,259.0:-0.3861003861003861,259.0:0.0,257.0:-0.7722007722007722,247.0:-4.633204633204633,249.0:-3.861003861003861,240.0:-7.335907335907336,235.0:-9.266409266409266,244.0:-5.7915057915057915,226.0:-12.741312741312742
8927,170.5836029053,173.320238246,27.11,11.58,4.58,234.19,6.393221624714128,0.7400838560399675,4089853625.4996367,23597092.10470131,168.5841515435059,180.2845458984,157.8126373291,0.07156668085184449,13555600.0,0.2876061260234585,0.2358765583522079,83.33340302988363,164.85491577147002,168.58415154350593,169.52479531952952,-0.052248776569401856,0.1428943302888879,2.8407363169755544,1.8343437074482551,1.0746920249809289,172.3169791184996,161.73497248058038,0.0,20.60938158964695,170.5836029053:-1.6042780748506302,169.6713867188:-0.5347619413376076,168.7591705322:-1.0695238827338303,167.8469543457:-1.6042858240714213,162.3737030029:-4.812830637044157,167.8469543457:-1.6042858240714213,166.9347686768:-2.1390298752956243,168.7591705322:-1.0695238827338303,170.5836029053:0.0
7065,1170.6258544922,1183.3927472006,88.9,8.76,3.47,1015.35,13.311504467948257,1.1655022870937115,9064368862.733242,7659645.442458265,1203.8179158528658,1472.5920410156,947.7077636719,-0.10554575200823378,3040300.0,0.31940188872535963,0.3084537957902026,40.17462697990309,1202.523381347654,1203.8179158528658,1246.8041709599513,4.062163587606719,-7.247100502680001,58.214468511469626,1.5497738709775604,3.161664905238545,1265.6714978298137,1142.3607531467464,78.72349233497751,31.870328495443456,1170.6258544922:-1.0906040268466608,1145.0919189453:-2.1812208784655835,1109.7375488281:-5.201346393507809,1094.0245361328:-6.5436209242643555,1011.5306396484:-13.590611742708617,1113.6658935547:-4.865769939978677,1508.4573974609:28.859053614123898,1806.0241699219:54.278513753254344,2030.9178466797:73.48991899386007
4404,929.0922851562,929.0922851562,66.26,2.68,1.29,2474.89,14.021917977002715,0.37540750706342507,8343431844.484622,8980197.099669077,911.5054750795607,1009.3685913086,879.2721557617,-0.05176348690731468,3305100.0,0.39633702606512083,0.35406454006040067,76.27121966303687,892.9098327636659,911.5054750795607,921.5200257292977,0.08034752029701604,-0.6247284844074085,10.015594217796297,5.645445404112252,2.0917826017044954,916.952644231739,872.3661790104311,15.555701964437969,29.78786656178202,929.0922851562:0.0,895.455871582:-3.620352263343248,890.9104614258:-4.109583551646949,905.4558105469:-2.5440394874580385,888.1831054688:-4.4031341494265295,855.1641845703:-7.957024481531574,848.600402832:-8.663497007799135,868.2916870117:-6.544085998333108,865.4786376953:-6.846859938160523
9854,179.0,177.0,-35.55,-4.520144120537176,-4.716013942997745,665.72,0.0,0.265877546115484,4058620741.4528627,22930060.686174367,180.1259259259259,197.0,173.0,-0.08051787992722786,3964400.0,0.25852973478465197,0.11680038128805613,54.54545454545455,176.18,180.1259259259259,182.1750969606525,0.007462686567164179,-0.15555555555555556,2.1703703703703705,-0.023705205951955577,-0.2610143760386209,178.0277867413283,172.7722132586717,25.0,45.31024531024531,179.0:1.1173184357541899,174.0:-2.793296089385475,172.0:-3.910614525139665,172.0:-3.910614525139665,166.0:-7.262569832402235,167.0:-6.70391061452514,165.0:-7.82122905027933,164.0:-8.379888268156424,165.0:-7.82122905027933
6175,898.0,897.0,21.82,9.99,5.35,217.48,41.10907424381301,4.124517196983631,13477070291.521059,15024604.561338974,768.1397058823529,900.0,532.0,0.28871688495959075,21067600.0,0.1424452211149758,0.16868167514987426,75.0,896.86,768.1397058823529,766.6870507964258,1.7555555555555555,-0.27941176470588236,15.963235294117647,1.5457520830552767,1.8668369782170506,898.386055785533,893.313944214467,25.0,67.42424242424241,898.0:0.11135857461024498,897.0:-0.11135857461024498,897.0:-0.11135857461024498,897.0:-0.11135857461024498,897.0:-0.11135857461024498,897.0:-0.11135857461024498,897.0:-0.11135857461024498,897.0:-0.11135857461024498,897.0:-0.11135857461024498
9854,179.0,177.0,-35.55,-4.520144120537176,-4.716013942997745,665.72,0.0,0.265877546115484,4058620741.4528627,22930060.686174367,180.1259259259259,197.0,173.0,-0.08051787992722786,3964400.0,0.25852973478465197,0.11680038128805613,54.54545454545455,176.18,180.1259259259259,182.1750969606525,0.007462686567164179,-0.15555555555555556,2.1703703703703705,-0.023705205951955577,-0.2610143760386209,178.0277867413283,172.7722132586717,25.0,45.31024531024531,179.0:1.1173184357541899,174.0:-2.793296089385475,172.0:-3.910614525139665,172.0:-3.910614525139665,166.0:-7.262569832402235,167.0:-6.70391061452514,165.0:-7.82122905027933,164.0:-8.379888268156424,165.0:-7.82122905027933
6085,596.0,583.0,-166.5,-59.41768450612067,-28.07397919133968,239.4,0.0,2.435254803675856,1429163375.1044278,2451395.1545530492,620.3111111111111,769.0,568.0,0.010982643489835617,1802700.0,0.15583326540873288,0.12948897875616264,44.30379746835443,628.86,620.3111111111111,636.7752875313986,0.6492537313432836,-1.1333333333333333,22.79259259259259,-10.723954464361668,-11.419397943818645,626.3485377452728,563.4514622547272,76.19047619047619,28.893584561132574,596.0:2.1812080536912752,593.0:-0.5033557046979865,597.0:0.16778523489932887,580.0:-2.684563758389262,552.0:-7.38255033557047,519.0:-12.919463087248323,530.0:-11.073825503355705,530.0:-11.073825503355705,555.0:-6.879194630872483
2778,195.0,198.0,-116.88,-364.28677840824446,-15.119805283666798,32.07,0.0,6.17399438727783,2362225818.521983,11930433.426878702,199.45185185185184,255.0,135.0,0.35642335585263213,71025500.0,0.17585500086954972,0.29612350278850286,50.0,215.4,199.45185185185184,201.18505130671798,-0.26865671641791045,0.7185185185185186,9.814814814814815,-4.186360581555505,-5.391451230017514,209.30100778472325,190.49899221527676,35.714285714285715,28.37891379362508,195.0:-1.5384615384615385,181.0:-7.179487179487179,175.0:-10.256410256410255,185.0:-5.128205128205128,173.0:-11.282051282051283,178.0:-8.717948717948717,200.0:2.564102564102564,197.0:1.0256410256410255,197.0:1.0256410256410255
3070,261.0,260.0,-161.27,-286.73892137059875,-90.80210376124775,41.86,0.0,6.211180124223603,1866527950.310559,7178953.6550406115,253.4962962962963,277.0,240.0,-0.047082745733263404,4932800.0,-0.019502199235124643,0.03559015571206203,69.23076923076923,249.08,253.4962962962963,255.99127950239065,0.3208955223880597,-0.4740740740740741,2.748148148148148,2.705102689040501,2.57007271482168,261.1325432471388,250.56745675286118,18.181818181818183,20.796049188906334,261.0:0.38314176245210724,261.0:0.0,261.0:0.0,260.0:-0.38314176245210724,256.0:-1.9157088122605364,260.0:-0.38314176245210724,255.0:-2.2988505747126435,245.0:-6.130268199233716,245.0:-6.130268199233716
4124,1405.8809814453,1420.2462503293,83.24,4.86,4.29,1707.91,17.062064516209755,0.8315697257638283,1508289526.6142712,1061991.556932157,1333.3268211082177,1653.9213867188,1158.28515625,0.16638629691159562,1428000.0,0.07885561054157936,0.09111045487386074,45.788349300737806,1414.2580004882839,1333.3268211082177,1345.1895321486377,1.343597218407469,0.09066768977406725,43.427055759048145,0.8357572995257669,6.54051067396435,1513.4280077537994,1366.6169873633705,84.84847296105987,32.657214299851596,1405.8809814453:-1.0217983651241898,1417.3732910156:0.8174454112385429,1406.8386230469:0.06811683309176884,1389.6003417969:-1.158038259516311,1335.9700927734:-4.972745886357244,1407.7965087891:0.1362510318498502,1417.3732910156:0.8174454112385429,1441.3154296875:2.520444383974241,1412.5848388672:0.4768438801276184
3490,1225.2763671875,1225.2763671875,-553.41,-53.67591680076966,-13.203651878698905,1025.68,0.0,1.1945990632434091,1172153741.4441288,956644.3725138444,1196.9545355902708,1300.9364013672,1149.8472900391,0.0077763922300560515,165700.0,-0.13854098646898022,-0.10578029251992141,81.01253661762928,1196.6456616210899,1196.954535590271,1206.7169763278866,0.9152047738171646,-0.7340069536762965,17.158320094534826,6.751469451329967,2.9433905417529056,1228.439979748556,1163.2815656615842,1.999661330011668,18.469794174056407,1225.2763671875:0.0,1295.2076416016:5.707387842191089,1378.9282226562:12.54017947162341,1371.0487060547:11.897098709396142,1260.7344970703:2.8938883367342343,1383.8530273438:12.942113665368163,1585.7674560547:29.42120639237264,1707.9012451172:39.389062815070645,1706.9162597656:39.3086739837851
4563,149.0,160.0,-92.86,-37.35993392151418,-30.085496781859,251.81,0.0,0.6353997061276359,23258777649.815334,145367360.31134585,296.52592592592595,403.0,145.0,-0.5540972991142287,184285200.0,0.20002306865320257,0.4163614788728326,50.79365079365079,195.48,296.52592592592595,312.82811813700704,-0.9925373134328358,-0.48148148148148145,11.007407407407408,-10.420940068427427,-13.765489482588354,176.38237361195536,145.01762638804462,50.0,32.281199910082464,149.0:-7.38255033557047,145.0:-2.684563758389262,136.0:-8.724832214765101,133.0:-10.738255033557047,120.0:-19.463087248322147,122.0:-18.120805369127517,122.0:-18.120805369127517,126.0:-15.436241610738255,128.0:-14.093959731543624
7895,416.0,416.0,30.62,5.86,1.65,522.66,13.585891574134552,0.7959285194964222,7312195308.61363,17577392.568782765,314.2720588235294,416.0,280.0,0.23187771503503513,2254000.0,-0.030932203467459965,0.01503838026266579,87.21804511278197,329.68,314.2720588235294,312.58397721559487,0.9407407407407408,-0.2426470588235294,6.029411764705882,28.635100839545316,23.54636006464542,459.2292648589247,269.57073514107526,0.970873786407767,72.59066428099636,416.0:0.0,416.0:0.0,417.0:0.2403846153846154,417.0:0.2403846153846154,417.0:0.2403846153846154,417.0:0.2403846153846154,418.0:0.4807692307692308,418.0:0.4807692307692308,417.0:0.2403846153846154
2735,653.7649536133,658.4955249129,57.83,6.55,3.05,878.58,11.386746064549543,0.7494997893338113,8896722142.84747,13510679.733205855,663.2761583116245,704.3389892578,592.2688598633,0.006956058973788137,4930900.0,0.4470777978415217,0.3612679531464871,93.65091962058678,635.232170410158,663.2761583116244,668.2833308890282,0.12603507982985218,-0.10865957772370485,8.278189252313334,8.9953304609121,3.921041458295095,670.9534089932091,595.0927274814009,8.92852039256885,54.142602102182416,653.7649536133:-0.7235890014376818,667.010559082:2.026050095755777,665.1182861328:1.7366076992581418,667.010559082:2.026050095755777,679.3099975586:3.907374325300682,671.7410888672:2.7496327471436817,640.5193481445:-2.02605009577108,655.6571655273:0.2894330605429195,649.98046875:-0.578875457055858
2391,1136.4135742188,1134.5732283496,79.32,10.19,8.39,778.37,14.303747205617752,1.4576271289355962,6665931470.793404,5875276.539434973,1124.5474925853573,1220.2740478516,1070.1612548828,-0.047730705928470535,565000.0,0.06259549361082557,0.14719617818474934,84.61550236111597,1096.846220703118,1124.547492585357,1133.271857909698,1.5662492792223932,-2.1369038346192646,8.844173398592588,6.443046178983195,4.132894082465283,1125.076045631207,1082.0508952867833,0.0,47.09892464526511,1136.4135742188:0.16194331983980084,1113.4091796875:-2.024297760356641,1112.4892578125:-2.1052473280025903,1112.4892578125:-2.1052473280025903,1105.1278076172:-2.753026478331769,1129.0522460938:-0.6477684086148272,1126.2917480469:-0.8906815618475884,1138.3657226562:0.1717815134988961,1150.5357666016:1.2426983189203766
5380,1133.0578613281,1121.1559930369,-2.31,-0.04988820215811536,-0.023599537951973424,4664.02,0.0,0.24038404488765056,786853661.4275995,701823.5342043987,1277.9366663049777,2975.4672851562,915.4829711914,0.32733270214602045,4908800.0,0.030336736137734424,-0.030707703781902972,51.67243071169016,1254.866372070306,1277.9366663049777,1313.1446480287307,9.301589647686574,-7.624549606459267,82.34494439817406,-35.64132727207061,-53.32961854244299,1189.6078363293918,1034.8514043932682,52.21583831771708,34.39393101807162,1133.0578613281:1.0504201680617844,1942.3848876953:71.42856988949859,1694.8260498047:49.57983238544678,1613.8934326172:42.43698293796704,1561.5251464844:37.81512840430561,1427.2720947266:25.96639090025291,1375.8559570312:21.428569889494185,1390.1383056641:22.689083506703383,1431.0806884766:26.302524991899016
6815,4090.0,4090.0,303.96,5.33,4.12,5705.34,13.455717857612845,0.7168722635285539,31443451222.88943,7687885.384569543,3925.375,4150.0,2759.0,0.14776278145774643,10166900.0,0.07923604249151416,0.18930922153182275,60.0,4090.3,3925.375,3908.9770142439265,2.3555555555555556,2.110294117647059,40.93382352941177,0.3477858667752116,-0.2135475729758102,4094.3824720163498,4080.6175279836502,50.0,36.19047619047619,4090.0:0.0,4090.0:0.0,4090.0:0.0,4090.0:0.0,4090.0:0.0,4090.0:0.0,4090.0:0.0,4090.0:0.0,4090.0:0.0
8836,21.0,22.0,-0.55,-2.6031434184675835,-2.2083333333333335,21.21,0.0,1.0372465818010372,2111834040.5469117,95992456.38849598,20.548148148148147,24.0,19.0,0.09454994781508629,15643700.0,0.26374452686959665,0.19711550043033868,71.42857142857143,20.06,20.548148148148147,21.226455026455024,0.029850746268656716,-0.022222222222222223,1.2222222222222223,0.17904320642046656,0.06295354821659205,21.491640786499865,18.808359213500133,25.0,23.80952380952381,21.0:-4.761904761904762,22.0:4.761904761904762,21.0:0.0,21.0:0.0,21.0:0.0,21.0:0.0,21.0:0.0,21.0:0.0,20.0:-4.761904761904762
5214,2287.3354492188,2317.9412757726,290.97,5.64,4.0,5321.76,7.966255200785647,0.43555915256843597,207188519930.36392,89384714.83118367,2346.312109375002,2536.9948730469,2209.0205078125,-0.015022260411407305,81911500.0,0.6213852760026781,0.45746081398858923,72.72720194445371,2296.31907714844,2346.3121093750015,2366.551953840913,-1.279575907347,0.8784225270844285,34.65883045721036,5.931029567629139,0.3032924015792441,2353.228684786533,2208.389503690037,29.01245559242261,23.530702792316106,2287.3354492188:-1.3380558835064107,2287.3354492188:0.0,2234.2255859375:-2.3219096831397765,2257.6296386719:-1.298708090981824,2191.9172363281:-4.171588077441307,2204.0754394531:-3.640043693378514,2182.8471679688:-4.568122322665273,2208.6901855469:-3.43829164623667,2187.4619140625:-4.366370275527802
9048,2217.7507324219,2232.4183959961,47.65,2.44,0.79,1949.33,46.8503335990787,1.1452234336906015,323257637734.11127,144801547.19826812,2118.8292200159135,2283.2663574219,1967.4227294922,0.02677715592826055,87849600.0,0.30035547478125457,0.21377963246377113,52.51259339183243,2176.427153320314,2118.829220015914,2142.645150709851,1.8389334215813478,-1.2748193422725982,44.19856182656444,-0.08143308360104129,-9.478899728936796,2266.1309220870885,2055.8430769363717,5.142848640454645,28.530062626841207,2217.7507324219:-0.6613756613748132,2162.9914550781:-2.469135802471363,2125.8334960938:-4.144615307046773,2183.5263671875:-1.5432016201850247,2185.4819335938:-1.4550237029055457,2072.0520019531:-6.569662150880652,2050.5395507812:-7.5396742833265415,2078.8969726562:-6.261017423453377,2060.3178710938:-7.098762679977792
3927,707.0,688.0,-5.51,-2.1524936685982228,-1.3179075663646835,256.29,0.0,2.6844590112762883,3668584369.2691865,5332244.722774981,738.0814814814814,865.0,619.0,0.11863215200381552,7435000.0,0.2955000660169055,0.5158323975113492,55.73770491803278,691.4,738.0814814814814,752.7410182410183,-0.6567164179104478,0.837037037037037,31.007407407407406,-4.223128026797212,-5.158369757215894,701.2488999958517,663.4511000041483,50.0,27.745519375195364,707.0:2.6874115983026874,715.0:1.1315417256011315,719.0:1.6973125884016973,678.0:-4.101838755304102,652.0:-7.779349363507778,652.0:-7.779349363507778,653.0:-7.637906647807638,657.0:-7.072135785007072,667.0:-5.657708628005658
4412,1115.0,1131.5,1.4,1.58,1.12,86.97,808.2142857142858,13.010233413820858,7423756278.026906,6560986.547085202,1133.7851851851851,1448.0,941.5,0.14699473884439956,21025400.0,0.31420941433882404,0.4605779752336983,60.72874493927125,1120.67,1133.7851851851851,1172.4806176642287,4.981343283582089,-4.385185185185185,65.3037037037037,7.493774683538049,-3.446593273204421,1173.8886992858156,1011.3113007141841,39.716312056737586,42.467320861673294,1115.0:-1.4798206278026906,1082.0:-2.9596412556053813,986.0:-11.569506726457398,997.0:-10.582959641255606,879.0:-21.16591928251121,881.0:-20.986547085201792,865.0:-22.421524663677133,864.0:-22.51121076233184,850.0:-23.766816143497756
9715,3075.7036132812,3075.7036132812,518.11,19.03,9.84,2723.25,5.93639113949007,1.1294238917768107,113579384252.6432,36927935.371339396,3338.942833116324,3789.4545898438,2845.6130371094,0.08047647627908254,14308300.0,0.43615707620041266,0.41187949450737876,69.47373029772329,3273.95738769532,3338.942833116324,3364.1250941761236,3.6444468579813623,-2.05220831697039,65.04456678386002,-46.26797526406335,-77.3581420038441,3291.462431889484,2803.126459712086,31.66665750396175,42.70352562010481,3075.7036132812:0.0,3075.7036132812:0.0,2991.1804199219:-2.748092923983971,3052.2248535156:-0.7633622324406137,3066.3120117188:-0.30534806805981135,3005.267578125:-2.290078759606421,3089.7907714844:0.45801416438080234,3169.6181640625:3.0534330543348673,3108.5739746094:1.0687103005069305
2590,2266.7194824219,2308.109634088,127.1,4.8,2.5,2645.34,18.159792557734068,0.872519084158558,77463116810.68092,33561281.347577244,2362.280508535877,2551.5812988281,2196.1130371094,-0.033237103068181506,9294600.0,0.4604996309011528,0.22937321753607642,88.33334726039962,2279.7697412109383,2362.280508535877,2388.296078140851,-0.6650915929992742,-0.20551198277553676,34.040005308556275,7.467429619242921,-4.935327036990928,2317.249313845126,2167.0088648658143,11.32075651851578,44.9207128336241,2266.7194824219:-1.825993555315285,2347.0654296875:3.5445915513000985,2364.1081542969:4.29645894122479,2376.2819824219:4.8335270795368475,2361.673828125:4.189064700747401,2235.068359375:-1.3963405393719932,2264.5261230469:-0.09676360008413931,2301.2878417969:1.5250391432673034,2340.5002441406:3.254957761243052
6409,2716.0,2720.0,221.96,12.72,6.29,1743.02,12.25446026311047,1.560509919564893,51454693577.813225,18917166.75654898,2646.7426470588234,2722.0,1612.0,0.4247385242321572,21577900.0,0.08800980700991404,0.008526388858665754,40.90909090909091,2714.88,2646.7426470588234,2615.396070228791,8.585185185185185,-0.5,13.838235294117647,1.3105171459314988,1.6349384148325794,2721.5266596210336,2713.9733403789664,100.0,48.46013913266002,2716.0:-0.14727540500736377,2716.0:0.0,2717.0:0.036818851251840944,2718.0:0.07363770250368189,2720.0:0.14727540500736377,2720.0:0.14727540500736377,2723.0:0.25773195876288657,2723.0:0.25773195876288657,2723.0:0.25773195876288657
4444,845.0,856.0,-45.64,-10.887920353125665,-5.191624443093085,416.85,0.0,2.053496461556915,1697108043.6607893,1982602.8547439126,747.4592592592593,1023.0,656.0,0.13744910967216092,4176700.0,0.2117052012827815,0.11287911515055206,60.68702290076336,817.02,747.4592592592593,758.2841052568831,2.2238805970149254,-1.711111111111111,28.918518518518518,10.127431741231248,7.250127260109359,876.4713139064697,774.9286860935304,57.5,25.36004908341486,845.0:-1.301775147928994,826.0:-2.2485207100591715,800.0:-5.325443786982249,794.0:-6.035502958579881,755.0:-10.650887573964498,794.0:-6.035502958579881,771.0:-8.757396449704142,763.0:-9.70414201183432,852.0:0.8284023668639053
6461,1231.0,1226.0,250.28,5.8,2.86,4299.72,4.898513664695541,0.2851348459899714,8583984538.5280905,7001618.710055538,1252.1470588235295,1348.0,1174.0,-0.028463782662130722,3532700.0,0.5257562239614396,0.33549133230263234,70.83333333333333,1210.94,1252.1470588235295,1264.6909161712472,1.348148148148148,-1.8308823529411764,15.764705882352942,5.867619066653106,-0.3422184720625123,1233.7451655863447,1160.1548344136554,0.0,22.937006459662907,1231.0:0.4061738424045491,1210.0:-1.7059301380991063,1203.0:-2.274573517465475,1215.0:-1.2997562956945572,1221.0:-0.8123476848090982,1212.0:-1.543460601137287,1221.0:-0.8123476848090982,1272.0:3.3306255077173033,1263.0:2.5995125913891144
8142,1596.2243652344,1623.793007121,31.24,1.69,0.41,1852.13,51.97800919081307,0.8767165410208787,16661121145.560778,10260618.855047971,1291.5456081814243,1623.7932128906,983.5364379883,0.4066708668147714,4517900.0,0.19296369052364765,0.018366872370067722,78.40910691895512,1506.497695312502,1291.5456081814245,1282.280431187743,4.4888797153418025,0.21949358608665584,36.917500017507415,24.45515505441722,19.510227988404104,1617.4328414062725,1478.2501541991974,1.7647047178368187,22.378760052568886,1596.2243652344:-1.727115716752745,1662.3891601562:4.145081127870386,1664.2269287109:4.26021334829794,1659.6324462891:3.97237897351534,1593.4675292969:-0.1727098018012755,1485.9499511719:-6.908453251576985,1442.7590332031:-9.61427073622975,1472.6109619141:-7.744112044182949,1658.4383544922:3.897571708139168
6462,2315.0,2346.0,433.4,5.34,3.74,8109.88,5.41301338255653,0.28927678338027196,22368037998.09615,9534543.05119188,2350.9338235294117,2479.0,2220.0,0.0008850514881393718,3449100.0,0.5382457099152925,0.22863673753861477,66.28352490421456,2308.18,2350.9338235294117,2369.3985390018474,3.4518518518518517,-3.7058823529411766,31.595588235294116,3.6918678021370397,-10.337550557902663,2340.730423868106,2190.8695761318945,27.205882352941178,28.559571407604967,2315.0:-1.3390928725701945,2280.0:-1.511879049676026,2230.0:-3.6717062634989204,2256.0:-2.548596112311015,2233.0:-3.5421166306695464,2254.0:-2.634989200863931,2266.0:-2.1166306695464363,2411.0:4.146868250539957,2434.0:5.140388768898488
2590,2266.7194824219,2308.109634088,127.1,4.8,2.5,2645.34,18.159792557734068,0.872519084158558,77463116810.68092,33561281.347577244,2362.280508535877,2551.5812988281,2196.1130371094,-0.033237103068181506,9294600.0,0.4604996309011528,0.22937321753607642,88.33334726039962,2279.7697412109383,2362.280508535877,2388.296078140851,-0.6650915929992742,-0.20551198277553676,34.040005308556275,7.467429619242921,-4.935327036990928,2317.249313845126,2167.0088648658143,11.32075651851578,44.9207128336241,2266.7194824219:-1.825993555315285,2347.0654296875:3.5445915513000985,2364.1081542969:4.29645894122479,2376.2819824219:4.8335270795368475,2361.673828125:4.189064700747401,2235.068359375:-1.3963405393719932,2264.5261230469:-0.09676360008413931,2301.2878417969:1.5250391432673034,2340.5002441406:3.254957761243052
1826,405.4541320801,403.6194979983,22.88,2.44,1.37,937.99,17.640712325100527,0.43030255972696935,5844799668.771424,14480964.61582746,400.67730916341554,440.3121948242,362.3402404785,-0.017588039747668822,2907000.0,0.3601882751428402,0.29269024538878385,79.6874447695539,381.805718383796,400.67730916341554,404.41217992976004,-0.2875173441783596,0.2650026903518534,6.054292785097033,7.011531194410509,6.03633425321906,419.3202935264605,361.4082800819595,7.317174654965666,47.85133499402943,405.4541320801:0.4524886877802397,405.4541320801:0.0,410.0407409668:1.1312275603578947,415.5446166992:2.488687084611224,394.4463500977:-2.7149265752766665,412.7926940918:1.8099610858695634,409.1234436035:0.9049880696924523,433.8909912109:7.0135822725274615,474.2529296875:16.968330611021706
7482,923.7366943359,926.5387267758,3.74,0.28,0.23,1356.49,247.73762748016043,0.6830413248721332,25555308128.76599,27581478.669212453,932.710799605754,1025.8282470703,821.5868530273,0.10652706465139065,2844900.0,0.45506331432907693,0.32177760607067163,34.48275706662193,954.9012890625021,932.7107996057541,939.3492436393976,0.43905094747014856,0.2116999617444452,20.130735814290375,-11.306093735239529,-11.859693766899644,1000.6989974376511,876.7560562732886,40.983608186663794,35.661990194192704,923.7366943359:-0.3033367037469997,901.3204956055:-2.4266870492262513,873.3001098633:-5.460060727463061,873.3001098633:-5.460060727463061,858.3558959961:-7.077860903512559,877.0361328125:-5.055613987162685,856.4878540039:-7.280087577374745,886.3762207031:-4.0444938326997475,914.3966064453:-1.011120154462938
9511,1055.6807861328,1056.6628147711,36.04,1.23,0.44,2936.42,29.31916800141787,0.3598473020790963,56463280321.92893,53435475.85154712,1126.1686410409445,1327.7027587891,912.3046264648,-0.08348987060685702,31250500.0,0.15757072586589363,0.04517898155442863,80.30302958956352,1009.1915612792999,1126.1686410409443,1144.5182828589097,-0.6375855240358275,-0.523748721081475,17.763807267825925,7.426579826716647,-1.3766425343304975,1041.8010520896728,960.7517799415873,10.185198787100916,19.65852514595668,1055.6807861328:-0.09302325581746192,1028.1839599609:-2.604653464673462,996.7590942383:-5.581392847959619,986.9387817383:-6.511627880082734,975.1544189453:-7.627908762315026,1001.6692504883:-5.116275331898063,988.9028320312:-6.325582029983033,1038.0041503906:-1.6744299957332331,1038.0041503906:-1.6744299957332331
6462,2315.0,2346.0,433.4,5.34,3.74,8109.88,5.41301338255653,0.28927678338027196,22368037998.09615,9534543.05119188,2350.9338235294117,2479.0,2220.0,0.0008850514881393718,3449100.0,0.5382457099152925,0.22863673753861477,66.28352490421456,2308.18,2350.9338235294117,2369.3985390018474,3.4518518518518517,-3.7058823529411766,31.595588235294116,3.6918678021370397,-10.337550557902663,2340.730423868106,2190.8695761318945,27.205882352941178,28.559571407604967,2315.0:-1.3390928725701945,2280.0:-1.511879049676026,2230.0:-3.6717062634989204,2256.0:-2.548596112311015,2233.0:-3.5421166306695464,2254.0:-2.634989200863931,2266.0:-2.1166306695464363,2411.0:4.146868250539957,2434.0:5.140388768898488
9934,2581.7673339844,2607.0054650552,220.05,8.73,5.21,2531.71,11.84733226564508,1.029740951789581,139099467249.64017,53356032.088983335,2533.1840205439785,2685.3283691406,2361.0778808594,0.08361903209841012,9268400.0,0.7021380046281998,0.4175251502063808,57.43799799201845,2576.1598437500043,2533.1840205439785,2541.757324644561,2.086035933113435,-0.1588794986014835,35.95881347452962,0.7643515815962019,-5.8038871947692305,2656.0014124825357,2497.9777623221544,13.043459734467264,16.16855037316606,2581.7673339844:-0.9775524981893133,2598.5930175781:0.651711847625447,2561.203125:-0.796516739278113,2568.6809082031:-0.5068785869679415,2549.986328125:-1.2309786959134266,2472.4025878906:-4.236041902545074,2497.6403808594:-3.258502500113681,2606.0708007812:0.9413499999356183,2591.1149902344:0.3620642389790374
9241,1087.0,1116.0,-87.33,-25.30979832182267,-10.030845606672289,344.4,0.0,3.240418118466899,916798536.5853659,821504.0650406504,1202.9703703703703,1524.0,1053.0,0.02106740223072723,409800.0,0.051904783816524934,0.07150655430243068,51.30890052356021,1149.68,1202.9703703703703,1231.1449565249563,0.5970149253731343,-1.9333333333333333,37.1037037037037,-14.340575743664658,-17.514023167298838,1132.9390630127998,1077.5609369872002,31.57894736842105,17.848493453275946,1087.0:-2.667893284268629,1095.0:0.7359705611775529,1110.0:2.1159153633854646,1098.0:1.011959521619135,1070.0:-1.5639374425023,1102.0:1.3799448022079117,1084.0:-0.27598896044158233,1121.0:3.1278748850046,1137.0:4.599816007359705
3911,387.96875,383.9895833333,29.47,18.77,16.24,156.2,13.029846736793349,2.4583199957317543,15326754928.109,39914507.042253524,314.2141678421674,459.59375,284.5104370117,0.2803747558356246,98797900.0,0.2465347342723476,0.3070371021901452,55.63380563148109,330.370324096684,314.2141678421674,312.5768934284092,0.08166193904999693,0.6853009093703737,10.611111423781479,25.27169387255526,29.34036156070999,493.59155055232515,276.97410191349485,69.09090583256727,74.10230667985424,387.96875:1.0256410256496162,412.8385620117:6.410261654244058,419.8020935059:8.205130827134923,385.9791870117:-0.5128152688328655,397.9166870117:2.564107808090211,379.0:-2.3117196939186466,399.0:2.8433346757954086,369.0:-4.889246878775674,373.0:-3.8582360048328637
4889,336.0,332.0,-22.33,-11.554226376361571,-10.430232958768316,173.14,0.0,1.917523391475107,4220194778.7917295,12711430.056601595,356.9555555555556,424.0,286.0,-0.11407234030113095,18688100.0,0.34684586082929136,0.48457780322190785,73.11827956989248,318.82,356.9555555555556,369.42822029822037,-0.6417910447761194,-0.007407407407407408,15.074074074074074,5.398141385232748,1.8663846852844546,344.8676004753172,279.0323995246828,14.814814814814815,33.21248497771602,336.0:1.1904761904761905,345.0:2.6785714285714284,331.0:-1.488095238095238,335.0:-0.2976190476190476,390.0:16.071428571428573,347.0:3.273809523809524,347.0:3.273809523809524,382.0:13.690476190476192,383.0:13.988095238095239
6045,930.6968383789,933.5901964257,55.71,16.31,7.02,342.34,16.758036195040386,2.7270847590865808,7128760458.253108,7635856.1663842965,689.6479795102741,952.8792724609,537.2001342773,0.37743468628930793,3733600.0,0.15676049130968409,0.3000271257795822,68.87158613251226,820.4213378906301,689.647979510274,684.5982951625783,2.511895363575372,-0.16431413878592424,22.932542037191116,37.31519171124398,33.90000191093786,984.7164973447208,775.8919316103689,31.36095626183266,39.44531872760361,930.6968383789:-0.3108808290183629,983.7417602539:5.699484481691626,938.4124755859:0.8290172362075694,965.417175293:3.7305742839501157,861.2562255859:-7.4611420098893415,857.3984375:-7.875647348987681,878.616394043:-5.595854867908908,888.260925293:-4.559584962146794,873.794128418:-6.113989820789965
2999,521.5286254883,531.2405179555,98.37,11.39,3.59,697.76,5.400432224819558,0.7613513499706203,3182115170.9859056,5989970.763586334,503.5568818591905,593.6213378906,422.1513977051,0.255562579256502,14867800.0,-0.11841641534148413,-0.13554817495504481,50.43478355908187,521.4897485351601,503.55688185919047,507.5440608929443,1.3467787827009587,-0.40151172450094974,17.70598079380572,-2.86965422284959,-2.4521234975361255,562.6191510754247,493.7433275622752,19.149013755371257,30.356088593743447,521.5286254883:-1.862197392924856,512.787902832:-1.6759813803348196,519.5862426758:-0.3724403067389396,518.6149902344:-0.5586721632339933,500.1624450684:-4.096837522560747,519.5862426758:-0.3724403067389396,472.9691467285:-9.31099011378991,490.4505615234:-5.9590332047070405,495.3064880371:-5.027938289417689
3672,287.0,307.0,-44.85,-84.09867986478609,-39.62393952163604,53.33,0.0,5.756609788111757,5342197206.07538,17401293.83086443,323.14074074074074,414.0,265.0,0.07550284667759785,21344300.0,0.3216961326649484,0.4941453790377305,62.65060240963856,288.54,323.14074074074074,331.47345769456876,-0.13432835820895522,0.037037037037037035,12.637037037037038,2.7293914966587067,-1.2168617472016234,303.8193402424581,258.38065975754193,12.727272727272727,17.57698305642197,287.0:-6.968641114982578,275.0:-4.181184668989547,255.0:-11.149825783972126,218.0:-24.041811846689896,196.0:-31.70731707317073,196.0:-31.70731707317073,201.0:-29.965156794425084,213.0:-25.78397212543554,199.0:-30.66202090592334
9562,1966.603515625,2000.8616747955,177.96,40.62,22.97,438.06,11.243322515146662,4.567551647709218,1936829168.2462645,967997.5345843035,2221.261992187508,3198.9714355469,1925.8641357422,-1.7966785123974598,4162600.0,0.0,0.0,45.085996578304226,2221.261992187508,2221.261992187508,2602.8893708559485,-17.39914026523751,-57.109277866911995,146.7730644712,-203.16053828223176,-232.97767861787293,2357.707151049259,1855.67605207575,72.05884658481202,0.0,1966.603515625:-1.741996233522064,1916.6052246094:-2.542367621045882,1759.2027587891:-10.546139838969351,1686.0570068359:-14.265534794385864,1384.21484375:-29.613934239811062,1549.9501953125:-21.186442361264913,1601.8004150391:-18.549905849729097,1657.3542480469:-15.725043971551045,1515.6920166016:-22.92843958839854
4591,219.0,255.0,-59.95,-35.897208621786966,-34.00468586385321,164.33,0.0,1.5517556137041317,7282812724.396031,28560049.89959228,189.5851851851852,278.0,156.0,0.4848145938775122,229400800.0,0.2061721953697642,0.2760078393667388,90.47619047619048,177.52,189.5851851851852,192.63507922119035,0.15671641791044777,0.6148148148148148,9.2,17.607278697069063,5.652571574343323,249.37164390083547,113.92835609916455,0.0,32.6357757340648,219.0:-16.43835616438356,263.0:20.091324200913242,210.0:-4.10958904109589,215.0:-1.82648401826484,181.0:-17.35159817351598,188.0:-14.15525114155251,172.0:-21.461187214611872,183.0:-16.43835616438356,202.0:-7.76255707762557
4416,540.0,518.0,3.43,1.67,1.19,197.36,151.0204081632653,2.624645318200243,2428768038.1029587,4688741.386299148,541.8,611.0,478.0,0.023568513090104395,2805100.0,0.31723326826869436,0.48754759147702914,44.5945945945946,511.7,541.8,553.2515717204606,0.19402985074626866,-0.37777777777777777,19.57777777777778,-1.3895023898487011,-1.506116273096229,520.6017542791056,491.7982457208943,63.265306122448976,14.885127711351018,540.0:4.074074074074074,532.0:-1.4814814814814816,528.0:-2.2222222222222223,500.0:-7.4074074074074066,437.0:-19.074074074074073,458.0:-15.185185185185185,445.0:-17.59259259259259,466.0:-13.703703703703704,464.0:-14.074074074074074
1605,1377.0930175781,1404.1301841536,153.87,6.41,4.22,2507.81,9.125431755076363,0.5599029368866063,1698566341574.16,1209692919.3200443,1355.870378508391,1597.4002685547,1201.3514404297,0.09424411067643584,1618477800.0,0.409956645855297,0.24138361171494413,46.200576618976065,1353.5886425781239,1355.8703785083912,1370.0890632535697,0.652594025247006,-0.09452125208147293,33.88129615959482,7.565898192202894,11.924481031367195,1468.4860837287345,1330.4914431267055,54.96698453826938,31.878235853812253,1377.0930175781:-1.963350785341321,1381.5991210938:0.32721852904496884,1313.1049804688:-4.646602393049384,1323.0185546875:-3.926710991948896,1331.1297607422:-3.337701683851087,1263.0751953125:-8.279602090069679,1301.7690429688:-5.469781172935768,1335.8565673828:-2.9944564142676966,1298.0838623047:-5.7373869640522726
9993,1195.7216796875,1212.7898717845,33.76,1.28,0.75,2641.63,35.92387060973046,0.45910663937966334,13212170868.067951,10894031.33671256,1279.41429578993,1453.5152587891,1071.5030517578,-0.11689988529701284,1608300.0,0.36981890224062963,0.15111379048654794,90.90902251428066,1135.489816894534,1279.4142957899303,1302.0737446246276,0.37247759355373666,-1.980567364533339,15.718422979535548,11.65942586777578,-3.9349949735193515,1188.369435476296,1032.771104074494,16.778526642162028,32.34273102499005,1195.7216796875:-1.4274385408367614,1229.8580322266:2.8548744343266823,1229.8580322266:2.8548744343266823,1226.0649414062:2.5376525519408615,1231.7545166016:3.013480271054142,1229.8580322266:2.8548744343266823,1197.6180419922:0.1585956278049267,1269.6837158203:6.185556169904844,1302.8719482422:8.96113789479033
4575,1136.0,1002.0,-88.32,-535.3579786501808,-108.20377661061148,13.85,0.0,72.34657039711192,11561994801.444044,11538916.967509026,616.2148148148148,1000.0,173.0,1.6283903455121806,354876400.0,0.13935932856886446,0.060729538388318294,77.53479125248509,730.74,616.2148148148148,610.5015861915862,1.9029850746268657,4.185185185185185,54.44444444444444,46.05923141183939,23.437754744206963,927.401458681471,621.6985413185289,7.826086956521739,24.353674902996097,1136.0:11.795774647887324,1101.0:-3.080985915492958,1344.0:18.30985915492958,1526.0:34.33098591549296,1164.0:2.464788732394366,1310.0:15.316901408450704,1236.0:8.80281690140845,1532.0:34.859154929577464,2016.0:77.46478873239437
9423,91.9344558716,91.9344558716,2.12,11.94,6.28,17.72,43.36530937339622,5.188174710586908,2191095884.648616,23833239.27765237,94.74355994331707,100.5533065796,90.9767990112,0.030710359026335243,6546500.0,0.1896361920572713,0.2947235165967254,54.54545454554086,93.562458190922,94.74355994331704,95.52576669078265,0.021439964010446393,1.073334698486616e-09,1.5818968149437032,0.3556332135539009,0.3352843933328321,96.3309197478405,92.13470754100952,49.999982727252636,48.02700316230486,91.9344558716:0.0,91.9344558716:0.0,90.0191497803:-2.0833386929216213,92.8920974731:1.0416568982988144,91.9344558716:0.0,91.9344558716:0.0,93.8497467041:2.083322095444815,92.8920974731:1.0416568982988144,100.5533065796:9.374995072617285
6838,854.9667358398,818.5223012476,25.7,2.74,1.78,926.01,31.849116780062257,0.8839238250640922,4756122738.055585,5810620.835628125,681.5291594328704,856.936706543,596.9007568359,0.0014653955402577708,5021900.0,0.0777346785446942,0.2562908600136329,62.337660015150114,655.093637695308,681.5291594328704,697.4331439711324,-1.4113212763335818,0.6566564655585184,20.3928316501963,25.69116213466691,20.125902838910257,819.0784419299517,543.7464298962083,34.24124635220007,22.400921564702973,854.9667358398:4.26267281105411,863.8315429688:1.0368598867524936,904.2159423828:5.760365225744656,842.1618652344:-1.4977039536891752,763.3631591797:-10.714285459319234,760.408203125:-11.059907801198706,728.888671875:-14.746546114564152,780.1079101562:-8.755758855351155,755.483215332:-11.635952176558224
3174,886.780456543,881.9922251361,35.37,4.17,0.97,846.99,24.936166953240036,1.0413254290323382,2249640927.840589,2550635.7808238585,872.1434511537866,904.975769043,846.559387207,0.023101396963646128,181200.0,0.12409060590671088,0.08793179187717885,61.538662674760566,871.3815393066401,872.1434511537866,873.3275546680941,-0.22460404462910716,0.3875459076911141,6.109400615100742,2.8215198679689593,2.0861844009839787,885.6373385095402,866.0893094396596,43.749311859581745,43.94067191508136,886.780456543:0.5399568034647803,895.3992919922:0.9719243794342759,892.5263671875:0.6479518805477156,890.6110839844:0.43197021462710256,901.1452026367:1.6198762599819914,904.975769043:2.0518395918344994,879.1193237305:-0.8639266636937337,884.8651733398:-0.21598166593189472,881.0346069336:-0.6479449977731206
6694,1019.3877563477,1016.7307943415,199.56,14.63,7.89,1363.96,5.094862669580577,0.7454256681585236,4193547890.19042,4124541.042259304,953.2589251482932,1107.953125,821.8869018555,0.07484589698823442,1843300.0,0.3219976115342636,0.33347615109026807,80.00002584329842,945.028239746092,953.2589251482933,966.4909302487389,-1.1434180766708941,1.535133625113332,33.10377859652297,20.40847083729477,9.262584739426377,1028.0528030462174,884.8712692194026,11.278132499216156,24.551598407977053,1019.3877563477:0.2606429192086344,1020.2733764648:0.08687764901875941,979.5333862305:-3.909637904617543,1015.8451538086:-0.3475225709785434,1015.8451538086:-0.3475225709785434,989.6429443359:-2.9179094830774543,964.647277832:-5.369936824808082,972.0534057617:-4.6434097615211005,1034.0797119141:1.4412528966444405
9193,421.9305419922,422.8619559922,-19.4,-0.972239977518226,-0.6674976440649117,2029.23,0.0,0.20838542500958493,4135493988.9540415,9779773.11591096,455.9513047960074,489.9237670898,419.1363220215,-0.10834967308006732,626000.0,0.1743055895582283,0.20181965523478124,39.28565159771469,433.647730712894,455.95130479600743,460.9788883123129,-0.3614441523970146,-0.11038982011703714,3.8981401070807418,-4.009638280085937,-4.442628729933502,430.34567426900935,417.05479264996075,76.92292881227763,67.2605790359838,421.9305419922:-0.22075055188046483,429.3818664551:1.7660073688236946,429.3818664551:1.7660073688236946,425.6561889648:0.8830000679753705,425.6561889648:0.8830000679753705,430.3132629395:1.9867537694047712,425.6561889648:0.8830000679753705,442.421661377:4.856514839634155,449.8729553223:6.622514975608608
8511,986.8466796875,1014.4707662811,56.61,3.75,0.04,1545.02,17.92034563294648,0.6566068829407387,85174388248.18968,83959430.94587773,798.6466602466733,996.2384033203,738.0385742188,0.14383397762254635,23580400.0,0.5876134019783158,0.4152871524713176,89.79598057712471,822.0716882324239,798.6466602466733,800.8073118922526,-0.09556782098059356,1.2908093649437002,14.325300626515553,44.317944660731314,35.00019393617485,995.6476842742595,780.6641443390404,4.142012627484809,89.06675381805817,986.8466796875:-2.7992277992309447,981.1314086914:-0.5791447763607849,1015.4233398438:2.8957548061416443,1039.2371826172:5.30887968800688,1082.1022949219:9.652524266947339,1049.7153320312:6.370660573495397,1079.2445068359:9.362936416593017,1098.2956542969:11.29344374393518,973.5109863281:-1.351343996376718
3173,679.4231567383,684.9694682219,129.29,13.35,4.76,968.33,5.2979307620225855,0.7073719374819535,4590843874.257878,6702260.592979666,659.0740288628467,683.1206054688,644.4961547852,0.042027107029828814,701500.0,0.4165724640258766,0.3233311328948749,65.4544799727104,665.211367187492,659.0740288628467,660.657480080981,0.3444231354947748,-0.1162807501422212,5.188942690525185,3.831352004483847,3.1812294538702774,681.8974764762341,662.8056057991458,0.0,12.66079930543448,679.4231567383:-0.8163265306154879,683.1206665039:0.544213091492287,670.1792602539:-1.360550695501327,670.1792602539:-1.360550695501327,672.0280151367:-1.0884441497551836,679.4231567383:0.0,678.4987182617:-0.13606225625837648,683.1206665039:0.544213091492287,703.4571533203:3.5374120448557798
7727,476.1593017578,528.0182356126,12.77,2.18,1.32,586.77,41.34833481696163,0.8998725831460369,8457846616.889445,16018095.676329738,404.1740021882244,713.6821899414,269.9661865234,0.6120918980164084,102724400.0,0.1702505744225586,0.1508365147017901,76.54867864972536,434.94376708984396,404.17400218822445,407.2002340991106,1.9689598792492549,-0.07682819617703832,22.745947680747406,23.687104962595356,14.681980402225882,537.8577547973321,377.1223782593279,4.861112511384008,35.529160869260465,476.1593017578:-10.891089108908822,471.4448547363:-0.9900986926215769,448.8154907227:-5.7425762626408785,463.9017028809:-2.5742642917295866,443.1581420898:-6.93069725744561,422.4145507812:-11.287136632256207,407.3283691406:-14.455442194051916,404.4996948242:-15.049502691443776,434.6721191406:-8.712878749621193
6668,1708.9547119141,1772.8951943326,253.46,23.77,10.44,1066.33,6.9947731173857814,1.6626140072328457,14496331529.06318,8176643.253026737,1694.4667118778905,2116.6262207031,1308.8422851562,-0.012623149762517815,18173400.0,0.6257145189405036,0.49563424940971057,68.42105571131003,1510.157949218744,1694.4667118778902,1734.3216974527788,2.840485544979844,-4.116189702979994,53.471419109884444,74.0572406080214,64.95387118435679,1875.6063662912431,1379.9329891774967,24.074025750721972,46.50245981559857,1708.9547119141:-3.7414965986362567,1727.3618164062:1.0770972667545555,1893.9946289062:10.827666508777614,1747.7065429688:2.267575072910876,1503.5700683594:-12.018144314933934,1611.1064453125:-5.725620808991826,1607.2312011719:-5.9523818877719386,1541.3531494141:-9.80725594022789,1519.0708007812:-11.111114285774267
9749,3993.8459472656,4003.5633339986,145.73,7.3,3.99,1994.16,27.47247192752762,2.0076439874426324,267169231272.91574,66732859.951057084,3823.2129123263894,4217.3461914062,3247.0578613281,0.16458090985478366,24274200.0,0.5261081966041485,0.4421536812351488,52.38094749773866,3942.7326904296897,3823.21291232639,3825.5067096547145,4.847108326685817,0.2554519766000036,72.22015599196148,21.610305671871174,14.913162643978577,4050.2747462860134,3869.8816501983674,39.473782242939365,15.135431030604465,3993.8459472656:-0.24330900243292622,3882.0961914062:-2.7980487313465323,3653.7377929688:-8.515805536506889,3765.4877929688:-5.71775069224055,3673.1723632812:-8.02919261830693,3669.5498046875:-8.119896131700584,3733.3256835938:-6.523042378491489,3806.9128417969:-4.680528691816076,3689.1733398438:-7.6285518130812
5759,2639.0,2660.0,117.22,14.74,4.7,793.85,22.692373315133935,3.350758959501165,18695385375.070858,7028340.366567992,2819.926470588235,3450.0,2305.0,-0.11763484672402953,16495600.0,0.028010138341827643,0.1972599499857616,32.42320819112628,2692.4,2819.926470588235,2900.4396047171786,-15.518518518518519,10.544117647058824,101.91911764705883,-18.358959188521567,-1.7998964111324414,2957.1524117793815,2551.8475882206185,83.04347826086956,15.3061082529345,2639.0:-0.7957559681697612,2540.0:-3.751420992800303,2410.0:-8.67752936718454,2201.0:-16.597195907540733,1754.0:-33.535430087154225,1560.0:-40.88669950738916,1674.0:-36.56688139446761,1669.0:-36.75634710117468,1607.0:-39.10572186434255
3475,698.375793457,704.842235989,99.58,24.92,11.69,399.13,7.0781505923779875,1.7659465236614635,20250672123.76705,28730786.961641572,614.1105238172748,803.8101806641,487.7153930664,0.2990965607042055,33491600.0,0.30205681003801543,0.266278969837532,81.95485397514375,683.624674072262,614.1105238172748,613.9911415081561,-0.12774947485373378,1.6532473296925951,17.780130104637042,-1.0476793585787618,-9.278377561098623,711.9066436583462,594.9152313416539,4.807694509287737,58.27995321733932,698.375793457:-0.9259259259245964,706.6897583008:1.1904715085620914,692.8331298828:-0.7936505855627514,822.1620483398:17.724877643603737,790.7535400391:13.22751267262929,705.7659912109:1.058197867557536,715.9276123047:2.5132341372855316,736.2506713867:5.423280457963355,745.4884643555:6.746034347108399
9279,1953.7928466797,1961.1935771595,77.24,28.32,15.53,272.62,25.390905970475142,7.193872706182598,38142200843.08839,19448463.062137775,1388.4835765697333,1963.6604003906,992.6132202148,0.54452195577444,22816800.0,0.18193898875294745,0.29530258456283975,63.21837151869891,1706.293376464844,1388.4835765697333,1367.1930231705385,-0.3467035720813457,7.311512923258521,45.60455574730889,61.701070658677054,53.95099496801967,1959.2168563494997,1656.03984531066,1.7699116031744,39.47476745120438,1953.7928466797:-0.37878787878545045,1901.9875488281:-2.6515245943109367,1855.1162109375:-5.050516788916098,1995.7303466797:2.1464660427674875,2158.5463867188:10.479797814136782,2087.005859375:6.818174860333011,2119.0759277344:8.459601095151113,2084.5388183594:6.691905536551193,2032.7340087891:4.0404059336973015
3475,698.375793457,704.842235989,99.58,24.92,11.69,399.13,7.0781505923779875,1.7659465236614635,20250672123.76705,28730786.961641572,614.1105238172748,803.8101806641,487.7153930664,0.2990965607042055,33491600.0,0.30205681003801543,0.266278969837532,81.95485397514375,683.624674072262,614.1105238172748,613.9911415081561,-0.12774947485373378,1.6532473296925951,17.780130104637042,-1.0476793585787618,-9.278377561098623,711.9066436583462,594.9152313416539,4.807694509287737,58.27995321733932,698.375793457:-0.9259259259245964,706.6897583008:1.1904715085620914,692.8331298828:-0.7936505855627514,822.1620483398:17.724877643603737,790.7535400391:13.22751267262929,705.7659912109:1.058197867557536,715.9276123047:2.5132341372855316,736.2506713867:5.423280457963355,745.4884643555:6.746034347108399
7501,892.828125,754.8720926279,-3.9,-0.21576379288908076,-0.17699591459150585,1809.91,0.0,0.41707714340928553,1868463477.6821146,2475205.3969534393,717.3210137261333,757.7866821289,688.8086547852,0.04722679764407462,183700.0,0.03034299538976056,0.07357449866816755,49.41177948809695,727.688945312504,717.3210137261333,721.2624638542253,0.2755060244664166,-0.02878588031036863,10.305323173372585,6.015067211500536,6.441283716003429,762.4235446024143,729.0560635518857,51.28200857929742,18.271162698837433,892.828125:15.451577801953768,748.125:-16.207276736493938,728.4375:-18.412348401323044,720.5625:-19.294377067254686,706.78125:-20.83792723263506,742.21875:-16.868798235942666,888.890625:-0.4410143329658214,792.421875:-11.245865490628445,735.328125:-17.640573318632853
8255,824.0390625,841.9011809068,76.75,9.55,6.05,803.53,10.969396493899675,1.047753264852339,76116131431.72787,90409816.68388237,779.2213930483236,851.4276123047,686.4877319336,0.15362349769494046,11509600.0,0.5425386060719409,0.3824308240146679,78.63246552755342,800.979403076178,779.2213930483236,781.0146885832547,-0.1066782099544763,1.0559318329711098,13.90796172554148,9.1295069815734,3.013024356215213,849.8128748312519,761.1119664773681,11.538519848751516,31.86180967947595,824.0390625:-2.1676300578044563,803.7953491211:-2.456644872815116,796.6504516602:-3.323702975524899,803.7953491211:-2.456644872815116,816.8941650391:-0.8670581027097831,784.7423095703:-4.768797344446278,787.1240234375:-4.479768101102611,824.0390625:0.0,818.0849609375:-0.7225508878712894
8101,1371.6147460938,1390.0752406576,132.91,6.68,2.69,1999.96,10.45877090254759,0.6950515213592272,15398171404.19232,11077221.54443089,1304.0083161530667,1483.30078125,1107.6296386719,0.18128485954091156,9198600.0,0.359626469582737,0.39433902896881445,58.82353293188542,1332.55234375,1304.0083161530667,1305.733897114153,1.3500954564096952,0.7315826037681543,27.239485383686667,11.318745920650827,2.0805446677775303,1390.206556465331,1272.9966783979391,2.7523749932092882,10.630091069091648,1371.6147460938:-1.345895020185031,1344.8470458984:-1.951546545531925,1342.0778808594:-2.1534374224626545,1346.6931152344:-1.8169555941545488,1331.0017089844:-2.960965331195311,1354.0772705078:-1.2786006884181385,1371.6147460938:0.0,1400.228515625:2.0861374968947133,1453.7639160156:5.989230587943975
9504,717.9724731445,712.1901445018,-110.21,-6.839569419777819,-1.1131368085928948,1681.5,0.0,0.42354454029247696,245875652986.0484,345238774.90336007,778.1943811487274,886.6237182617,624.4914550781,-0.10781952862560593,270675400.0,0.15796479964733975,-0.07822690842043549,82.90603518595634,689.851104736326,778.1943811487274,793.4087582674438,-0.6256991334029859,-0.38548861657333233,14.27021645270519,9.84359266796639,1.8091532014870382,729.6782106067577,641.2155943248821,2.352940879237602,58.16200260255234,717.9724731445:0.8053691275064038,663.0403442383:-7.651007658498946,626.4189453125:-12.751676597157482,623.5277709961:-13.154362553032298,622.5640258789:-13.288594038673956,643.7659912109:-10.335560861908576,640.8748168945:-10.738246817783393,664.0040893555:-7.516776172857289,660.1491699219:-8.053693614373762
9507,744.3276367188,732.8174155324,-30.44,-2.048058400081111,-0.4172597058525638,1520.93,0.0,0.48182192180600025,147318498057.95,201030290.67741448,733.3431898329009,802.837890625,612.9193115234,-0.010855412276278877,93325500.0,0.2798678880501656,-0.011799837423649833,76.99120127260923,687.0451049804701,733.3431898329007,743.4589240093651,0.2576917072865679,-0.4902501192688895,14.34514601376667,9.892064665724433,4.161620399775629,732.0545559444756,647.0617892703744,12.162162483059076,45.419462485153616,744.3276367188:1.5463917525809248,703.0827026367:-5.5412337319515625,682.9397583008:-8.247426991776711,705.0010375977:-5.283506507223407,711.7153320312:-4.381444820638934,694.4500732422:-6.701022643264191,679.1030883789:-8.76288144121958,695.4092407227:-6.572159030900113,700.205078125:-5.927840969106607
3963,491.9143371582,514.7248810184,12.78,11.83,9.98,107.9,40.27581228625978,4.770388146602409,13692798105.915743,26602168.674698792,413.792806780777,564.3129882812,245.9571685791,0.5756988495731299,42611000.0,0.36009628053598247,0.4039637756586802,62.76151053188419,486.59847717284595,413.792806780777,412.59551287121377,0.5772949003507443,1.2635792302422244,21.605735270398515,13.548056289476676,7.23700551928879,566.0350326751566,426.02524869690353,31.97673016084939,21.62347911134858,491.9143371582:-4.637096774201986,468.1120300293:-4.838709777480049,459.1861572266:-6.653227494988538,446.2932434082:-9.274194774145855,425.466217041:-13.508067380404537,455.2191162109:-7.459677056637365,447.2850036621:-9.072582383738732,439.3508911133:-10.685487710840098,483.9802246094:-1.6129053271013671
2831,2896.7746582031,2881.1743907742,213.64,5.76,3.28,3711.85,13.48611866117862,0.7762098120274796,23947221491.56955,8311618.195778386,2930.5021104600596,2999.6875,2876.0903320312,0.00633904286783704,205300.0,-0.0014421351112958178,-0.0994199058701773,56.41032596761244,2934.527797851548,2930.50211046006,2940.4944130142962,-2.0454163097552165,2.102061218760732,17.269022108755554,-4.430106792436618,-6.158471552127919,2957.3418765864017,2892.776067749509,11.363188766244575,21.11890056605109,2896.7746582031:0.5385392123865369,2894.8244628906:-0.06732298996670065,2894.8244628906:-0.06732298996670065,2891.8996582031:-0.16829061888521263,2907.4997558594:0.3702427327555024,2897.7495117188:0.03365306697017107,2916.2751464844:0.6731793315741164,2925.0500488281:0.9760990743594645,2903.5998535156:0.2356136088519133
3536,125.2361068726,127.208329028,8.51,11.85,1.36,71.83,14.94809976827262,1.7709637898928023,3867947845.7945504,30406404.009466797,124.36837271231332,161.4520568848,100.1780853271,0.2305521138666623,57241600.0,0.1905002396337825,0.1449402108203997,58.33335213831226,129.180554199218,124.36837271231332,125.59401185546115,0.298293062838058,-0.09585940645110948,4.654584508067408,0.3347524158025976,-0.0702857156067954,132.41480908735403,121.31157717361599,49.99998300343956,35.35233164787977,125.2361068726:-1.5748031495471901,124.25:-0.7873982170358821,124.25:-0.7873982170358821,129.180557251:3.1496111440230337,125.2361068726:0.0,129.180557251:3.1496111440230337,126.2222213745:0.7874043089690927,123.263885498:-1.574802526084837,125.2361068726:0.0
9508,720.464050293,724.3323136502,14.54,1.06,0.13,1365.49,49.81652776136177,0.5304559635370454,335771728991.4237,463560333.6531209,784.6126971209467,886.7993164062,655.6705932617,-0.10070850643078155,281432100.0,0.24306968025317238,0.0012111892124400502,74.35900962965721,718.781307373042,784.6126971209467,797.7063278210425,-0.05773566378433037,-0.8667774145459235,12.836902717837042,0.8733651166345453,-4.0975105140692545,724.2087855508161,684.6126438925438,18.181814583458433,33.55478875788624,720.464050293:-0.5369127516670494,678.8801879883:-5.771816413017219,686.6166992188:-4.697993058839629,679.8472290039:-5.637591670615886,697.2544555664:-3.2214785341698984,691.4520263672:-4.0268524035309365,682.7484130859:-5.234908971760873,697.2544555664:-3.2214785341698984,705.9580078125:-2.0134304375909755
4480,4075.0,4040.0,17.78,4.03,2.79,438.43,227.22159730033744,9.214697899322582,128710900257.73784,31859133.72716283,3009.0592592592593,4100.0,2100.0,0.5657803749163413,43773700.0,0.5071882948655402,0.6724631295868062,74.82517482517483,3228.04,3009.0592592592593,2996.181672956673,1.6791044776119404,12.837037037037037,131.46666666666667,201.76504560770718,171.14234735035268,4091.4584607406687,3210.0415392593313,15.168539325842696,40.01279683014961,4075.0:0.8588957055214724,4180.0:2.5766871165644174,4115.0:0.98159509202454,4325.0:6.134969325153374,4125.0:1.2269938650306749,4190.0:2.8220858895705523,4320.0:6.012269938650307,4515.0:10.797546012269938,4415.0:8.343558282208589
