Code,target_close,Stock Price,Market Capitalization,CloseMean,CloseMax,CloseMin,CloseChangeMean,VolumeSum,NikkeiCorr,MothersCorr,RSI,MovingAverage50,MovingAverage200,ATR,GapMean,CandleSizeMean,High-LowRangeMean,MACD,Signal,UpperBand,LowerBand,PercentR,ADX,ChangeRate_0,ChangeRate_3,ChangeRate_7,ChangeRate_14,ChangeRate_21,ChangeRate_28,ChangeRate_35,ChangeRate_42,ChangeRate_49
9927,578.030456543,558.5489532809,5068545357.207049,462.3645109953704,606.7775268555,326.6715087891,0.45175724456312116,1296400.0,0.2511552134951677,0.14084241183078358,44.364163942018685,567.614955444336,462.3645109953704,457.30939042335234,0.8847169948417901,0.8746438560037046,14.474738762591114,2.684622174109336,5.608687205476143,611.4520727510259,550.4770105009239,75.32467116967183,21.52052254413121,578.030456543:3.370324702025582,583.7323608398:0.9864366543764981,583.0195922852:0.8631267930133472,590.8597412109:2.2194824723644286,582.7819824219:0.8220199861642633,593.9482421875:2.7537970472522764,591.3348999023:2.3016855268958034,567.8145141602:-1.7673709520252632,564.4884033203:-2.342792333762195
7352,356.0689086914,354.5707225398,14851080172.437023,268.6007821542237,376.0447387695,217.9250488281,0.38328398629439425,4060800.0,0.1610995011225016,0.18764500189878588,73.45135136228102,302.004373474122,268.60078215422374,267.8267562201804,1.81679583790597,-0.9201411463333333,10.08194368274593,16.679573463189513,13.9149629885635,377.0157438671632,272.79754653809675,41.279053581776544,39.240409884473245,356.0689086914:0.42075736326039825,384.0350341797:7.854132951702858,382.0375061035:7.293138147764151,565.315612793:58.7657891475583,489.4075012207:37.447412361651246,451.4534301758:26.788219683361476,439.9673461914:23.56241599648163,447.9576721191:25.8064552070562,431.9770202637:21.31837678590706
3498,5134.2626953125,5114.5534335263,41259407353.62012,3038.9603795934627,5325.1782226562,1858.6246337891,0.8158265912635182,37046100.0,0.2997339043048044,0.43014993113143496,70.61994189554511,4184.040595703128,3038.9603795934627,2965.056742515396,10.401420546631332,13.531262179480752,158.24498620281182,258.70863833737076,217.37588754489423,5230.548256326503,4056.1506694547465,29.629624167079733,19.065056090470865,5134.2626953125:0.3838771593084665,5006.1528320312:-2.495194945873383,4897.7514648438:-4.6065276458220765,5035.716796875:-1.9193778013631992,4138.9453125:-19.385789973723178,4370.5288085938:-14.875239777192876,4311.4008789062:-16.026874066213242,3961.5615234375:-22.840692840778434,4217.7822265625:-17.850283928532367
9248,2001.4063720703,2014.3425166728,17616131516.727592,2295.9344473379647,2543.2561035156,1888.1608886719,0.052482162578404795,2290400.0,0.36465314211079775,0.2301513066621648,28.197680080320964,2349.9256323242203,2295.9344473379642,2321.1164165806,-1.4899011996805962,1.3018314105896294,57.67076556454666,-124.15542102278641,-88.65227765422111,2800.7906222091233,1752.9108792557274,77.15875488702595,45.97847909089362,2001.4063720703:-0.6463527239157617,1924.7135009766:-3.831948981673679,1798.1240234375:-10.156975188528062,1739.9113769531:-13.065562234954998,1623.4860839844:-18.88273632780387,1464.5562744141:-26.823642871730748,1312.0946044922:-34.44136968870846,1349.0550537109:-32.594645818209976,1289.9184570312:-35.54939791178544
3452,504.8359985352,504.8359985352,9847167820.145279,465.2474853515644,517.0638427734,419.2409973145,0.14739023052107644,8271300.0,0.46471352739935684,0.30483388235283304,68.42108812048998,481.498245239258,465.2474853515644,466.6917408497625,0.899490665670898,-0.32995819550296546,9.148251944391852,3.2455832421230184,2.5839107522470006,498.4449946090597,477.1636418655503,9.677428488952517,10.538953497128267,504.8359985352:0.0,498.7220458984:-1.2110769942198836,496.1018066406:-1.730104810263651,523.1777954102:3.6332188925154685,494.3549499512:-2.076129399331892,476.185333252:-5.675242131371563,478.9012145996:-5.137269135095504,480.7117919922:-4.778622485915678,489.7647705078:-2.9853711048993614
9973,21.0,20.0,3269331742.243437,27.585185185185185,35.0,21.0,-0.12234657633945284,153345900.0,0.1031843981141091,0.15719784229968606,20.0,25.02,27.585185185185185,28.81058862947752,0.07462686567164178,-0.11851851851851852,1.614814814814815,-1.2468149718853638,-1.0925817699640528,25.813564212655205,20.086435787344794,75.0,97.14285714285714,21.0:4.761904761904762,19.0:-9.523809523809524,19.0:-9.523809523809524,18.0:-14.285714285714285,17.0:-19.047619047619047,19.0:-9.523809523809524,19.0:-9.523809523809524,18.0:-14.285714285714285,19.0:-9.523809523809524
3435,868.8451538086,866.0026941996,6694553272.186119,869.5540174696177,934.2217407227,847.0529785156,-0.052988284966746874,352200.0,0.14615034690817447,0.004386766223059589,66.66666666666666,857.4753161621061,869.5540174696177,875.9957440081005,0.7919288880164181,-1.17207596132,7.832555409522954,1.5880781499199657,0.3857568461768585,865.8999082631543,849.7139711313758,25.000044730707152,25.76156055178222,868.8451538086:0.32715376227168025,868.8451538086:0.0,871.6876220703:0.3271547581568448,869.7926635742:0.1090539276701448,867.897644043:-0.1090539276701448,859.3702392578:-1.0905182021521937,860.3177490234:-0.981464274482049,887.794921875:2.181029379439283,905.7971191406:4.252997806343318
4320,497.6038208008,509.9020140905,7663116583.649547,440.98527266890744,515.578125,370.0236206055,0.19483158912164006,7392100.0,0.42255841590569243,0.3477850756377296,79.66102806978668,454.802235107422,440.98527266890744,442.4901674443569,1.1281814661783582,-0.4107439249103701,9.363307310618518,14.51002269306224,9.248690307005898,511.9234909256007,431.6317428390494,12.499995991034211,28.57468506377388,497.6038208008:-2.471482889723068,496.6578063965:-0.19011397516553805,524.0922241211:5.32319130461496,551.5266723633:10.836502717306569,505.1719665527:1.5209179342153092,473.9534606934:-4.752849379118346,472.0614318848:-5.1330773294494225,480.5755615234:-3.4220515529796853,491.927734375:-1.1406838509932282
7860,1443.5736083984,1457.5707668509,62693337729.626465,1360.7741916232621,1593.8099365234,967.3465576172,0.20670672724314842,36213400.0,0.260848449414375,0.26492806059186635,35.32761642738974,1483.335004882808,1360.7741916232621,1359.7448462792754,0.14280047258208933,1.8787789762496307,34.904142517728154,-14.414850497877751,-10.002550379772329,1598.0798656845388,1388.073991737331,58.97438923012235,37.26033767127717,1443.5736083984:-0.9696186166793066,1430.5095214844:-0.9049823880123558,1506.0943603516:4.330970834425607,1480.8994140625:2.5856530936106426,1550.8851318359:7.4337410169585185,1538.7543945312:6.593414120281689,1551.8184814453:7.498396508300975,1609.6733398438:11.506149078860101,1655.3973388672:14.673566296616622
5334,2461.431640625,2467.8297176708,501676585034.56226,2366.668666811348,2636.6943359375,2046.6276855469,0.14156508487609515,171654500.0,0.514485459667432,0.25716692302826577,46.005512280319266,2470.438520507816,2366.668666811348,2373.4712505303764,4.359079492181327,-1.1235457672088731,45.17262910852074,-12.72236354866618,-18.075254823790672,2525.7821429982723,2340.5769146189177,38.16437647197684,15.619254499902349,2461.431640625:-0.2599331600440296,2408.4189453125:-2.1537342105116988,2329.8139648438:-5.347200125687016,2394.708984375:-2.7107255447914027,2268.5754394531:-7.835123185583594,2228.3586425781:-9.469001462405787,2242.0690917969:-8.91199029083741,2333.4699707031:-5.198668441972589,2382.8266601562:-3.193465915179382
5334,2461.431640625,2467.8297176708,501676585034.56226,2366.668666811348,2636.6943359375,2046.6276855469,0.14156508487609515,171654500.0,0.514485459667432,0.25716692302826577,46.005512280319266,2470.438520507816,2366.668666811348,2373.4712505303764,4.359079492181327,-1.1235457672088731,45.17262910852074,-12.72236354866618,-18.075254823790672,2525.7821429982723,2340.5769146189177,38.16437647197684,15.619254499902349,2461.431640625:-0.2599331600440296,2408.4189453125:-2.1537342105116988,2329.8139648438:-5.347200125687016,2394.708984375:-2.7107255447914027,2268.5754394531:-7.835123185583594,2228.3586425781:-9.469001462405787,2242.0690917969:-8.91199029083741,2333.4699707031:-5.198668441972589,2382.8266601562:-3.193465915179382
3350,490.0,490.0,2305758594.8055844,523.4074074074074,660.0,420.0,0.05273346646836819,7312600.0,0.14266345294554122,0.312172655230793,50.0,511.2,523.4074074074074,545.7871250149027,2.08955223880597,-2.3703703703703702,32.888888888888886,-5.8367647092038055,-7.1259728130878175,502.8909164503245,462.1090835496755,66.66666666666667,40.95238095238095,490.0:0.0,540.0:10.204081632653061,520.0:6.122448979591836,510.0:4.081632653061225,470.0:-4.081632653061225,460.0:-6.122448979591836,410.0:-16.3265306122449,360.0:-26.53061224489796,340.0:-30.612244897959183
4837,564.0,555.0,21607553654.08893,548.0147058823529,688.0,365.0,0.39940943402320794,81762500.0,0.08251756283543865,0.05834857403324775,46.76258992805756,568.52,548.0147058823529,553.7298935337539,-0.05185185185185185,1.4779411764705883,25.852941176470587,-1.104362479703127,-1.3096856442189768,588.3499706415967,539.0500293584034,48.07692307692308,17.026377191660753,564.0:1.5957446808510638,589.0:4.432624113475177,587.0:4.078014184397164,568.0:0.7092198581560284,523.0:-7.2695035460992905,590.0:4.609929078014184,609.0:7.9787234042553195,633.0:12.23404255319149,676.0:19.858156028368796
9446,503.9988098145,521.5051670109,4841385339.090649,514.7404737684496,545.0653076172,484.1968383789,-0.032178295159102005,355100.0,0.10870136515633043,0.02406867029319885,72.83950922772402,502.492716064456,514.7404737684496,518.9920061852674,-0.49634673749030345,0.29894857806296776,5.781900882958521,3.322167915208297,-0.38732105564142794,516.4118824504365,476.00900378002353,7.499989415114097,35.25052546757364,503.9988098145:-3.473491773292736,503.9988098145:0.0,506.763092041:0.5484699909345786,510.4485778809:1.2797189082200167,495.7064208984:-1.6453191465178467,490.1780700684:-2.7422167427710424,492.0208435059:-2.3765862290445825,499.3919677734:-0.9140581190649268,502.1561279297:-0.3656123484653121
9211,1231.25,1270.0,5204906233.900052,850.3888888888889,1400.0,675.0,0.6061328584456048,5348000.0,0.3460512025882955,0.3566367021783613,71.53392330383481,972.75,850.3888888888889,851.9246058571058,6.220149253731344,-1.8981481481481481,46.303703703703704,103.22410385034232,68.60074778653996,1382.0799734807592,730.1700265192409,28.571428571428573,58.12521546060285,1231.25:-3.1472081218274113,1250.0:1.5228426395939088,1162.0:-5.624365482233502,1257.5:2.131979695431472,1127.5:-8.426395939086294,1295.5:5.218274111675127,1099.5:-10.700507614213198,1042.5:-15.32994923857868,1007.0:-18.213197969543145
4593,293.0,287.0,15827596552.824768,358.2148148148148,805.0,265.0,-0.6565869168198136,141248600.0,0.2917136367779199,0.4229883728068799,52.5,292.92,358.2148148148148,391.91740068573404,-2.3358208955223883,-1.4074074074074074,16.918518518518518,-4.967318863640912,-4.777430688877734,308.7508820598013,263.8491179401987,66.66666666666667,26.9210633047209,293.0:2.04778156996587,286.0:-2.3890784982935154,291.0:-0.6825938566552902,287.0:-2.04778156996587,255.0:-12.969283276450511,269.0:-8.19112627986348,277.0:-5.460750853242321,311.0:6.143344709897611,310.0:5.802047781569966
4972,1631.2218017578,1635.842826692,12571588797.687393,1726.7229248046829,1848.4099121094,1535.1044921875,0.05055274036380681,536900.0,0.009295445419008792,-0.050059361456785134,28.346444409338133,1724.973093261718,1726.7229248046829,1741.5826481977222,0.23449991656642097,-0.04792172834963316,29.862088983659266,-29.81741028684769,-26.41848412818762,1809.2703200417036,1569.6229660910967,58.44150819096746,48.01187668583726,1631.2218017578:-0.2832861189827416,1623.828125:-0.4532600502171188,1625.6765136719:-0.33994690850284104,1617.3586425781:-0.8498635295801653,1581.3145751953:-3.059499726445546,1605.3439941406:-1.5864064340799118,1600.7230224609:-1.8696892883625398,1609.0408935547:-1.3597726672852155,1580.3905029297:-3.116148813933478
7082,1929.0,2033.0,11011920650.960249,1789.4962962962964,2618.0,1294.0,0.2469408582502755,14405100.0,0.3510819286303221,0.5035517994472307,50.89285714285714,1984.44,1789.4962962962964,1806.3861106588888,3.5,-1.0518518518518518,79.91851851851852,22.58696755295182,27.9722529550642,2132.429851278609,1950.6701487213907,80.07246376811594,29.164442034988124,1929.0:-5.391394504924832,1905.0:-1.244167962674961,1924.0:-0.2592016588906169,1827.0:-5.287713841368585,1595.0:-17.31467081389321,1622.0:-15.914981855883878,1795.0:-6.946604458268533,1724.0:-10.627268014515293,1782.0:-7.620528771384137
7081,666.7378540039,670.3009153479,7227714530.753724,658.2340558087393,754.0618286133,550.4427490234,0.12678863949363356,1712200.0,0.2606530808018742,0.24912316618861147,32.36074049847508,708.191584472658,658.2340558087393,659.6203257101857,-0.7280459650641775,1.4055268126170353,12.603332272620737,-6.502811965779983,-1.6897731985677176,772.7111963440658,665.5106603453943,73.43753303520423,37.57046669261564,666.7378540039:-0.5344021376022107,676.5362548828:1.469603206126449,675.2001342773:1.2692065138618158,683.2169799805:2.4716049760245986,676.981628418:1.5364021035529951,696.2962646484:4.433288205701171,698.1909179688:4.717455860053215,707.6643066406:6.138312440328399,716.6640625:7.488131684181826
7721,1150.8342285156,1152.7603109064,17655431512.03434,1234.1908103660282,1538.9398193359,1049.7149658203,0.07566299807438474,20888900.0,0.30958483452759117,0.084229409850719,29.84495114775021,1192.090925292968,1234.1908103660282,1248.0859764635347,1.487682361662683,-0.9987094481140705,33.10008286922148,-25.969837883816353,-21.717134427436775,1307.051982622771,1049.124604291289,64.86489145291688,41.16575628383167,1150.8342285156:-0.1673640167345734,1152.7603759766:0.1673696709112018,1117.1278076172:-2.92886847325319,1227.8775634766:6.694564086816755,1261.583984375:9.623432560069945,1210.5428466797:5.188290084238718,1256.7687988281:9.205024293476166,1243.2862548828:8.033479025597716,1232.6927490234:7.11297235340184
2164,402.0,405.0,839196326.3358779,423.0,710.0,389.0,0.1187102278848185,5639000.0,0.06118621004035529,0.011507136171714895,50.0,418.62,423.0,431.2424274285385,0.8432835820895522,-0.8296296296296296,15.2,-3.6934034799218125,-5.113274719273486,407.49883885068385,399.00116114931615,95.34883720930233,65.82710276473121,402.0:-0.7462686567164178,406.0:0.9950248756218906,409.0:1.7412935323383085,414.0:2.9850746268656714,395.0:-1.7412935323383085,388.0:-3.482587064676617,389.0:-3.233830845771144,419.0:4.228855721393035,413.0:2.736318407960199
2164,402.0,405.0,839196326.3358779,423.0,710.0,389.0,0.1187102278848185,5639000.0,0.06118621004035529,0.011507136171714895,50.0,418.62,423.0,431.2424274285385,0.8432835820895522,-0.8296296296296296,15.2,-3.6934034799218125,-5.113274719273486,407.49883885068385,399.00116114931615,95.34883720930233,65.82710276473121,402.0:-0.7462686567164178,406.0:0.9950248756218906,409.0:1.7412935323383085,414.0:2.9850746268656714,395.0:-1.7412935323383085,388.0:-3.482587064676617,389.0:-3.233830845771144,419.0:4.228855721393035,413.0:2.736318407960199
9248,2001.4063720703,2014.3425166728,17616131516.727592,2295.9344473379647,2543.2561035156,1888.1608886719,0.052482162578404795,2290400.0,0.36465314211079775,0.2301513066621648,28.197680080320964,2349.9256323242203,2295.9344473379642,2321.1164165806,-1.4899011996805962,1.3018314105896294,57.67076556454666,-124.15542102278641,-88.65227765422111,2800.7906222091233,1752.9108792557274,77.15875488702595,45.97847909089362,2001.4063720703:-0.6463527239157617,1924.7135009766:-3.831948981673679,1798.1240234375:-10.156975188528062,1739.9113769531:-13.065562234954998,1623.4860839844:-18.88273632780387,1464.5562744141:-26.823642871730748,1312.0946044922:-34.44136968870846,1349.0550537109:-32.594645818209976,1289.9184570312:-35.54939791178544
8091,1216.2938232422,1223.1218200044,7429853906.685255,1120.1710055881067,1245.8817138672,1009.6979980469,0.07453932503773929,3775200.0,0.3939402612104517,0.24142935720321496,75.66958299809731,1166.5110131835881,1120.1710055881065,1131.7016841790862,-0.7031189986373104,1.2432735056518494,28.876197709186663,13.503340640398392,3.2358713001509396,1223.9212041745081,1076.5673822512522,5.084747284857026,34.77864053711949,1216.2938232422:-0.5613772455079152,1192.1682128906:-1.983534725786065,1187.1610107422:-2.395211744341712,1239.9641113281:1.9460995060226112,1237.6882324219:1.7589836247519732,1339.1976318359:10.104779473933593,1289.1257324219:5.988019324603363,1417.9471435547:16.57932618410945,1397.4633789062:14.895212998867935
9405,603.181640625,606.0769125,24983787237.91818,616.2445751048881,671.7075195312,594.4957885742,-0.06222960868590604,10738900.0,0.4363607892651495,0.34402623435702034,65.71439929467006,602.201411132802,616.2445751048881,622.3942947585442,0.5324336379746325,-0.9795660752903763,5.558412451577781,-0.31619425351232167,-1.1412192754611874,605.3927840337749,593.249696434945,6.666677471841934,20.523841907899673,603.181640625:-0.48000000000000803,599.3212280273:-0.640008305574415,599.3212280273:-0.640008305574415,606.0769042969:0.4799986400282375,606.0769042969:0.4799986400282375,608.0070800781:0.7999977333693385,614.7627563477:1.920004678971991,623.4484863281:3.35999048016449,619.5881347656:2.7199922934657024
9326,417.818145752,418.7486984151,4297270029.878652,560.3512521249253,748.1643676758,411.3042907715,-0.3506408198807696,7241000.0,0.3459422354294433,0.4715184734313593,32.394345378967,467.80743957519996,560.3512521249252,583.2703601465805,-1.173607293820895,-1.0408403835466675,15.702214861997035,-12.307705956672123,-14.111369828189286,456.74061199601084,405.1372810704092,82.45614464381383,26.377560535615913,417.818145752:-0.2227171492097762,438.2903137207:4.899779527730572,428.9848022461:2.672611663144008,415.9570617676:-0.44542919050353436,374.0821838379:-10.467702841240389,379.6654968262:-9.131400661675878,386.1793823242:-7.572376582844615,382.4571228027:-8.46325687594452,394.5543518066:-5.567923313509818
4914,2817.4360351562,2846.8535215456,51026006095.97562,2489.9086172598395,2838.3125,2102.6706542969,0.1462557619312126,3025800.0,0.5727244554892557,0.44741684673863036,78.26081581180412,2624.716450195312,2489.90861725984,2495.548605099637,0.4059388556164227,2.7346810701325888,48.240953233497756,43.344364599997334,29.48086861281427,2815.3555554237846,2559.7881701621554,3.3088278912917852,19.233991753042858,2817.4360351562:-1.0441226002055115,2665.603515625:-5.389031645674338,2538.4440917969:-9.902334600609043,2539.3930664062:-9.868652394608318,2455.8857421875:-12.832599869428996,2371.4289550781:-15.830246880950863,2357.1945800781:-16.335471305654114,2438.8044433594:-13.438870912141523,2516.6184082031:-10.676999342646035
7981,1249.0189208984,1253.7144807514,89417743571.22942,1196.4587339047985,1264.5529785156,1109.9350585938,0.06259590899283973,13734700.0,0.5430937883704992,0.24826443063992526,88.98309752407184,1210.04387695312,1196.4587339047985,1202.7254218503183,1.5931344033917951,-1.0342822508392635,15.736908959165191,6.0664390009008,-2.997080775955189,1243.1290287217096,1146.2534419814003,2.970302415936865,42.370736924890004,1249.0189208984:-0.37593984962394594,1234.9322509766:-1.1278187772902304,1220.8455810547:-2.255637554588471,1264.0445556641:1.20299496783382,1301.6091308594:4.210521480585154,1262.1665039062:1.052632813467961,1264.9838867188:1.2782004782534988,1306.3046875:4.586461073015231,1286.5833740234:3.0075167394566344
9326,417.818145752,418.7486984151,4297270029.878652,560.3512521249253,748.1643676758,411.3042907715,-0.3506408198807696,7241000.0,0.3459422354294433,0.4715184734313593,32.394345378967,467.80743957519996,560.3512521249252,583.2703601465805,-1.173607293820895,-1.0408403835466675,15.702214861997035,-12.307705956672123,-14.111369828189286,456.74061199601084,405.1372810704092,82.45614464381383,26.377560535615913,417.818145752:-0.2227171492097762,438.2903137207:4.899779527730572,428.9848022461:2.672611663144008,415.9570617676:-0.44542919050353436,374.0821838379:-10.467702841240389,379.6654968262:-9.131400661675878,386.1793823242:-7.572376582844615,382.4571228027:-8.46325687594452,394.5543518066:-5.567923313509818
9326,417.818145752,418.7486984151,4297270029.878652,560.3512521249253,748.1643676758,411.3042907715,-0.3506408198807696,7241000.0,0.3459422354294433,0.4715184734313593,32.394345378967,467.80743957519996,560.3512521249252,583.2703601465805,-1.173607293820895,-1.0408403835466675,15.702214861997035,-12.307705956672123,-14.111369828189286,456.74061199601084,405.1372810704092,82.45614464381383,26.377560535615913,417.818145752:-0.2227171492097762,438.2903137207:4.899779527730572,428.9848022461:2.672611663144008,415.9570617676:-0.44542919050353436,374.0821838379:-10.467702841240389,379.6654968262:-9.131400661675878,386.1793823242:-7.572376582844615,382.4571228027:-8.46325687594452,394.5543518066:-5.567923313509818
8399,789.1572265625,789.1572265625,33480525917.751186,717.9112114800325,775.1484375,694.6393432617,0.06763322037828629,12237000.0,0.5683262502213015,0.3642221701512983,83.1683193942676,719.8294567871,717.9112114800325,722.4016088996913,0.9629843141992573,-0.5893783935000034,9.372011415703708,8.814454614603846,3.843428073733212,757.8825728330779,696.314601239162,0.0,18.427165889725618,789.1572265625:0.0,768.6110229492:-2.603562752988714,750.8666992188:-4.852078401472692,746.1971435547:-5.443792638753417,817.1745605469:3.550285423658993,807.8354492188:2.366856949110221,837.720703125:6.153840442422135,906.8303222656:14.911235903607412,900.2929077148:14.08283133088666
9409,1328.7965087891,1356.8628589383,124862013044.73607,1364.9488805700205,1486.2591552734,1249.5192871094,-0.009851624101443926,22572300.0,0.5549948529246208,0.41337240896797756,72.79412734881998,1323.345949707028,1364.9488805700207,1380.0119956241226,0.3621696566447863,-0.650486550597048,19.379117121417032,-6.962650283563789,-15.83790105515852,1347.5206874656942,1230.374600620246,3.092784862983665,56.31299667424858,1328.7965087891:-2.1121631463929806,1322.0219726562:-0.5098249497263888,1318.1507568359:-0.8011574295074908,1299.7624511719:-2.184989005100415,1279.4384765625:-3.7144914138567984,1258.1468505859:-5.316815459395009,1243.6296386719:-6.409323741737589,1291.0521240234:-2.8404939745134925,1267.8249511719:-4.588479666669346
4415,679.5,677.5,3928099143.6999807,533.5074074074074,675.0,403.0,0.39606949057846974,5843400.0,0.20989276137790028,0.28750525098098645,82.6086956521739,607.61,533.5074074074074,533.7642383131271,0.7313432835820896,0.9407407407407408,20.77777777777778,20.137516331045845,10.812227474090228,686.2380519426615,530.6119480573384,9.578544061302683,27.067137557151135,679.5:0.29433406916850624,674.0:-0.8094186902133923,669.0:-1.545253863134658,671.5:-1.177336276674025,641.5:-5.59234731420162,605.0:-10.963944076526857,617.5:-9.124356144223695,654.5:-3.679175864606328,685.0:0.8094186902133923
6462,2315.0,2346.0,22368037998.09615,2350.9338235294117,2479.0,2220.0,0.0008850514881393718,3449100.0,0.5382457099152925,0.22863673753861477,66.28352490421456,2308.18,2350.9338235294117,2369.3985390018474,3.4518518518518517,-3.7058823529411766,31.595588235294116,3.6918678021370397,-10.337550557902663,2340.730423868106,2190.8695761318945,27.205882352941178,28.559571407604967,2315.0:-1.3390928725701945,2280.0:-1.511879049676026,2230.0:-3.6717062634989204,2256.0:-2.548596112311015,2233.0:-3.5421166306695464,2254.0:-2.634989200863931,2266.0:-2.1166306695464363,2411.0:4.146868250539957,2434.0:5.140388768898488
9248,2001.4063720703,2014.3425166728,17616131516.727592,2295.9344473379647,2543.2561035156,1888.1608886719,0.052482162578404795,2290400.0,0.36465314211079775,0.2301513066621648,28.197680080320964,2349.9256323242203,2295.9344473379642,2321.1164165806,-1.4899011996805962,1.3018314105896294,57.67076556454666,-124.15542102278641,-88.65227765422111,2800.7906222091233,1752.9108792557274,77.15875488702595,45.97847909089362,2001.4063720703:-0.6463527239157617,1924.7135009766:-3.831948981673679,1798.1240234375:-10.156975188528062,1739.9113769531:-13.065562234954998,1623.4860839844:-18.88273632780387,1464.5562744141:-26.823642871730748,1312.0946044922:-34.44136968870846,1349.0550537109:-32.594645818209976,1289.9184570312:-35.54939791178544
6960,4490.97265625,4529.9398810331,135528463635.35538,3695.0191370081043,4575.7890625,3364.4912109375,0.22648835324946945,1751800.0,0.2719514290224233,0.0032027899459472113,66.4122178581091,3896.258686523438,3695.0191370081043,3679.4796735141317,4.990289169224616,2.5661160317711214,70.21534782480003,182.66341543197996,199.5061907666509,4883.508635328067,3807.588947679743,37.31338449327892,65.51143906536315,4490.97265625:-0.8676789587856978,4252.2983398438:-5.31453506121979,4072.0749511719:-9.327549667779165,4003.8823242188:-10.84598748009133,4339.974609375:-3.3622570973541546,4218.2021484375:-6.0737512492508845,4481.2314453125:-0.21690648514511315,4588.390625:2.1691953215173845,3994.1403808594:-11.06291027399528
4346,621.1160888672,621.1160888672,6761414108.949906,558.6361791540097,684.9550170898,458.1794128418,0.2600308252694219,6058700.0,0.41157150439711127,0.42828838875039027,43.79084994647685,630.4089660644499,558.6361791540097,560.60841259771,0.24017062999850797,0.871713004453333,17.87486324767852,-6.091154956897071,-1.3439891383005618,679.2062275713599,585.73337203802,66.66664659510941,28.891849748563853,621.1160888672:0.0,678.3618164062:9.216590676858091,628.748840332:1.2288767915705898,657.3717041016:5.837172130015743,610.6209716797:-1.68971910011881,608.7128295898:-1.996930928004338,598.2177734375:-3.6866402014255124,621.1160888672:0.0,630.6569824219:1.5360886194561176
4346,621.1160888672,621.1160888672,6761414108.949906,558.6361791540097,684.9550170898,458.1794128418,0.2600308252694219,6058700.0,0.41157150439711127,0.42828838875039027,43.79084994647685,630.4089660644499,558.6361791540097,560.60841259771,0.24017062999850797,0.871713004453333,17.87486324767852,-6.091154956897071,-1.3439891383005618,679.2062275713599,585.73337203802,66.66664659510941,28.891849748563853,621.1160888672:0.0,678.3618164062:9.216590676858091,628.748840332:1.2288767915705898,657.3717041016:5.837172130015743,610.6209716797:-1.68971910011881,608.7128295898:-1.996930928004338,598.2177734375:-3.6866402014255124,621.1160888672:0.0,630.6569824219:1.5360886194561176
3133,171.0,176.0,4950739710.144927,192.16296296296295,259.0,139.0,-0.1614549227704586,20712400.0,0.060359259108799246,0.11114335238767857,74.57627118644068,165.4,192.16296296296295,200.9974686013575,0.6194029850746269,-1.1185185185185185,8.503703703703703,1.750778246124554,-2.930676717112291,175.27737589288708,131.1226241071129,12.244897959183673,35.81591268409335,171.0:-2.923976608187134,171.0:0.0,167.0:-2.3391812865497075,193.0:12.865497076023392,239.0:39.76608187134503,340.0:98.83040935672514,270.0:57.89473684210527,279.0:63.1578947368421,318.0:85.96491228070175
3133,171.0,176.0,4950739710.144927,192.16296296296295,259.0,139.0,-0.1614549227704586,20712400.0,0.060359259108799246,0.11114335238767857,74.57627118644068,165.4,192.16296296296295,200.9974686013575,0.6194029850746269,-1.1185185185185185,8.503703703703703,1.750778246124554,-2.930676717112291,175.27737589288708,131.1226241071129,12.244897959183673,35.81591268409335,171.0:-2.923976608187134,171.0:0.0,167.0:-2.3391812865497075,193.0:12.865497076023392,239.0:39.76608187134503,340.0:98.83040935672514,270.0:57.89473684210527,279.0:63.1578947368421,318.0:85.96491228070175
3133,171.0,176.0,4950739710.144927,192.16296296296295,259.0,139.0,-0.1614549227704586,20712400.0,0.060359259108799246,0.11114335238767857,74.57627118644068,165.4,192.16296296296295,200.9974686013575,0.6194029850746269,-1.1185185185185185,8.503703703703703,1.750778246124554,-2.930676717112291,175.27737589288708,131.1226241071129,12.244897959183673,35.81591268409335,171.0:-2.923976608187134,171.0:0.0,167.0:-2.3391812865497075,193.0:12.865497076023392,239.0:39.76608187134503,340.0:98.83040935672514,270.0:57.89473684210527,279.0:63.1578947368421,318.0:85.96491228070175
7984,1698.0646972656,1725.9018234503,185534446020.90726,1637.0352566189224,1768.3010253906,1459.5020751953,0.0862097855142186,29753200.0,0.4703544249308737,0.27447298101144757,53.9033446344839,1705.032031250002,1637.0352566189224,1644.4399568653268,1.5143535062403,-0.26934610878444665,28.857570235182965,-0.5960091424676648,-3.1347495775294756,1762.6666934691223,1643.4244930543275,24.647964503473762,13.494347490703188,1698.0646972656:-1.639344262296149,1647.9578857422:-2.9508187529065983,1668.3717041016:-1.7486373288258517,1702.7042236328:0.2732243579806501,1767.6575927734:4.0983653696979685,1665.935546875:-1.8921040194957046,1704.5684814453:0.38301156547056625,1727.1831054688:1.7147996922667033,1701.7418212891:0.21654793421130034
7673,1065.0056152344,1052.0403294837,5601672312.032073,1034.3706637912312,1148.3538818359,963.135559082,-0.05868955997971708,604100.0,0.2081110785415167,0.24645991044574067,88.69560881794354,1005.3838342285101,1034.3706637912312,1047.2337362875362,-0.31065736166492264,-0.29382696087333593,13.887713351300745,5.048800842182459,-4.609074866779354,1037.9430033408444,934.9104451454655,0.0,48.77396130676404,1065.0056152344:1.2173913043497464,1061.3012695312:-0.34782405371494063,1011.2922363281:-5.043483164591399,983.5095214844:-7.652175029336658,974.2486572266:-8.521735163605221,1002.9574584961:-5.826087285431228,992.7704467773:-6.782609164103008,978.8790283203:-8.086960827445418,987.2138671875:-7.3043509756311105
7502,1842.0870361328,1846.8716777851,4447718476.20702,1782.8992277922466,1932.9952392578,1669.83984375,0.05870341721029301,120800.0,0.01741148751746561,-0.0566140770542547,57.142870159679696,1816.3456347656181,1782.8992277922466,1792.674450517864,3.7134526607492635,-3.047993932575565,24.773811067151865,8.874748584326198,6.800525773249062,1854.9468905953456,1806.7392666312342,23.077013616150825,25.28828919481923,1842.0870361328:-0.25974025974064174,1885.1488037109:2.337661941777846,1832.5177001953:-0.5194833767241238,1875.5795898438:1.8181851917981513,1889.9334716797:2.5974036301426238,1889.9334716797:2.5974036301426238,1870.794921875:1.5584435034333737,1875.5795898438:1.8181851917981513,1923.4259033203:4.415582195196347
7972,446.599395752,439.3523467337,19603521420.376934,370.27993005823635,447.1163330078,315.9865112305,0.2694694745658161,13731100.0,0.5281876085674553,0.2765830414948539,72.14285269728161,389.71061889648996,370.27993005823635,369.6780893091123,1.0125593966910436,-0.10792579539851752,8.593591848681482,13.685669150257468,8.836714481325984,443.78453983339284,361.5712646099672,17.14282949534343,55.38088613991993,446.599395752:1.6227180527410172,492.7993164062:10.344823816075003,489.1758422852:9.533476072332848,511.8228149414:14.604457554084785,550.7756958008:23.326565382692515,566.25:26.79148368450611,630.9375:41.275941257736115,652.5:46.104093782146116,632.8125:41.69578060768481
3103,259.0,260.0,14499218139.171227,249.98518518518517,298.0,219.0,0.004762143043471707,109815500.0,0.3925519863390557,0.33285171982708944,37.70491803278688,270.18,249.98518518518517,254.47222392833507,0.47761194029850745,-0.5481481481481482,7.474074074074074,-4.362959112459237,-4.715997249735744,284.88157187245474,236.9184281275452,71.69811320754717,9.248500881675893,259.0:-0.3861003861003861,259.0:0.0,257.0:-0.7722007722007722,247.0:-4.633204633204633,249.0:-3.861003861003861,240.0:-7.335907335907336,235.0:-9.266409266409266,244.0:-5.7915057915057915,226.0:-12.741312741312742
8927,170.5836029053,173.320238246,4089853625.4996367,168.58414916991853,180.2845458984,157.8126373291,0.07156667159920214,13555600.0,0.2876062655593074,0.23587635229884601,83.33328686867573,164.854911193832,168.5841491699185,169.52479232670765,-0.05224875688432844,0.14289431199185182,2.840736280292591,1.8343450178210503,1.0746941248478592,172.3169782572698,161.73497029006023,0.00013275515424480082,20.609420167094594,170.5836029053:-1.6042780748506302,169.6713867188:-0.5347619413376076,168.7591705322:-1.0695238827338303,167.8469543457:-1.6042858240714213,162.3737030029:-4.812830637044157,167.8469543457:-1.6042858240714213,166.9347686768:-2.1390298752956243,168.7591705322:-1.0695238827338303,170.5836029053:0.0
7065,1170.6258544922,1183.3927472006,9064368862.733242,1203.817923538774,1472.5920410156,947.707824707,-0.10554577720472666,3040300.0,0.3194017381360325,0.30845365508388056,40.17462697990309,1202.5233813476539,1203.817923538774,1246.804177770014,4.062163546471642,-7.247100461849629,58.214469026537046,1.5497737480652631,3.1616647255795263,1265.6714978298235,1142.3607531467367,78.72349233497751,31.870328495443456,1170.6258544922:-1.0906040268466608,1145.0919189453:-2.1812208784655835,1109.7375488281:-5.201346393507809,1094.0245361328:-6.5436209242643555,1011.5306396484:-13.590611742708617,1113.6658935547:-4.865769939978677,1508.4573974609:28.859053614123898,1806.0241699219:54.278513753254344,2030.9178466797:73.48991899386007
4404,929.0922851562,929.0922851562,8343431844.484622,911.5054750795607,1009.3685913086,879.2721557617,-0.05176348690731468,3305100.0,0.39633702606512083,0.35406454006040067,76.27121966303687,892.9098327636659,911.5054750795607,921.5200257292977,0.08034752029701604,-0.6247284844074085,10.015594217796297,5.645445404112252,2.0917826017044954,916.952644231739,872.3661790104311,15.555701964437969,29.78786656178202,929.0922851562:0.0,895.455871582:-3.620352263343248,890.9104614258:-4.109583551646949,905.4558105469:-2.5440394874580385,888.1831054688:-4.4031341494265295,855.1641845703:-7.957024481531574,848.600402832:-8.663497007799135,868.2916870117:-6.544085998333108,865.4786376953:-6.846859938160523
9854,179.0,177.0,4058620741.4528627,180.1259259259259,197.0,173.0,-0.08051787992722786,3964400.0,0.25852973478465197,0.11680038128805613,54.54545454545455,176.18,180.1259259259259,182.1750969606525,0.007462686567164179,-0.15555555555555556,2.1703703703703705,-0.023705205951955577,-0.2610143760386209,178.0277867413283,172.7722132586717,25.0,45.31024531024531,179.0:1.1173184357541899,174.0:-2.793296089385475,172.0:-3.910614525139665,172.0:-3.910614525139665,166.0:-7.262569832402235,167.0:-6.70391061452514,165.0:-7.82122905027933,164.0:-8.379888268156424,165.0:-7.82122905027933
6175,898.0,897.0,13477070291.521059,768.1397058823529,900.0,532.0,0.28871688495959075,21067600.0,0.1424452211149758,0.16868167514987426,75.0,896.86,768.1397058823529,766.6870507964258,1.7555555555555555,-0.27941176470588236,15.963235294117647,1.5457520830552767,1.8668369782170506,898.386055785533,893.313944214467,25.0,67.42424242424241,898.0:0.11135857461024498,897.0:-0.11135857461024498,897.0:-0.11135857461024498,897.0:-0.11135857461024498,897.0:-0.11135857461024498,897.0:-0.11135857461024498,897.0:-0.11135857461024498,897.0:-0.11135857461024498,897.0:-0.11135857461024498
9854,179.0,177.0,4058620741.4528627,180.1259259259259,197.0,173.0,-0.08051787992722786,3964400.0,0.25852973478465197,0.11680038128805613,54.54545454545455,176.18,180.1259259259259,182.1750969606525,0.007462686567164179,-0.15555555555555556,2.1703703703703705,-0.023705205951955577,-0.2610143760386209,178.0277867413283,172.7722132586717,25.0,45.31024531024531,179.0:1.1173184357541899,174.0:-2.793296089385475,172.0:-3.910614525139665,172.0:-3.910614525139665,166.0:-7.262569832402235,167.0:-6.70391061452514,165.0:-7.82122905027933,164.0:-8.379888268156424,165.0:-7.82122905027933
6085,596.0,583.0,1429163375.1044278,620.3111111111111,769.0,568.0,0.010982643489835617,1802700.0,0.15583326540873288,0.12948897875616264,44.30379746835443,628.86,620.3111111111111,636.7752875313986,0.6492537313432836,-1.1333333333333333,22.79259259259259,-10.723954464361668,-11.419397943818645,626.3485377452728,563.4514622547272,76.19047619047619,28.893584561132574,596.0:2.1812080536912752,593.0:-0.5033557046979865,597.0:0.16778523489932887,580.0:-2.684563758389262,552.0:-7.38255033557047,519.0:-12.919463087248323,530.0:-11.073825503355705,530.0:-11.073825503355705,555.0:-6.879194630872483
2778,195.0,198.0,2362225818.521983,199.45185185185184,255.0,135.0,0.35642335585263213,71025500.0,0.17585500086954972,0.29612350278850286,50.0,215.4,199.45185185185184,201.18505130671798,-0.26865671641791045,0.7185185185185186,9.814814814814815,-4.186360581555505,-5.391451230017514,209.30100778472325,190.49899221527676,35.714285714285715,28.37891379362508,195.0:-1.5384615384615385,181.0:-7.179487179487179,175.0:-10.256410256410255,185.0:-5.128205128205128,173.0:-11.282051282051283,178.0:-8.717948717948717,200.0:2.564102564102564,197.0:1.0256410256410255,197.0:1.0256410256410255
3070,261.0,260.0,1866527950.310559,253.4962962962963,277.0,240.0,-0.047082745733263404,4932800.0,-0.019502199235124643,0.03559015571206203,69.23076923076923,249.08,253.4962962962963,255.99127950239065,0.3208955223880597,-0.4740740740740741,2.748148148148148,2.705102689040501,2.57007271482168,261.1325432471388,250.56745675286118,18.181818181818183,20.796049188906334,261.0:0.38314176245210724,261.0:0.0,261.0:0.0,260.0:-0.38314176245210724,256.0:-1.9157088122605364,260.0:-0.38314176245210724,255.0:-2.2988505747126435,245.0:-6.130268199233716,245.0:-6.130268199233716
4124,1405.8809814453,1420.2462503293,1508289526.6142712,1333.3268066406222,1653.9212646484,1158.2850341797,0.16638621708991758,1428000.0,0.07885560801312622,0.09111048330119481,45.78834698180124,1414.258005371092,1333.3268066406222,1345.1895191341468,1.3435964656746295,0.0906675292207385,43.42705577781703,0.8357672662300502,6.540520952799641,1513.4280456769789,1366.6169738542512,84.84847296105987,32.65724533819536,1405.8809814453:-1.0217983651241898,1417.3732910156:0.8174454112385429,1406.8386230469:0.06811683309176884,1389.6003417969:-1.158038259516311,1335.9700927734:-4.972745886357244,1407.7965087891:0.1362510318498502,1417.3732910156:0.8174454112385429,1441.3154296875:2.520444383974241,1412.5848388672:0.4768438801276184
3490,1225.2763671875,1225.2763671875,1172153741.4441288,1196.9545355902708,1300.9364013672,1149.8472900391,0.0077763922300560515,165700.0,-0.13854098646898022,-0.10578029251992141,81.01253661762928,1196.6456616210899,1196.954535590271,1206.7169763278866,0.9152047738171646,-0.7340069536762965,17.158320094534826,6.751469451329967,2.9433905417529056,1228.439979748556,1163.2815656615842,1.999661330011668,18.469794174056407,1225.2763671875:0.0,1295.2076416016:5.707387842191089,1378.9282226562:12.54017947162341,1371.0487060547:11.897098709396142,1260.7344970703:2.8938883367342343,1383.8530273438:12.942113665368163,1585.7674560547:29.42120639237264,1707.9012451172:39.389062815070645,1706.9162597656:39.3086739837851
4563,149.0,160.0,23258777649.815334,296.52592592592595,403.0,145.0,-0.5540972991142287,184285200.0,0.20002306865320257,0.4163614788728326,50.79365079365079,195.48,296.52592592592595,312.82811813700704,-0.9925373134328358,-0.48148148148148145,11.007407407407408,-10.420940068427427,-13.765489482588354,176.38237361195536,145.01762638804462,50.0,32.281199910082464,149.0:-7.38255033557047,145.0:-2.684563758389262,136.0:-8.724832214765101,133.0:-10.738255033557047,120.0:-19.463087248322147,122.0:-18.120805369127517,122.0:-18.120805369127517,126.0:-15.436241610738255,128.0:-14.093959731543624
7895,416.0,416.0,7312195308.61363,314.2720588235294,416.0,280.0,0.23187771503503513,2254000.0,-0.030932203467459965,0.01503838026266579,87.21804511278197,329.68,314.2720588235294,312.58397721559487,0.9407407407407408,-0.2426470588235294,6.029411764705882,28.635100839545316,23.54636006464542,459.2292648589247,269.57073514107526,0.970873786407767,72.59066428099636,416.0:0.0,416.0:0.0,417.0:0.2403846153846154,417.0:0.2403846153846154,417.0:0.2403846153846154,417.0:0.2403846153846154,418.0:0.4807692307692308,418.0:0.4807692307692308,417.0:0.2403846153846154
2735,653.7649536133,658.4955249129,8896722142.84747,663.276164641203,704.3389892578,592.2688598633,0.006956142873302084,4930900.0,0.44707751399075696,0.36126799660430087,93.65111019103408,635.2321716308641,663.276164641203,668.2833365693342,0.12603551930522597,-0.10865956183111275,8.27818930935185,8.995332363692569,3.9210406915427254,670.953417915827,595.092724662283,8.928395835442418,54.142685744581634,653.7649536133:-0.7235890014376818,667.010559082:2.026050095755777,665.1182861328:1.7366076992581418,667.010559082:2.026050095755777,679.3099975586:3.907374325300682,671.7410888672:2.7496327471436817,640.5193481445:-2.02605009577108,655.6571655273:0.2894330605429195,649.98046875:-0.578875457055858
2391,1136.4135742188,1134.5732283496,6665931470.793404,1124.5474618417254,1220.2740478516,1070.1612548828,-0.047730471151914464,565000.0,0.06259466932757857,0.1471972429878706,84.61536499128377,1096.84615966796,1124.5474618417252,1133.2718241558096,1.5662519933455161,-2.1369038159644385,8.84417314141702,6.443068986670369,4.132901452852232,1125.0760126323046,1082.0508306294053,0.0,47.099243801977615,1136.4135742188:0.16194331983980084,1113.4091796875:-2.024297760356641,1112.4892578125:-2.1052473280025903,1112.4892578125:-2.1052473280025903,1105.1278076172:-2.753026478331769,1129.0522460938:-0.6477684086148272,1126.2917480469:-0.8906815618475884,1138.3657226562:0.1717815134988961,1150.5357666016:1.2426983189203766
5380,1133.0578613281,1121.1559930369,786853661.4275995,1277.9366699218756,2975.4672851562,915.4829711914,0.32733270640519235,4908800.0,0.030336753441653885,-0.03070771318444821,51.67243071169016,1254.866372070306,1277.9366699218756,1313.144651523366,9.301589627366425,-7.6245495862896355,82.34494449515628,-35.641327285409716,-53.32961856205321,1189.6078363293918,1034.8514043932682,52.21583831771708,34.39393101807162,1133.0578613281:1.0504201680617844,1942.3848876953:71.42856988949859,1694.8260498047:49.57983238544678,1613.8934326172:42.43698293796704,1561.5251464844:37.81512840430561,1427.2720947266:25.96639090025291,1375.8559570312:21.428569889494185,1390.1383056641:22.689083506703383,1431.0806884766:26.302524991899016
6815,4090.0,4090.0,31443451222.88943,3925.375,4150.0,2759.0,0.14776278145774643,10166900.0,0.07923604249151416,0.18930922153182275,60.0,4090.3,3925.375,3908.9770142439265,2.3555555555555556,2.110294117647059,40.93382352941177,0.3477858667752116,-0.2135475729758102,4094.3824720163498,4080.6175279836502,50.0,36.19047619047619,4090.0:0.0,4090.0:0.0,4090.0:0.0,4090.0:0.0,4090.0:0.0,4090.0:0.0,4090.0:0.0,4090.0:0.0,4090.0:0.0
8836,21.0,22.0,2111834040.5469117,20.548148148148147,24.0,19.0,0.09454994781508629,15643700.0,0.26374452686959665,0.19711550043033868,71.42857142857143,20.06,20.548148148148147,21.226455026455024,0.029850746268656716,-0.022222222222222223,1.2222222222222223,0.17904320642046656,0.06295354821659205,21.491640786499865,18.808359213500133,25.0,23.80952380952381,21.0:-4.761904761904762,22.0:4.761904761904762,21.0:0.0,21.0:0.0,21.0:0.0,21.0:0.0,21.0:0.0,21.0:0.0,20.0:-4.761904761904762
5214,2287.3354492188,2317.9412757726,207188519930.36392,2346.3121455439805,2536.9948730469,2209.0205078125,-0.015022177704580683,81911500.0,0.6213862990643654,0.45746143945070483,72.72733171296088,2296.319096679684,2346.3121455439805,2366.5519884088308,-1.2795741984768598,0.8784226393222154,34.65883115355555,5.931060425031774,0.3033061555149259,2353.2288382073143,2208.3894967536257,29.012168226075207,23.530742048483518,2287.3354492188:-1.3380558835064107,2287.3354492188:0.0,2234.2255859375:-2.3219096831397765,2257.6296386719:-1.298708090981824,2191.9172363281:-4.171588077441307,2204.0754394531:-3.640043693378514,2182.8471679688:-4.568122322665273,2208.6901855469:-3.43829164623667,2187.4619140625:-4.366370275527802
9048,2217.7507324219,2232.4183959961,323257637734.11127,2118.8292200159135,2283.2663574219,1967.4227294922,0.02677715592826055,87849600.0,0.30035547478125457,0.21377963246377113,52.51259339183243,2176.427153320314,2118.829220015914,2142.645150709851,1.8389334215813478,-1.2748193422725982,44.19856182656444,-0.08143308360104129,-9.478899728936796,2266.1309220870885,2055.8430769363717,5.142848640454645,28.530062626841207,2217.7507324219:-0.6613756613748132,2162.9914550781:-2.469135802471363,2125.8334960938:-4.144615307046773,2183.5263671875:-1.5432016201850247,2185.4819335938:-1.4550237029055457,2072.0520019531:-6.569662150880652,2050.5395507812:-7.5396742833265415,2078.8969726562:-6.261017423453377,2060.3178710938:-7.098762679977792
3927,707.0,688.0,3668584369.2691865,738.0814814814814,865.0,619.0,0.11863215200381552,7435000.0,0.2955000660169055,0.5158323975113492,55.73770491803278,691.4,738.0814814814814,752.7410182410183,-0.6567164179104478,0.837037037037037,31.007407407407406,-4.223128026797212,-5.158369757215894,701.2488999958517,663.4511000041483,50.0,27.745519375195364,707.0:2.6874115983026874,715.0:1.1315417256011315,719.0:1.6973125884016973,678.0:-4.101838755304102,652.0:-7.779349363507778,652.0:-7.779349363507778,653.0:-7.637906647807638,657.0:-7.072135785007072,667.0:-5.657708628005658
4412,1115.0,1131.5,7423756278.026906,1133.7851851851851,1448.0,941.5,0.14699473884439956,21025400.0,0.31420941433882404,0.4605779752336983,60.72874493927125,1120.67,1133.7851851851851,1172.4806176642287,4.981343283582089,-4.385185185185185,65.3037037037037,7.493774683538049,-3.446593273204421,1173.8886992858156,1011.3113007141841,39.716312056737586,42.467320861673294,1115.0:-1.4798206278026906,1082.0:-2.9596412556053813,986.0:-11.569506726457398,997.0:-10.582959641255606,879.0:-21.16591928251121,881.0:-20.986547085201792,865.0:-22.421524663677133,864.0:-22.51121076233184,850.0:-23.766816143497756
9715,3075.7036132812,3075.7036132812,113579384252.6432,3338.94283854167,3789.4548339844,2845.6127929688,0.08047656629947773,14308300.0,0.43615767861815596,0.41187970272856717,69.47368766706289,3273.957407226574,3338.9428385416704,3364.1250965727204,3.6444485646238953,-2.0522081756637176,65.04456682231186,-46.26794824094986,-77.35812483459813,3291.462453437046,2803.1264869926645,31.66665750396175,42.70348058335225,3075.7036132812:0.0,3075.7036132812:0.0,2991.1804199219:-2.748092923983971,3052.2248535156:-0.7633622324406137,3066.3120117188:-0.30534806805981135,3005.267578125:-2.290078759606421,3089.7907714844:0.45801416438080234,3169.6181640625:3.0534330543348673,3108.5739746094:1.0687103005069305
2590,2266.7194824219,2308.109634088,77463116810.68092,2362.280452473958,2551.5812988281,2196.1130371094,-0.03323699928252864,9294600.0,0.4605004187931052,0.22937321504148372,88.333219131677,2279.769677734372,2362.280452473958,2388.2960223937207,-0.6650900631544852,-0.2055117036036959,34.04000443111631,7.467409455933193,-4.935358028279341,2317.249214865211,2167.008597634789,11.320735171005076,44.920855216459415,2266.7194824219:-1.825993555315285,2347.0654296875:3.5445915513000985,2364.1081542969:4.29645894122479,2376.2819824219:4.8335270795368475,2361.673828125:4.189064700747401,2235.068359375:-1.3963405393719932,2264.5261230469:-0.09676360008413931,2301.2878417969:1.5250391432673034,2340.5002441406:3.254957761243052
6409,2716.0,2720.0,51454693577.813225,2646.7426470588234,2722.0,1612.0,0.4247385242321572,21577900.0,0.08800980700991404,0.008526388858665754,40.90909090909091,2714.88,2646.7426470588234,2615.396070228791,8.585185185185185,-0.5,13.838235294117647,1.3105171459314988,1.6349384148325794,2721.5266596210336,2713.9733403789664,100.0,48.46013913266002,2716.0:-0.14727540500736377,2716.0:0.0,2717.0:0.036818851251840944,2718.0:0.07363770250368189,2720.0:0.14727540500736377,2720.0:0.14727540500736377,2723.0:0.25773195876288657,2723.0:0.25773195876288657,2723.0:0.25773195876288657
4444,845.0,856.0,1697108043.6607893,747.4592592592593,1023.0,656.0,0.13744910967216092,4176700.0,0.2117052012827815,0.11287911515055206,60.68702290076336,817.02,747.4592592592593,758.2841052568831,2.2238805970149254,-1.711111111111111,28.918518518518518,10.127431741231248,7.250127260109359,876.4713139064697,774.9286860935304,57.5,25.36004908341486,845.0:-1.301775147928994,826.0:-2.2485207100591715,800.0:-5.325443786982249,794.0:-6.035502958579881,755.0:-10.650887573964498,794.0:-6.035502958579881,771.0:-8.757396449704142,763.0:-9.70414201183432,852.0:0.8284023668639053
6461,1231.0,1226.0,8583984538.5280905,1252.1470588235295,1348.0,1174.0,-0.028463782662130722,3532700.0,0.5257562239614396,0.33549133230263234,70.83333333333333,1210.94,1252.1470588235295,1264.6909161712472,1.348148148148148,-1.8308823529411764,15.764705882352942,5.867619066653106,-0.3422184720625123,1233.7451655863447,1160.1548344136554,0.0,22.937006459662907,1231.0:0.4061738424045491,1210.0:-1.7059301380991063,1203.0:-2.274573517465475,1215.0:-1.2997562956945572,1221.0:-0.8123476848090982,1212.0:-1.543460601137287,1221.0:-0.8123476848090982,1272.0:3.3306255077173033,1263.0:2.5995125913891144
8142,1596.2243652344,1623.793007121,16661121145.560778,1291.5456203884532,1623.7930908203,983.5364379883,0.4066708454715958,4517900.0,0.1929636251026738,0.01836678737133974,78.40910691893168,1506.4977148437479,1291.5456203884532,1282.280446510913,4.488878709122392,0.21949368062814503,36.91750032360519,24.455130632240298,19.510215778572473,1617.4328430110395,1478.2501281803602,1.7647059664657316,22.378797782509405,1596.2243652344:-1.727115716752745,1662.3891601562:4.145081127870386,1664.2269287109:4.26021334829794,1659.6324462891:3.97237897351534,1593.4675292969:-0.1727098018012755,1485.9499511719:-6.908453251576985,1442.7590332031:-9.61427073622975,1472.6109619141:-7.744112044182949,1658.4383544922:3.897571708139168
6462,2315.0,2346.0,22368037998.09615,2350.9338235294117,2479.0,2220.0,0.0008850514881393718,3449100.0,0.5382457099152925,0.22863673753861477,66.28352490421456,2308.18,2350.9338235294117,2369.3985390018474,3.4518518518518517,-3.7058823529411766,31.595588235294116,3.6918678021370397,-10.337550557902663,2340.730423868106,2190.8695761318945,27.205882352941178,28.559571407604967,2315.0:-1.3390928725701945,2280.0:-1.511879049676026,2230.0:-3.6717062634989204,2256.0:-2.548596112311015,2233.0:-3.5421166306695464,2254.0:-2.634989200863931,2266.0:-2.1166306695464363,2411.0:4.146868250539957,2434.0:5.140388768898488
2590,2266.7194824219,2308.109634088,77463116810.68092,2362.280452473958,2551.5812988281,2196.1130371094,-0.03323699928252864,9294600.0,0.4605004187931052,0.22937321504148372,88.333219131677,2279.769677734372,2362.280452473958,2388.2960223937207,-0.6650900631544852,-0.2055117036036959,34.04000443111631,7.467409455933193,-4.935358028279341,2317.249214865211,2167.008597634789,11.320735171005076,44.920855216459415,2266.7194824219:-1.825993555315285,2347.0654296875:3.5445915513000985,2364.1081542969:4.29645894122479,2376.2819824219:4.8335270795368475,2361.673828125:4.189064700747401,2235.068359375:-1.3963405393719932,2264.5261230469:-0.09676360008413931,2301.2878417969:1.5250391432673034,2340.5002441406:3.254957761243052
1826,405.4541320801,403.6194979983,5844799668.771424,400.6773096155297,440.3122253418,362.3402709961,-0.017587974198363696,2907000.0,0.36018818102518785,0.2926901826643288,79.6874861924492,381.80572021485597,400.6773096155297,404.4121799971581,-0.2875171555455239,0.2650027291725943,6.054292778564444,7.011532976134902,6.036334467212196,419.320299214608,361.40827744557214,7.317017447452819,47.851192862150704,405.4541320801:0.4524886877802397,405.4541320801:0.0,410.0407409668:1.1312275603578947,415.5446166992:2.488687084611224,394.4463500977:-2.7149265752766665,412.7926940918:1.8099610858695634,409.1234436035:0.9049880696924523,433.8909912109:7.0135822725274615,474.2529296875:16.968330611021706
7482,923.7366943359,926.5387267758,25555308128.76599,932.7108118127882,1025.8283691406,821.5868530273,0.10652705868881604,2844900.0,0.45506329874797474,0.32177767869007734,34.48275706662193,954.9013000488261,932.7108118127882,939.3492569623766,0.4390510258395517,0.2116998839555562,20.130736060278522,-11.306097266248685,-11.859696089543613,1000.6990280039303,876.7560501210595,40.983608186663794,35.66203506497203,923.7366943359:-0.3033367037469997,901.3204956055:-2.4266870492262513,873.3001098633:-5.460060727463061,873.3001098633:-5.460060727463061,858.3558959961:-7.077860903512559,877.0361328125:-5.055613987162685,856.4878540039:-7.280087577374745,886.3762207031:-4.0444938326997475,914.3966064453:-1.011120154462938
9511,1055.6807861328,1056.6628147711,56463280321.92893,1126.1686423972787,1327.7027587891,912.3045654297,-0.08348991970512622,31250500.0,0.15757068057315846,0.045179174229657476,80.3030581259688,1009.191552734374,1126.1686423972785,1144.5182873925737,-0.6375865257925428,-0.5237486353659211,17.763807267138514,7.42657795109028,-1.3766443465082956,1041.801034962627,960.7517665510131,10.185187286357987,19.658440097016662,1055.6807861328:-0.09302325581746192,1028.1839599609:-2.604653464673462,996.7590942383:-5.581392847959619,986.9387817383:-6.511627880082734,975.1544189453:-7.627908762315026,1001.6692504883:-5.116275331898063,988.9028320312:-6.325582029983033,1038.0041503906:-1.6744299957332331,1038.0041503906:-1.6744299957332331
6462,2315.0,2346.0,22368037998.09615,2350.9338235294117,2479.0,2220.0,0.0008850514881393718,3449100.0,0.5382457099152925,0.22863673753861477,66.28352490421456,2308.18,2350.9338235294117,2369.3985390018474,3.4518518518518517,-3.7058823529411766,31.595588235294116,3.6918678021370397,-10.337550557902663,2340.730423868106,2190.8695761318945,27.205882352941178,28.559571407604967,2315.0:-1.3390928725701945,2280.0:-1.511879049676026,2230.0:-3.6717062634989204,2256.0:-2.548596112311015,2233.0:-3.5421166306695464,2254.0:-2.634989200863931,2266.0:-2.1166306695464363,2411.0:4.146868250539957,2434.0:5.140388768898488
9934,2581.7673339844,2607.0054650552,139099467249.64017,2533.1840115017335,2685.3283691406,2361.0776367188,0.08361911131260262,9268400.0,0.7021376900064982,0.4175253546311167,57.43801388080184,2576.159814453124,2533.1840115017335,2541.757314504386,2.0860378426074706,-0.15887958763185925,35.958813312866674,0.7643479216671949,-5.803899423522587,2656.00135482673,2497.97769790764,13.043445630435276,16.168618100797513,2581.7673339844:-0.9775524981893133,2598.5930175781:0.651711847625447,2561.203125:-0.796516739278113,2568.6809082031:-0.5068785869679415,2549.986328125:-1.2309786959134266,2472.4025878906:-4.236041902545074,2497.6403808594:-3.258502500113681,2606.0708007812:0.9413499999356183,2591.1149902344:0.3620642389790374
9241,1087.0,1116.0,916798536.5853659,1202.9703703703703,1524.0,1053.0,0.02106740223072723,409800.0,0.051904783816524934,0.07150655430243068,51.30890052356021,1149.68,1202.9703703703703,1231.1449565249563,0.5970149253731343,-1.9333333333333333,37.1037037037037,-14.340575743664658,-17.514023167298838,1132.9390630127998,1077.5609369872002,31.57894736842105,17.848493453275946,1087.0:-2.667893284268629,1095.0:0.7359705611775529,1110.0:2.1159153633854646,1098.0:1.011959521619135,1070.0:-1.5639374425023,1102.0:1.3799448022079117,1084.0:-0.27598896044158233,1121.0:3.1278748850046,1137.0:4.599816007359705
3911,387.96875,383.9895833333,15326754928.109,314.2141678421674,459.59375,284.5104370117,0.2803747558356246,98797900.0,0.2465347342723476,0.3070371021901452,55.63380563148109,330.370324096684,314.2141678421674,312.5768934284092,0.08166193904999693,0.6853009093703737,10.611111423781479,25.27169387255526,29.34036156070999,493.59155055232515,276.97410191349485,69.09090583256727,74.10230667985424,387.96875:1.0256410256496162,412.8385620117:6.410261654244058,419.8020935059:8.205130827134923,385.9791870117:-0.5128152688328655,397.9166870117:2.564107808090211,379.0:-2.3117196939186466,399.0:2.8433346757954086,369.0:-4.889246878775674,373.0:-3.8582360048328637
4889,336.0,332.0,4220194778.7917295,356.9555555555556,424.0,286.0,-0.11407234030113095,18688100.0,0.34684586082929136,0.48457780322190785,73.11827956989248,318.82,356.9555555555556,369.42822029822037,-0.6417910447761194,-0.007407407407407408,15.074074074074074,5.398141385232748,1.8663846852844546,344.8676004753172,279.0323995246828,14.814814814814815,33.21248497771602,336.0:1.1904761904761905,345.0:2.6785714285714284,331.0:-1.488095238095238,335.0:-0.2976190476190476,390.0:16.071428571428573,347.0:3.273809523809524,347.0:3.273809523809524,382.0:13.690476190476192,383.0:13.988095238095239
6045,930.6968383789,933.5901964257,7128760458.253108,689.6479727285875,952.8792724609,537.2001342773,0.37743465601737486,3733600.0,0.1567605228001567,0.30002724613935955,68.8715675444609,820.4213256835959,689.6479727285874,684.598288824813,2.5118948685694,-0.16431409955925608,22.932541824031116,37.31519064713734,33.900000781713565,984.7164992663934,775.8918991710968,31.36099370844962,39.44534984406624,930.6968383789:-0.3108808290183629,983.7417602539:5.699484481691626,938.4124755859:0.8290172362075694,965.417175293:3.7305742839501157,861.2562255859:-7.4611420098893415,857.3984375:-7.875647348987681,878.616394043:-5.595854867908908,888.260925293:-4.559584962146794,873.794128418:-6.113989820789965
2999,521.5286254883,531.2405179555,3182115170.9859056,503.55688185919246,593.6213378906,422.1514282227,0.25556250642964246,14867800.0,-0.11841587702361944,-0.13554822078756504,50.434755522089596,521.489751586918,503.5568818591924,507.5440611113126,1.346778458557692,-0.4015117017876188,17.705980722479048,-2.8696577718677645,-2.4521230981506137,562.6191590219025,493.74333487459745,19.14890244267015,30.356185072690067,521.5286254883:-1.862197392924856,512.787902832:-1.6759813803348196,519.5862426758:-0.3724403067389396,518.6149902344:-0.5586721632339933,500.1624450684:-4.096837522560747,519.5862426758:-0.3724403067389396,472.9691467285:-9.31099011378991,490.4505615234:-5.9590332047070405,495.3064880371:-5.027938289417689
3672,287.0,307.0,5342197206.07538,323.14074074074074,414.0,265.0,0.07550284667759785,21344300.0,0.3216961326649484,0.4941453790377305,62.65060240963856,288.54,323.14074074074074,331.47345769456876,-0.13432835820895522,0.037037037037037035,12.637037037037038,2.7293914966587067,-1.2168617472016234,303.8193402424581,258.38065975754193,12.727272727272727,17.57698305642197,287.0:-6.968641114982578,275.0:-4.181184668989547,255.0:-11.149825783972126,218.0:-24.041811846689896,196.0:-31.70731707317073,196.0:-31.70731707317073,201.0:-29.965156794425084,213.0:-25.78397212543554,199.0:-30.66202090592334
9562,1966.603515625,2000.8616747955,1936829168.2462645,2221.26201660156,3198.9711914062,1925.8641357422,-1.7966780918213614,4162600.0,0.0,0.0,45.08598609230543,2221.26201660156,2221.26201660156,2602.889357724334,-17.399123299975003,-57.10927752656399,146.773063965932,-203.16047879718872,-232.97762408073828,2357.7070769622583,1855.6761871978913,72.05881427102952,0.0,1966.603515625:-1.741996233522064,1916.6052246094:-2.542367621045882,1759.2027587891:-10.546139838969351,1686.0570068359:-14.265534794385864,1384.21484375:-29.613934239811062,1549.9501953125:-21.186442361264913,1601.8004150391:-18.549905849729097,1657.3542480469:-15.725043971551045,1515.6920166016:-22.92843958839854
4591,219.0,255.0,7282812724.396031,189.5851851851852,278.0,156.0,0.4848145938775122,229400800.0,0.2061721953697642,0.2760078393667388,90.47619047619048,177.52,189.5851851851852,192.63507922119035,0.15671641791044777,0.6148148148148148,9.2,17.607278697069063,5.652571574343323,249.37164390083547,113.92835609916455,0.0,32.6357757340648,219.0:-16.43835616438356,263.0:20.091324200913242,210.0:-4.10958904109589,215.0:-1.82648401826484,181.0:-17.35159817351598,188.0:-14.15525114155251,172.0:-21.461187214611872,183.0:-16.43835616438356,202.0:-7.76255707762557
4416,540.0,518.0,2428768038.1029587,541.8,611.0,478.0,0.023568513090104395,2805100.0,0.31723326826869436,0.48754759147702914,44.5945945945946,511.7,541.8,553.2515717204606,0.19402985074626866,-0.37777777777777777,19.57777777777778,-1.3895023898487011,-1.506116273096229,520.6017542791056,491.7982457208943,63.265306122448976,14.885127711351018,540.0:4.074074074074074,532.0:-1.4814814814814816,528.0:-2.2222222222222223,500.0:-7.4074074074074066,437.0:-19.074074074074073,458.0:-15.185185185185185,445.0:-17.59259259259259,466.0:-13.703703703703704,464.0:-14.074074074074074
1605,1377.0930175781,1404.1301841536,1698566341574.16,1355.8703721788168,1597.4002685547,1201.3513183594,0.09424413564463453,1618477800.0,0.4099567193208633,0.2413838213783805,46.200579747374746,1353.588637695312,1355.870372178817,1370.0890582138827,0.6525940433768547,-0.09452127007702647,33.88129598258742,7.565903701983416,11.924479489699209,1468.4860470288017,1330.4914309985184,54.966895116434074,31.87825285602695,1377.0930175781:-1.963350785341321,1381.5991210938:0.32721852904496884,1313.1049804688:-4.646602393049384,1323.0185546875:-3.926710991948896,1331.1297607422:-3.337701683851087,1263.0751953125:-8.279602090069679,1301.7690429688:-5.469781172935768,1335.8565673828:-2.9944564142676966,1298.0838623047:-5.7373869640522726
9993,1195.7216796875,1212.7898717845,13212170868.067951,1279.414283130789,1453.5153808594,1071.5031738281,-0.11689982762082692,1608300.0,0.3698188515980898,0.15111318016399955,90.90908330964295,1135.489833984374,1279.414283130789,1302.0737324124439,0.3724784202074682,-1.9805672796318572,15.718422879182974,11.65940828441262,-3.935001344752705,1188.3693871951614,1032.7711889767188,16.778453425030026,32.34266837372883,1195.7216796875:-1.4274385408367614,1229.8580322266:2.8548744343266823,1229.8580322266:2.8548744343266823,1226.0649414062:2.5376525519408615,1231.7545166016:3.013480271054142,1229.8580322266:2.8548744343266823,1197.6180419922:0.1585956278049267,1269.6837158203:6.185556169904844,1302.8719482422:8.96113789479033
4575,1136.0,1002.0,11561994801.444044,616.2148148148148,1000.0,173.0,1.6283903455121806,354876400.0,0.13935932856886446,0.060729538388318294,77.53479125248509,730.74,616.2148148148148,610.5015861915862,1.9029850746268657,4.185185185185185,54.44444444444444,46.05923141183939,23.437754744206963,927.401458681471,621.6985413185289,7.826086956521739,24.353674902996097,1136.0:11.795774647887324,1101.0:-3.080985915492958,1344.0:18.30985915492958,1526.0:34.33098591549296,1164.0:2.464788732394366,1310.0:15.316901408450704,1236.0:8.80281690140845,1532.0:34.859154929577464,2016.0:77.46478873239437
9423,91.9344558716,91.9344558716,2191095884.648616,94.74355994331707,100.5533065796,90.9767990112,0.030710359026335243,6546500.0,0.1896361920572713,0.2947235165967254,54.54545454554086,93.562458190922,94.74355994331704,95.52576669078265,0.021439964010446393,1.073334698486616e-09,1.5818968149437032,0.3556332135539009,0.3352843933328321,96.3309197478405,92.13470754100952,49.999982727252636,48.02700316230486,91.9344558716:0.0,91.9344558716:0.0,90.0191497803:-2.0833386929216213,92.8920974731:1.0416568982988144,91.9344558716:0.0,91.9344558716:0.0,93.8497467041:2.083322095444815,92.8920974731:1.0416568982988144,100.5533065796:9.374995072617285
6838,854.9667358398,818.5223012476,4756122738.055585,681.5291594328704,856.936706543,596.9007568359,0.0014653955402577708,5021900.0,0.0777346785446942,0.2562908600136329,62.337660015150114,655.093637695308,681.5291594328704,697.4331439711324,-1.4113212763335818,0.6566564655585184,20.3928316501963,25.69116213466691,20.125902838910257,819.0784419299517,543.7464298962083,34.24124635220007,22.400921564702973,854.9667358398:4.26267281105411,863.8315429688:1.0368598867524936,904.2159423828:5.760365225744656,842.1618652344:-1.4977039536891752,763.3631591797:-10.714285459319234,760.408203125:-11.059907801198706,728.888671875:-14.746546114564152,780.1079101562:-8.755758855351155,755.483215332:-11.635952176558224
3174,886.780456543,881.9922251361,2249640927.840589,872.1434493453422,904.9757080078,846.5593261719,0.02310133807930171,181200.0,0.12409000569357016,0.08793207895107528,61.53862496126309,871.3815539550761,872.1434493453422,873.3275539228474,-0.22460450877239097,0.3875459157822248,6.109400566960735,2.821518139844329,2.086185612951564,885.6373585825348,866.0893259877352,43.749444601694194,43.94087566301063,886.780456543:0.5399568034647803,895.3992919922:0.9719243794342759,892.5263671875:0.6479518805477156,890.6110839844:0.43197021462710256,901.1452026367:1.6198762599819914,904.975769043:2.0518395918344994,879.1193237305:-0.8639266636937337,884.8651733398:-0.21598166593189472,881.0346069336:-0.6479449977731206
6694,1019.3877563477,1016.7307943415,4193547890.19042,953.2589206271717,1107.953125,821.8869018555,0.07484590102381743,1843300.0,0.3219979389233099,0.33347641534010614,80.00003445769755,945.0282446289061,953.2589206271718,966.4909244104525,-1.1434179411089533,1.5351334905555538,33.103778270130384,20.408466695962034,9.262586234323612,1028.052778843331,884.8713117328591,11.278135143380336,24.551589189803373,1019.3877563477:0.2606429192086344,1020.2733764648:0.08687764901875941,979.5333862305:-3.909637904617543,1015.8451538086:-0.3475225709785434,1015.8451538086:-0.3475225709785434,989.6429443359:-2.9179094830774543,964.647277832:-5.369936824808082,972.0534057617:-4.6434097615211005,1034.0797119141:1.4412528966444405
9193,421.9305419922,422.8619559922,4135493988.9540415,455.9513052481208,489.9237670898,419.1362915039,-0.10834972314505104,626000.0,0.17430621514862166,0.20181972061182332,39.285634881334815,433.64773620605405,455.9513052481207,460.97888827709386,-0.3614443869985072,-0.11038981330962971,3.8981401063051853,-4.0096418845147355,-4.442628969504123,430.34568812160273,417.0547879526073,76.92337216185837,67.26104096393779,421.9305419922:-0.22075055188046483,429.3818664551:1.7660073688236946,429.3818664551:1.7660073688236946,425.6561889648:0.8830000679753705,425.6561889648:0.8830000679753705,430.3132629395:1.9867537694047712,425.6561889648:0.8830000679753705,442.421661377:4.856514839634155,449.8729553223:6.622514975608608
8511,986.8466796875,1014.4707662811,85174388248.18968,798.6466593424467,996.2384643555,738.0385742188,0.14383394677620964,23580400.0,0.5876125950962505,0.4152868342931778,89.7959278340274,822.071695556634,798.6466593424466,800.807311531985,-0.09556783397985032,1.2908093773474068,14.325300594871843,44.31795214024521,35.00019449979568,995.6477067807031,780.6641340395873,4.142011279049049,89.06697471872518,986.8466796875:-2.7992277992309447,981.1314086914:-0.5791447763607849,1015.4233398438:2.8957548061416443,1039.2371826172:5.30887968800688,1082.1022949219:9.652524266947339,1049.7153320312:6.370660573495397,1079.2445068359:9.362936416593017,1098.2956542969:11.29344374393518,973.5109863281:-1.351343996376718
3173,679.4231567383,684.9694682219,4590843874.257878,659.0740379050823,683.1206665039,644.4961547852,0.04202710275666714,701500.0,0.4165731057062769,0.3233335333002988,65.45463276423303,665.211378173812,659.0740379050823,660.6574918811219,0.3444231438820951,-0.11628076227259836,5.188942772288889,3.8313484135134104,3.1812208893889826,681.8974344256067,662.8056600567834,0.0,12.660930906493254,679.4231567383:-0.8163265306154879,683.1206665039:0.544213091492287,670.1792602539:-1.360550695501327,670.1792602539:-1.360550695501327,672.0280151367:-1.0884441497551836,679.4231567383:0.0,678.4987182617:-0.13606225625837648,683.1206665039:0.544213091492287,703.4571533203:3.5374120448557798
7727,476.1593017578,528.0182356126,8457846616.889445,404.1740046748363,713.6821289062,269.9661865234,0.6120919513960977,102724400.0,0.17025050217896356,0.15083629508483024,76.54865583711046,434.943773193354,404.1740046748363,407.2002350997387,1.96895989168433,-0.07682798683926093,22.745947683197777,23.687105921676732,14.68198146995452,537.8577684666794,377.1223890040204,4.861111438600363,35.52917755187321,476.1593017578:-10.891089108908822,471.4448547363:-0.9900986926215769,448.8154907227:-5.7425762626408785,463.9017028809:-2.5742642917295866,443.1581420898:-6.93069725744561,422.4145507812:-11.287136632256207,407.3283691406:-14.455442194051916,404.4996948242:-15.049502691443776,434.6721191406:-8.712878749621193
6668,1708.9547119141,1772.8951943326,14496331529.06318,1694.466693793403,2116.6259765625,1308.8422851562,-0.012623190587061798,18173400.0,0.6257148230890975,0.49563441924882734,68.42104133923064,1510.1579516601541,1694.466693793403,1734.3216748604482,2.8404858754022437,-4.116190007793338,53.47141852253111,74.0572369699662,64.9538770502449,1875.606395926287,1379.9329595424733,24.074104101131255,46.502421525243726,1708.9547119141:-3.7414965986362567,1727.3618164062:1.0770972667545555,1893.9946289062:10.827666508777614,1747.7065429688:2.267575072910876,1503.5700683594:-12.018144314933934,1611.1064453125:-5.725620808991826,1607.2312011719:-5.9523818877719386,1541.3531494141:-9.80725594022789,1519.0708007812:-11.111114285774267
9749,3993.8459472656,4003.5633339986,267169231272.91574,3823.212921368631,4217.3466796875,3247.0581054688,0.16458090803427894,24274200.0,0.5261083640967534,0.442153999945873,52.380975169223646,3942.7326953124934,3823.212921368631,3825.5067223650876,4.847108205469401,0.2554520673600025,72.22015644889258,21.61035376056725,14.913169259456513,4050.2748588097497,3869.881513260551,39.47365001102523,15.135459808242539,3993.8459472656:-0.24330900243292622,3882.0961914062:-2.7980487313465323,3653.7377929688:-8.515805536506889,3765.4877929688:-5.71775069224055,3673.1723632812:-8.02919261830693,3669.5498046875:-8.119896131700584,3733.3256835938:-6.523042378491489,3806.9128417969:-4.680528691816076,3689.1733398438:-7.6285518130812
5759,2639.0,2660.0,18695385375.070858,2819.926470588235,3450.0,2305.0,-0.11763484672402953,16495600.0,0.028010138341827643,0.1972599499857616,32.42320819112628,2692.4,2819.926470588235,2900.4396047171786,-15.518518518518519,10.544117647058824,101.91911764705883,-18.358959188521567,-1.7998964111324414,2957.1524117793815,2551.8475882206185,83.04347826086956,15.3061082529345,2639.0:-0.7957559681697612,2540.0:-3.751420992800303,2410.0:-8.67752936718454,2201.0:-16.597195907540733,1754.0:-33.535430087154225,1560.0:-40.88669950738916,1674.0:-36.56688139446761,1669.0:-36.75634710117468,1607.0:-39.10572186434255
3475,698.375793457,704.842235989,20250672123.76705,614.1105213306555,803.8101806641,487.7153625488,0.2990966703350381,33491600.0,0.3020567756719829,0.2662788118924491,81.95495818621713,683.6246704101599,614.1105213306555,613.991137703423,-0.12774885445671882,1.6532473954711135,17.780130048833332,-1.047668832109025,-9.278372664831915,711.9066492967213,594.9152195997688,4.807691853373748,58.28000095855571,698.375793457:-0.9259259259245964,706.6897583008:1.1904715085620914,692.8331298828:-0.7936505855627514,822.1620483398:17.724877643603737,790.7535400391:13.22751267262929,705.7659912109:1.058197867557536,715.9276123047:2.5132341372855316,736.2506713867:5.423280457963355,745.4884643555:6.746034347108399
9279,1953.7928466797,1961.1935771595,38142200843.08839,1388.483567075377,1963.6604003906,992.6130981445,0.5445219623136985,22816800.0,0.1819396598707925,0.29530275135950046,63.21838949707235,1706.2933618164043,1388.483567075377,1367.1930128214594,-0.3467035686552249,7.311512919857778,45.60455542756742,61.70108819343818,53.95100487510318,1959.2168586362438,1656.0398064028166,1.769912317723285,39.474731197989456,1953.7928466797:-0.37878787878545045,1901.9875488281:-2.6515245943109367,1855.1162109375:-5.050516788916098,1995.7303466797:2.1464660427674875,2158.5463867188:10.479797814136782,2087.005859375:6.818174860333011,2119.0759277344:8.459601095151113,2084.5388183594:6.691905536551193,2032.7340087891:4.0404059336973015
3475,698.375793457,704.842235989,20250672123.76705,614.1105213306555,803.8101806641,487.7153625488,0.2990966703350381,33491600.0,0.3020567756719829,0.2662788118924491,81.95495818621713,683.6246704101599,614.1105213306555,613.991137703423,-0.12774885445671882,1.6532473954711135,17.780130048833332,-1.047668832109025,-9.278372664831915,711.9066492967213,594.9152195997688,4.807691853373748,58.28000095855571,698.375793457:-0.9259259259245964,706.6897583008:1.1904715085620914,692.8331298828:-0.7936505855627514,822.1620483398:17.724877643603737,790.7535400391:13.22751267262929,705.7659912109:1.058197867557536,715.9276123047:2.5132341372855316,736.2506713867:5.423280457963355,745.4884643555:6.746034347108399
7501,892.828125,754.8720926279,1868463477.6821146,717.3210092050051,757.7866821289,688.8086547852,0.04722687857278977,183700.0,0.030343406393533345,0.07357471954442059,49.411780357615335,727.6889404296941,717.3210092050051,721.2624571440393,0.2755064219597016,-0.028785822134074334,10.305323068174811,6.01507184503032,6.441289468789413,762.4235797057839,729.056052862586,51.28200857929742,18.271180964917868,892.828125:15.451577801953768,748.125:-16.207276736493938,728.4375:-18.412348401323044,720.5625:-19.294377067254686,706.78125:-20.83792723263506,742.21875:-16.868798235942666,888.890625:-0.4410143329658214,792.421875:-11.245865490628445,735.328125:-17.640573318632853
8255,824.0390625,841.9011809068,76116131431.72787,779.221398925783,851.4276123047,686.4877929688,0.15362336931809237,11509600.0,0.5425388576891412,0.3824311160513203,78.63244980165823,800.9794116211,779.221398925783,781.0146983706862,-0.106679088214175,1.0559317791170333,13.907961820844436,9.129498855118072,3.013017890049734,849.8128677397646,761.1119796723655,11.538519848751516,31.861766022190324,824.0390625:-2.1676300578044563,803.7953491211:-2.456644872815116,796.6504516602:-3.323702975524899,803.7953491211:-2.456644872815116,816.8941650391:-0.8670581027097831,784.7423095703:-4.768797344446278,787.1240234375:-4.479768101102611,824.0390625:0.0,818.0849609375:-0.7225508878712894
8101,1371.6147460938,1390.0752406576,15398171404.19232,1304.0083161530667,1483.30078125,1107.6296386719,0.18128485954091156,9198600.0,0.359626469582737,0.39433902896881445,58.82353293188542,1332.55234375,1304.0083161530667,1305.733897114153,1.3500954564096952,0.7315826037681543,27.239485383686667,11.318745920650827,2.0805446677775303,1390.206556465331,1272.9966783979391,2.7523749932092882,10.630091069091648,1371.6147460938:-1.345895020185031,1344.8470458984:-1.951546545531925,1342.0778808594:-2.1534374224626545,1346.6931152344:-1.8169555941545488,1331.0017089844:-2.960965331195311,1354.0772705078:-1.2786006884181385,1371.6147460938:0.0,1400.228515625:2.0861374968947133,1453.7639160156:5.989230587943975
9504,717.9724731445,712.1901445018,245875652986.0484,778.1943793402814,886.6237182617,624.4914550781,-0.10781958275360587,270675400.0,0.15796404173540726,-0.07822697980965268,82.9059546841032,689.851101074218,778.1943793402814,793.4087581758573,-0.6256996318947786,-0.38548857637333134,14.27021644880297,9.843583171547834,1.809147104842272,729.6781736646496,641.2156129564603,2.352940879237602,58.162158672545964,717.9724731445:0.8053691275064038,663.0403442383:-7.651007658498946,626.4189453125:-12.751676597157482,623.5277709961:-13.154362553032298,622.5640258789:-13.288594038673956,643.7659912109:-10.335560861908576,640.8748168945:-10.738246817783393,664.0040893555:-7.516776172857289,660.1491699219:-8.053693614373762
9507,744.3276367188,732.8174155324,147318498057.95,733.3431889286755,802.837890625,612.9192504883,-0.01085547108298009,93325500.0,0.2798687869728777,-0.011799048749758925,76.99117087417922,687.0451000976561,733.3431889286755,743.4589236507031,0.25769131591790845,-0.4902501829118499,14.345146022358522,9.89206068574913,4.161621844749024,732.0545597533454,647.0617671509445,12.162172056204822,45.4192817478664,744.3276367188:1.5463917525809248,703.0827026367:-5.5412337319515625,682.9397583008:-8.247426991776711,705.0010375977:-5.283506507223407,711.7153320312:-4.381444820638934,694.4500732422:-6.701022643264191,679.1030883789:-8.76288144121958,695.4092407227:-6.572159030900113,700.205078125:-5.927840969106607
3963,491.9143371582,514.7248810184,13692798105.915743,413.792806780777,564.3129882812,245.9571685791,0.5756988495731299,42611000.0,0.36009628053598247,0.4039637756586802,62.76151053188419,486.59847717284595,413.792806780777,412.59551287121377,0.5772949003507443,1.2635792302422244,21.605735270398515,13.548056289476676,7.23700551928879,566.0350326751566,426.02524869690353,31.97673016084939,21.62347911134858,491.9143371582:-4.637096774201986,468.1120300293:-4.838709777480049,459.1861572266:-6.653227494988538,446.2932434082:-9.274194774145855,425.466217041:-13.508067380404537,455.2191162109:-7.459677056637365,447.2850036621:-9.072582383738732,439.3508911133:-10.685487710840098,483.9802246094:-1.6129053271013671
2831,2896.7746582031,2881.1743907742,23947221491.56955,2930.502112268524,2999.6877441406,2876.0903320312,0.0063389275942747885,205300.0,-0.001444121410959107,-0.09942127954953636,56.410246473398345,2934.52774902344,2930.502112268524,2940.4944271570444,-2.045420148247762,2.102061408952593,17.26902207978149,-4.430140263955764,-6.158485406877853,2957.3419771615386,2892.775918346281,11.363997728648096,21.11893079569674,2896.7746582031:0.5385392123865369,2894.8244628906:-0.06732298996670065,2894.8244628906:-0.06732298996670065,2891.8996582031:-0.16829061888521263,2907.4997558594:0.3702427327555024,2897.7495117188:0.03365306697017107,2916.2751464844:0.6731793315741164,2925.0500488281:0.9760990743594645,2903.5998535156:0.2356136088519133
3536,125.2361068726,127.208329028,3867947845.7945504,124.36837192111702,161.4520568848,100.1780776978,0.2305521681522024,57241600.0,0.19050018021275572,0.14494010650962372,58.33335213831226,129.180554199218,124.36837192111705,125.59401097660019,0.2982931134231333,-0.09585940014814719,4.654584494368889,0.33475242828680507,-0.07028569743657011,132.41480908735304,121.31157717361695,49.99998300343956,35.35233164787977,125.2361068726:-1.5748031495471901,124.25:-0.7873982170358821,124.25:-0.7873982170358821,129.180557251:3.1496111440230337,125.2361068726:0.0,129.180557251:3.1496111440230337,126.2222213745:0.7874043089690927,123.263885498:-1.574802526084837,125.2361068726:0.0
9508,720.464050293,724.3323136502,335771728991.4237,784.6126935040518,886.7993164062,655.6705932617,-0.10070846665424048,281432100.0,0.24307028453851884,0.0012114576892836505,74.35895153683813,718.7812939453139,784.6126935040519,797.7063230394164,-0.057735159088807324,-0.8667774582414798,12.836902636071109,0.873370850918036,-4.097508078180121,724.2088060682429,684.612592857537,18.181814583458433,33.554618207182315,720.464050293:-0.5369127516670494,678.8801879883:-5.771816413017219,686.6166992188:-4.697993058839629,679.8472290039:-5.637591670615886,697.2544555664:-3.2214785341698984,691.4520263672:-4.0268524035309365,682.7484130859:-5.234908971760873,697.2544555664:-3.2214785341698984,705.9580078125:-2.0134304375909755
4480,4075.0,4040.0,128710900257.73784,3009.0592592592593,4100.0,2100.0,0.5657803749163413,43773700.0,0.5071882948655402,0.6724631295868062,74.82517482517483,3228.04,3009.0592592592593,2996.181672956673,1.6791044776119404,12.837037037037037,131.46666666666667,201.76504560770718,171.14234735035268,4091.4584607406687,3210.0415392593313,15.168539325842696,40.01279683014961,4075.0:0.8588957055214724,4180.0:2.5766871165644174,4115.0:0.98159509202454,4325.0:6.134969325153374,4125.0:1.2269938650306749,4190.0:2.8220858895705523,4320.0:6.012269938650307,4515.0:10.797546012269938,4415.0:8.343558282208589
