Code,EPS,ROE,PER,PBR,Market Capitalization Log,NikkeiCorr,MothersCorr,RSI,MovingAverage50,MovingAverage200,ATR,MACD,Signal,UpperBand,LowerBand,PercentR,ADX,ChangeRate_0,ChangeRate_3,ChangeRate_7,ChangeRate_14,ChangeRate_21,ChangeRate_28,ChangeRate_35,ChangeRate_42,ChangeRate_49
9927,30.21,10.26,18.48887630853691,1.9061152553694165,22.346319701786253,0.2511552134951677,0.14084241183078358,44.364163942018685,567.614955444336,462.3645109953704,15.441260625820084,2.684622174109336,5.608687205476143,611.4520727510259,550.4770105009239,75.32467116967183,21.52052254413121,578.030456543:3.370324702025582,583.7323608398:0.9864366543764981,583.0195922852:0.8631267930133472,590.8597412109:2.2194824723644286,582.7819824219:0.8220199861642633,593.9482421875:2.7537970472522764,591.3348999023:2.3016855268958034,567.8145141602:-1.7673709520252632,564.4884033203:-2.342792333762195
7352,3.23,18.39,109.77421750458204,20.27276858432247,23.42133843850176,0.16109931669467903,0.1876451563018995,73.45133700502335,302.004372253418,268.60078158908516,10.632390281412306,16.679569819155688,13.914961998217336,377.015730741021,272.79755661248896,41.279081762277464,39.24047898617711,356.0689086914:0.42075736326039825,384.0350341797:7.854132951702858,382.0375061035:7.293138147764151,565.315612793:58.7657891475583,489.4075012207:37.447412361651246,451.4534301758:26.788219683361476,439.9673461914:23.56241599648163,447.9576721191:25.8064552070562,431.9770202637:21.31837678590706
3498,132.85,11.07,38.49870857001355,4.4758496836670165,24.443144980807737,0.29973384767637995,0.4301500459870489,70.61996403360442,4184.04063476563,3038.9603850188105,160.87081258459793,258.7086528674099,217.3759190789841,5230.548285918504,4056.150786347126,29.629624167079733,19.065100717138268,5134.2626953125:0.3838771593084665,5006.1528320312:-2.495194945873383,4897.7514648438:-4.6065276458220765,5035.716796875:-1.9193778013631992,4138.9453125:-19.385789973723178,4370.5288085938:-14.875239777192876,4311.4008789062:-16.026874066213242,3961.5615234375:-22.840692840778434,4217.7822265625:-17.850283928532367
9248,261.95,11.82,7.689797734960107,0.8983697035405982,23.592080882709922,0.3646530649465269,0.23015122803324067,28.197674902372682,2336.76814697266,2283.079282407412,62.86421617467084,-123.46025068277368,-88.15590001595737,2785.108639017095,1743.0961827602362,77.15875366455306,45.97838571875202,2001.4063720703:-0.6463527239157617,1924.7135009766:-3.831948981673679,1798.1240234375:-10.156975188528062,1739.9113769531:-13.065562234954998,1623.4860839844:-18.88273632780387,1464.5562744141:-26.823642871730748,1312.0946044922:-34.44136968870846,1349.0550537109:-32.594645818209976,1289.9184570312:-35.54939791178544
3452,53.64,9.01,9.411558511096198,0.9304703600250664,23.010449719937295,0.4647137982716134,0.3048339253629061,68.4210655366486,481.49824645995596,465.247485577617,10.293506530709706,3.245585708033502,2.5839151466468016,498.4450175881293,477.1636310935006,9.677428094196861,10.538929710580204,504.8359985352:0.0,498.7220458984:-1.2110769942198836,496.1018066406:-1.730104810263651,523.1777954102:3.6332188925154685,494.3549499512:-2.076129399331892,476.185333252:-5.675242131371563,478.9012145996:-5.137269135095504,480.7117919922:-4.778622485915678,489.7647705078:-2.9853711048993614
9973,-4.31,-90.46479541555644,0.0,4.77326968973747,21.907851441106857,0.1031843981141091,0.15719784229968606,20.0,25.02,27.585185185185185,1.660283379172268,-1.2468149718853638,-1.0925817699640528,25.813564212655205,20.086435787344794,75.0,97.14285714285714,21.0:4.761904761904762,19.0:-9.523809523809524,19.0:-9.523809523809524,18.0:-14.285714285714285,17.0:-19.047619047619047,19.0:-9.523809523809524,19.0:-9.523809523809524,18.0:-14.285714285714285,19.0:-9.523809523809524
3435,136.15,7.54,6.3606514447271385,0.4794531672043981,22.62456008842434,0.14614999908874535,0.004386518710334364,66.66671779238867,857.4753247070279,869.5540206344015,10.029390022039516,1.5880793343242203,0.38575791483368144,865.8998937031303,849.7139795878796,25.000044730707152,25.76148714973095,868.8451538086:0.32715376227168025,868.8451538086:0.0,871.6876220703:0.3271547581568448,869.7926635742:0.1090539276701448,867.897644043:-0.1090539276701448,859.3702392578:-1.0905182021521937,860.3177490234:-0.981464274482049,887.794921875:2.181029379439283,905.7971191406:4.252997806343318
4320,39.13,10.45,13.030974037579862,1.3648706177641265,22.759684602788614,0.4225585086319181,0.34778522674406886,79.66102806973352,454.80223999022803,440.98527492946886,10.42335023679791,14.510020732927842,9.248690491467734,511.92348367923717,431.63175924067275,12.500000477421375,28.57466680223621,497.6038208008:-2.471482889723068,496.6578063965:-0.19011397516553805,524.0922241211:5.32319130461496,551.5266723633:10.836502717306569,505.1719665527:1.5209179342153092,473.9534606934:-4.752849379118346,472.0614318848:-5.1330773294494225,480.5755615234:-3.4220515529796853,491.927734375:-1.1406838509932282
7860,20.75,1.59,70.24437430606747,1.1341462739177697,24.86152102264984,0.26084734192893433,0.26492701198554663,35.32766240377474,1483.335,1360.7741893627021,39.17932049889778,-14.414825855743402,-10.002529505734557,1598.0798714796697,1388.0740469773605,58.974417526549026,37.26031456660421,1443.5736083984:-0.9696186166793066,1430.5095214844:-0.9049823880123558,1506.0943603516:4.330970834425607,1480.8994140625:2.5856530936106426,1550.8851318359:7.4337410169585185,1538.7543945312:6.593414120281689,1551.8184814453:7.498396508300975,1609.6733398438:11.506149078860101,1655.3973388672:14.673566296616622
5334,296.03,11.7,8.336417652504139,0.9754229104512631,26.941221496100844,0.5144856214113567,0.2571677367527868,46.00554028865312,2470.438540039064,2366.668664098674,51.53823311643624,-12.722340140369852,-18.075243952781584,2525.7821310826657,2340.5769753626546,38.164247275744074,15.619198681858698,2461.431640625:-0.2599331600440296,2408.4189453125:-2.1537342105116988,2329.8139648438:-5.347200125687016,2394.708984375:-2.7107255447914027,2268.5754394531:-7.835123185583594,2228.3586425781:-9.469001462405787,2242.0690917969:-8.91199029083741,2333.4699707031:-5.198668441972589,2382.8266601562:-3.193465915179382
5334,296.03,11.7,8.336417652504139,0.9754229104512631,26.941221496100844,0.5144856214113567,0.2571677367527868,46.00554028865312,2470.438540039064,2366.668664098674,51.53823311643624,-12.722340140369852,-18.075243952781584,2525.7821310826657,2340.5769753626546,38.164247275744074,15.619198681858698,2461.431640625:-0.2599331600440296,2408.4189453125:-2.1537342105116988,2329.8139648438:-5.347200125687016,2394.708984375:-2.7107255447914027,2268.5754394531:-7.835123185583594,2228.3586425781:-9.469001462405787,2242.0690917969:-8.91199029083741,2333.4699707031:-5.198668441972589,2382.8266601562:-3.193465915179382
3350,-128.94,0.0,0.0,0.0,21.55867556805996,0.14266345294554122,0.312172655230793,50.0,511.2,523.4074074074074,35.06626501070945,-5.8367647092038055,-7.1259728130878175,502.8909164503245,462.1090835496755,66.66666666666667,40.95238095238095,490.0:0.0,540.0:10.204081632653061,520.0:6.122448979591836,510.0:4.081632653061225,470.0:-4.081632653061225,460.0:-6.122448979591836,410.0:-16.3265306122449,360.0:-26.53061224489796,340.0:-30.612244897959183
4837,102.54,35.96,5.412521942656524,1.9462757750035067,23.796308796757668,0.08251756283543865,0.05834857403324775,46.76258992805756,568.52,548.0147058823529,28.81673716397981,-1.104362479703127,-1.3096856442189768,588.3499706415967,539.0500293584034,48.07692307692308,17.026377191660753,564.0:1.5957446808510638,589.0:4.432624113475177,587.0:4.078014184397164,568.0:0.7092198581560284,523.0:-7.2695035460992905,590.0:4.609929078014184,609.0:7.9787234042553195,633.0:12.23404255319149,676.0:19.858156028368796
9446,51.45,14.8,10.136154849580175,1.5007342935565466,22.300466744011192,0.10870172118485616,0.024068543337554097,72.83952450182471,502.492713623054,514.7404724121119,6.290755466289421,3.3221587482170207,-0.3873244891501124,516.4118413647143,476.00903265873575,7.500005942786005,35.25061634464554,503.9988098145:-3.473491773292736,503.9988098145:0.0,506.763092041:0.5484699909345786,510.4485778809:1.2797189082200167,495.7064208984:-1.6453191465178467,490.1780700684:-2.7422167427710424,492.0208435059:-2.3765862290445825,499.3919677734:-0.9140581190649268,502.1561279297:-0.3656123484653121
9211,39.28,31.910520559655055,32.33197556008147,10.905031770565001,22.372867524422656,0.3460512025882955,0.3566367021783613,71.53392330383481,972.75,850.3888888888889,49.62812632840411,103.22410385034232,68.60074778653996,1382.0799734807592,730.1700265192409,28.571428571428573,58.12521546060285,1231.25:-3.1472081218274113,1250.0:1.5228426395939088,1162.0:-5.624365482233502,1257.5:2.131979695431472,1127.5:-8.426395939086294,1295.5:5.218274111675127,1099.5:-10.700507614213198,1042.5:-15.32994923857868,1007.0:-18.213197969543145
4593,-93.36,-56.83528186132655,0.0,1.832109798914778,23.48502087074776,0.2917136367779199,0.4229883728068799,52.5,292.92,358.2148148148148,21.357307404529628,-4.967318863640912,-4.777430688877734,308.7508820598013,263.8491179401987,66.66666666666667,26.9210633047209,293.0:2.04778156996587,286.0:-2.3890784982935154,291.0:-0.6825938566552902,287.0:-2.04778156996587,255.0:-12.969283276450511,269.0:-8.19112627986348,277.0:-5.460750853242321,311.0:6.143344709897611,310.0:5.802047781569966
4972,247.48,7.2,6.61000010785518,0.4761350265572654,23.254705247638217,0.009295445419008792,-0.050059361456785134,28.346444409338133,1724.973093261718,1726.7229248046829,35.71184546559731,-29.81741028684769,-26.41848412818762,1809.2703200417036,1569.6229660910967,58.44150819096746,48.01187668583726,1631.2218017578:-0.2832861189827416,1623.828125:-0.4532600502171188,1625.6765136719:-0.33994690850284104,1617.3586425781:-0.8498635295801653,1581.3145751953:-3.059499726445546,1605.3439941406:-1.5864064340799118,1600.7230224609:-1.8696892883625398,1609.0408935547:-1.3597726672852155,1580.3905029297:-3.116148813933478
7082,65.25,37.46,31.157088122605366,11.349933005806163,23.122244218603303,0.3510819286303221,0.5035517994472307,50.89285714285714,1984.44,1789.4962962962964,89.0804883182661,22.58696755295182,27.9722529550642,2132.429851278609,1950.6701487213907,80.07246376811594,29.164442034988124,1929.0:-5.391394504924832,1905.0:-1.244167962674961,1924.0:-0.2592016588906169,1827.0:-5.287713841368585,1595.0:-17.31467081389321,1622.0:-15.914981855883878,1795.0:-6.946604458268533,1724.0:-10.627268014515293,1782.0:-7.620528771384137
7081,141.69,21.24,4.730756689589244,1.0050845171730818,22.701188714119713,0.2606529079196324,0.24912367602376445,32.3607627609056,687.8704821777319,639.3464545355934,13.885524290311706,-6.316218718765867,-1.6412877762032019,750.5387736547605,646.4142475854696,73.43744631848205,37.57051363645636,666.7378540039:-0.5344021376022107,676.5362548828:1.469603206126449,675.2001342773:1.2692065138618158,683.2169799805:2.4716049760245986,676.981628418:1.5364021035529951,696.2962646484:4.433288205701171,698.1909179688:4.717455860053215,707.6643066406:6.138312440328399,716.6640625:7.488131684181826
7721,91.04,4.54,12.662129952838312,0.5749456660164889,23.59430930743472,0.30958483452759117,0.084229409850719,29.84495114775021,1192.090925292968,1234.1908103660282,36.51024667202423,-25.969837883816353,-21.717134427436775,1307.051982622771,1049.124604291289,64.86489145291688,41.16575628383167,1150.8342285156:-0.1673640167345734,1152.7603759766:0.1673696709112018,1117.1278076172:-2.92886847325319,1227.8775634766:6.694564086816755,1261.583984375:9.623432560069945,1210.5428466797:5.188290084238718,1256.7687988281:9.205024293476166,1243.2862548828:8.033479025597716,1232.6927490234:7.11297235340184
2164,4.43,4.87,91.42212189616254,4.830629770992366,20.547955238649603,0.06118621004035529,0.011507136171714895,50.0,418.62,423.0,17.525027421138528,-3.6934034799218125,-5.113274719273486,407.49883885068385,399.00116114931615,95.34883720930233,65.82710276473121,402.0:-0.7462686567164178,406.0:0.9950248756218906,409.0:1.7412935323383085,414.0:2.9850746268656714,395.0:-1.7412935323383085,388.0:-3.482587064676617,389.0:-3.233830845771144,419.0:4.228855721393035,413.0:2.736318407960199
2164,4.43,4.87,91.42212189616254,4.830629770992366,20.547955238649603,0.06118621004035529,0.011507136171714895,50.0,418.62,423.0,17.525027421138528,-3.6934034799218125,-5.113274719273486,407.49883885068385,399.00116114931615,95.34883720930233,65.82710276473121,402.0:-0.7462686567164178,406.0:0.9950248756218906,409.0:1.7412935323383085,414.0:2.9850746268656714,395.0:-1.7412935323383085,388.0:-3.482587064676617,389.0:-3.233830845771144,419.0:4.228855721393035,413.0:2.736318407960199
9248,261.95,11.82,7.689797734960107,0.8983697035405982,23.592080882709922,0.3646530649465269,0.23015122803324067,28.197674902372682,2336.76814697266,2283.079282407412,62.86421617467084,-123.46025068277368,-88.15590001595737,2785.108639017095,1743.0961827602362,77.15875366455306,45.97838571875202,2001.4063720703:-0.6463527239157617,1924.7135009766:-3.831948981673679,1798.1240234375:-10.156975188528062,1739.9113769531:-13.065562234954998,1623.4860839844:-18.88273632780387,1464.5562744141:-26.823642871730748,1312.0946044922:-34.44136968870846,1349.0550537109:-32.594645818209976,1289.9184570312:-35.54939791178544
8091,402.49,13.82,3.0388874754761606,0.4194576811768337,22.72877203299088,0.3939402249548379,0.24143012444810155,75.6696137292778,1166.511020507808,1120.17100604022,31.97676030957866,13.503334797311936,3.2358668031312536,1223.9211750454995,1076.5674235873005,5.084747284857026,34.778784818405455,1216.2938232422:-0.5613772455079152,1192.1682128906:-1.983534725786065,1187.1610107422:-2.395211744341712,1239.9641113281:1.9460995060226112,1237.6882324219:1.7589836247519732,1339.1976318359:10.104779473933593,1289.1257324219:5.988019324603363,1417.9471435547:16.57932618410945,1397.4633789062:14.895212998867935
9405,64.96,3.99,9.330001731834978,0.37764389615487665,23.941492940997485,0.43636145750787364,0.34402632746055634,65.71422892474732,602.201425781244,616.2445809823414,6.540095103315,-0.3161948221916191,-1.14121639544168,605.3928064531019,593.2496984296981,6.666677471841934,20.524097310047885,603.181640625:-0.48000000000000803,599.3212280273:-0.640008305574415,599.3212280273:-0.640008305574415,606.0769042969:0.4799986400282375,606.0769042969:0.4799986400282375,608.0070800781:0.7999977333693385,614.7627563477:1.920004678971991,623.4484863281:3.35999048016449,619.5881347656:2.7199922934657024
9326,45.74,17.02,9.154978102647574,1.5759613805092019,22.18124578148663,0.3459425347148994,0.47151864976767915,32.39436294427303,467.80744201660406,560.3512539333778,18.86271749636461,-12.307706580041781,-14.111369437502267,456.7406304068908,405.1372718147991,82.45615496524715,26.377525245592214,417.818145752:-0.2227171492097762,438.2903137207:4.899779527730572,428.9848022461:2.672611663144008,415.9570617676:-0.44542919050353436,374.0821838379:-10.467702841240389,379.6654968262:-9.131400661675878,386.1793823242:-7.572376582844615,382.4571228027:-8.46325687594452,394.5543518066:-5.567923313509818
4914,453.9,8.2,6.2719839646300946,0.5146500256787963,24.655601263174056,0.5727248288651733,0.44741701737647044,78.26079533445045,2624.716416015628,2489.9086009837984,56.33816637262094,43.344361672891864,29.48086284017652,2815.3555707558894,2559.7881304160005,3.3088278912917852,19.233912782753343,2817.4360351562:-1.0441226002055115,2665.603515625:-5.389031645674338,2538.4440917969:-9.902334600609043,2539.3930664062:-9.868652394608318,2455.8857421875:-12.832599869428996,2371.4289550781:-15.830246880950863,2357.1945800781:-16.335471305654114,2438.8044433594:-13.438870912141523,2516.6184082031:-10.676999342646035
7981,149.1,6.01,8.408547825294434,0.5054362822828831,25.216584973394827,0.5430948411281632,0.24826641970212354,88.9831096599363,1210.0439038085879,1196.458742947042,18.286179102206706,6.066443321654106,-2.9970796905248775,1243.129066837533,1146.2534649007273,2.9702988736174087,42.37085566799729,1249.0189208984:-0.37593984962394594,1234.9322509766:-1.1278187772902304,1220.8455810547:-2.255637554588471,1264.0445556641:1.20299496783382,1301.6091308594:4.210521480585154,1262.1665039062:1.052632813467961,1264.9838867188:1.2782004782534988,1306.3046875:4.586461073015231,1286.5833740234:3.0075167394566344
9326,45.74,17.02,9.154978102647574,1.5759613805092019,22.18124578148663,0.3459425347148994,0.47151864976767915,32.39436294427303,467.80744201660406,560.3512539333778,18.86271749636461,-12.307706580041781,-14.111369437502267,456.7406304068908,405.1372718147991,82.45615496524715,26.377525245592214,417.818145752:-0.2227171492097762,438.2903137207:4.899779527730572,428.9848022461:2.672611663144008,415.9570617676:-0.44542919050353436,374.0821838379:-10.467702841240389,379.6654968262:-9.131400661675878,386.1793823242:-7.572376582844615,382.4571228027:-8.46325687594452,394.5543518066:-5.567923313509818
9326,45.74,17.02,9.154978102647574,1.5759613805092019,22.18124578148663,0.3459425347148994,0.47151864976767915,32.39436294427303,467.80744201660406,560.3512539333778,18.86271749636461,-12.307706580041781,-14.111369437502267,456.7406304068908,405.1372718147991,82.45615496524715,26.377525245592214,417.818145752:-0.2227171492097762,438.2903137207:4.899779527730572,428.9848022461:2.672611663144008,415.9570617676:-0.44542919050353436,374.0821838379:-10.467702841240389,379.6654968262:-9.131400661675878,386.1793823242:-7.572376582844615,382.4571228027:-8.46325687594452,394.5543518066:-5.567923313509818
8399,131.17,4.15,6.016293562266525,0.24825398859407394,24.234229790889685,0.5683273219777996,0.3642221527727737,83.16834117689886,719.829460449216,717.9112056025733,10.451579415207457,8.814466500145045,3.8434354130654578,757.8826175346919,696.314593158658,0.0,18.427130916925464,789.1572265625:0.0,768.6110229492:-2.603562752988714,750.8666992188:-4.852078401472692,746.1971435547:-5.443792638753417,817.1745605469:3.550285423658993,807.8354492188:2.366856949110221,837.720703125:6.153840442422135,906.8303222656:14.911235903607412,900.2929077148:14.08283133088666
9409,206.79,5.36,6.561549682955172,0.35174577873765717,25.550475068873048,0.5549938007179068,0.41337136092362897,72.79408438383979,1323.345949707034,1364.9488841869236,23.011356427409787,-6.962647576747031,-15.83789620369733,1347.5206423370887,1230.374645748851,3.0927889249240104,56.31296736304093,1328.7965087891:-2.1121631463929806,1322.0219726562:-0.5098249497263888,1318.1507568359:-0.8011574295074908,1299.7624511719:-2.184989005100415,1279.4384765625:-3.7144914138567984,1258.1468505859:-5.316815459395009,1243.6296386719:-6.409323741737589,1291.0521240234:-2.8404939745134925,1267.8249511719:-4.588479666669346
4415,71.99,16.33,9.411029309626338,1.8505367239354291,22.091421467624162,0.20989276137790028,0.28750525098098645,82.6086956521739,607.61,533.5074074074074,23.558977555366443,20.137516331045845,10.812227474090228,686.2380519426615,530.6119480573384,9.578544061302683,27.067137557151135,679.5:0.29433406916850624,674.0:-0.8094186902133923,669.0:-1.545253863134658,671.5:-1.177336276674025,641.5:-5.59234731420162,605.0:-10.963944076526857,617.5:-9.124356144223695,654.5:-3.679175864606328,685.0:0.8094186902133923
6462,433.4,5.34,5.41301338255653,0.28927678338027196,23.830898901811466,0.5382457099152925,0.22863673753861477,66.28352490421456,2308.18,2350.9338235294117,36.672344832455124,3.6918678021370397,-10.337550557902663,2340.730423868106,2190.8695761318945,27.205882352941178,28.559571407604967,2315.0:-1.3390928725701945,2280.0:-1.511879049676026,2230.0:-3.6717062634989204,2256.0:-2.548596112311015,2233.0:-3.5421166306695464,2254.0:-2.634989200863931,2266.0:-2.1166306695464363,2411.0:4.146868250539957,2434.0:5.140388768898488
9248,261.95,11.82,7.689797734960107,0.8983697035405982,23.592080882709922,0.3646530649465269,0.23015122803324067,28.197674902372682,2336.76814697266,2283.079282407412,62.86421617467084,-123.46025068277368,-88.15590001595737,2785.108639017095,1743.0961827602362,77.15875366455306,45.97838571875202,2001.4063720703:-0.6463527239157617,1924.7135009766:-3.831948981673679,1798.1240234375:-10.156975188528062,1739.9113769531:-13.065562234954998,1623.4860839844:-18.88273632780387,1464.5562744141:-26.823642871730748,1312.0946044922:-34.44136968870846,1349.0550537109:-32.594645818209976,1289.9184570312:-35.54939791178544
6960,536.19,10.82,8.448385611505437,0.9142749644847095,25.632447518942808,0.2664327979782426,-0.0030573219708659215,66.41213274106707,3913.4733496093663,3730.9172616464148,77.19305446441213,181.14578561744293,197.23744676133515,4894.186611931103,3815.914682014198,37.313545587329514,65.51139906497434,4490.97265625:-0.8676789587856978,4252.2983398438:-5.31453506121979,4072.0749511719:-9.327549667779165,4003.8823242188:-10.84598748009133,4339.974609375:-3.3622570973541546,4218.2021484375:-6.0737512492508845,4481.2314453125:-0.21690648514511315,4588.390625:2.1691953215173845,3994.1403808594:-11.06291027399528
4346,14.22,15.49,43.67904985001406,6.768182291241147,22.634497892986968,0.41157137116325776,0.4282883665001359,43.79084994648536,630.408955078126,558.6361753110555,18.96681718762148,-6.091157861235274,-1.3439906321951511,679.2062442367986,585.7333431655412,66.66666971975465,28.89180801809938,621.1160888672:0.0,678.3618164062:9.216590676858091,628.748840332:1.2288767915705898,657.3717041016:5.837172130015743,610.6209716797:-1.68971910011881,608.7128295898:-1.996930928004338,598.2177734375:-3.6866402014255124,621.1160888672:0.0,630.6569824219:1.5360886194561176
4346,14.22,15.49,43.67904985001406,6.768182291241147,22.634497892986968,0.41157137116325776,0.4282883665001359,43.79084994648536,630.408955078126,558.6361753110555,18.96681718762148,-6.091157861235274,-1.3439906321951511,679.2062442367986,585.7333431655412,66.66666971975465,28.89180801809938,621.1160888672:0.0,678.3618164062:9.216590676858091,628.748840332:1.2288767915705898,657.3717041016:5.837172130015743,610.6209716797:-1.68971910011881,608.7128295898:-1.996930928004338,598.2177734375:-3.6866402014255124,621.1160888672:0.0,630.6569824219:1.5360886194561176
3133,-30.18,-116.89151766048487,0.0,12.753623188405797,22.322802838957408,0.060359259108799246,0.11114335238767857,74.57627118644068,165.4,192.16296296296295,8.971679287790398,1.750778246124554,-2.930676717112291,175.27737589288708,131.1226241071129,12.244897959183673,35.81591268409335,171.0:-2.923976608187134,171.0:0.0,167.0:-2.3391812865497075,193.0:12.865497076023392,239.0:39.76608187134503,340.0:98.83040935672514,270.0:57.89473684210527,279.0:63.1578947368421,318.0:85.96491228070175
3133,-30.18,-116.89151766048487,0.0,12.753623188405797,22.322802838957408,0.060359259108799246,0.11114335238767857,74.57627118644068,165.4,192.16296296296295,8.971679287790398,1.750778246124554,-2.930676717112291,175.27737589288708,131.1226241071129,12.244897959183673,35.81591268409335,171.0:-2.923976608187134,171.0:0.0,167.0:-2.3391812865497075,193.0:12.865497076023392,239.0:39.76608187134503,340.0:98.83040935672514,270.0:57.89473684210527,279.0:63.1578947368421,318.0:85.96491228070175
3133,-30.18,-116.89151766048487,0.0,12.753623188405797,22.322802838957408,0.060359259108799246,0.11114335238767857,74.57627118644068,165.4,192.16296296296295,8.971679287790398,1.750778246124554,-2.930676717112291,175.27737589288708,131.1226241071129,12.244897959183673,35.81591268409335,171.0:-2.923976608187134,171.0:0.0,167.0:-2.3391812865497075,193.0:12.865497076023392,239.0:39.76608187134503,340.0:98.83040935672514,270.0:57.89473684210527,279.0:63.1578947368421,318.0:85.96491228070175
7984,116.76,6.0,14.781618905877869,0.8771609186065766,25.94650639459559,0.4703541200555662,0.27447265383521047,53.903325552121785,1705.032028808588,1637.0352502893452,33.295492028998844,-0.5960075705434065,-3.134767510429485,1762.666815814714,1643.424321880586,24.647897528613417,13.49430926270943,1698.0646972656:-1.639344262296149,1647.9578857422:-2.9508187529065983,1668.3717041016:-1.7486373288258517,1702.7042236328:0.2732243579806501,1767.6575927734:4.0983653696979685,1665.935546875:-1.8921040194957046,1704.5684814453:0.38301156547056625,1727.1831054688:1.7147996922667033,1701.7418212891:0.21654793421130034
7673,131.95,9.84,7.973022580399394,0.7844724621079279,22.446331017434407,0.2081110785415167,0.24645991044574067,88.69560881794354,1005.3838342285101,1034.3706637912312,14.82384786908273,5.048800842182459,-4.609074866779354,1037.9430033408444,934.9104451454655,0.0,48.77396130676404,1065.0056152344:1.2173913043497464,1061.3012695312:-0.34782405371494063,1011.2922363281:-5.043483164591399,983.5095214844:-7.652175029336658,974.2486572266:-8.521735163605221,1002.9574584961:-5.826087285431228,992.7704467773:-6.782609164103008,978.8790283203:-8.086960827445418,987.2138671875:-7.3043509756311105
7502,49.0,4.5,37.691258730308164,1.6721337055546401,22.215657099896845,0.017411660749726568,-0.05661391346051862,57.142870159679696,1816.345642089842,1782.8992332175933,27.616237599174113,8.874745610667333,6.800522696158588,1854.9468905953638,1806.739266631216,23.077013616150825,25.288273607610883,1842.0870361328:-0.25974025974064174,1885.1488037109:2.337661941777846,1832.5177001953:-0.5194833767241238,1875.5795898438:1.8181851917981513,1889.9334716797:2.5974036301426238,1889.9334716797:2.5974036301426238,1870.794921875:1.5584435034333737,1875.5795898438:1.8181851917981513,1923.4259033203:4.415582195196347
7972,25.8,2.6,17.029160726112405,0.4425074246716086,23.698975051401142,0.5281878644829959,0.276583090036925,72.14285269728161,389.71061706543406,370.2799293800667,9.518295412315641,13.685673624064123,8.836718290186969,443.7845543566134,361.5712561902666,17.142869486750136,55.38090646583807,446.599395752:1.6227180527410172,492.7993164062:10.344823816075003,489.1758422852:9.533476072332848,511.8228149414:14.604457554084785,550.7756958008:23.326565382692515,566.25:26.79148368450611,630.9375:41.275941257736115,652.5:46.104093782146116,632.8125:41.69578060768481
3103,38.56,5.38,6.742738589211618,0.3630068133586507,23.39736056355163,0.3925519863390557,0.33285171982708944,37.70491803278688,270.18,249.98518518518517,8.186278433500657,-4.362959112459237,-4.715997249735744,284.88157187245474,236.9184281275452,71.69811320754717,9.248500881675893,259.0:-0.3861003861003861,259.0:0.0,257.0:-0.7722007722007722,247.0:-4.633204633204633,249.0:-3.861003861003861,240.0:-7.335907335907336,235.0:-9.266409266409266,244.0:-5.7915057915057915,226.0:-12.741312741312742
8927,27.11,11.58,6.393221624714128,0.7400838560399675,22.131775018218814,0.28760616276584205,0.23587709851800767,83.33337979781582,164.85491546630402,168.5841478135815,3.0361290984820486,1.834339023202375,1.0746900249225633,172.31696265704537,161.73499046792463,0.0,20.60925654752466,170.5836029053:-1.6042780748506302,169.6713867188:-0.5347619413376076,168.7591705322:-1.0695238827338303,167.8469543457:-1.6042858240714213,162.3737030029:-4.812830637044157,167.8469543457:-1.6042858240714213,166.9347686768:-2.1390298752956243,168.7591705322:-1.0695238827338303,170.5836029053:0.0
7065,88.9,8.76,13.311504467948257,1.1655022870937115,22.927617055313323,0.3194016205248033,0.30845355052978635,40.17465945260442,1202.52337158203,1203.8179181134253,64.8298683764322,1.549784465846642,3.1616693593295038,1265.671520044225,1142.3606943112454,78.72338919179874,31.870375154501573,1170.6258544922:-1.0906040268466608,1145.0919189453:-2.1812208784655835,1109.7375488281:-5.201346393507809,1094.0245361328:-6.5436209242643555,1011.5306396484:-13.590611742708617,1113.6658935547:-4.865769939978677,1508.4573974609:28.859053614123898,1806.0241699219:54.278513753254344,2030.9178466797:73.48991899386007
4404,66.26,2.68,14.021917977002715,0.37540750706342507,22.844740460941686,0.3963363144595939,0.3540645672260646,76.27122694384161,904.7286083984401,923.570385290074,11.621741084562071,5.72015951221988,2.119462374872592,929.0896125797137,883.9130607601464,15.55565980911951,29.78785868804176,929.0922851562:0.0,895.455871582:-3.620352263343248,890.9104614258:-4.109583551646949,905.4558105469:-2.5440394874580385,888.1831054688:-4.4031341494265295,855.1641845703:-7.957024481531574,848.600402832:-8.663497007799135,868.2916870117:-6.544085998333108,865.4786376953:-6.846859938160523
9854,-35.55,-4.520144120537176,0.0,0.265877546115484,22.124109034234944,0.25852973478465197,0.11680038128805613,54.54545454545455,176.18,180.1259259259259,2.2612347529014194,-0.023705205951955577,-0.2610143760386209,178.0277867413283,172.7722132586717,25.0,45.31024531024531,179.0:1.1173184357541899,174.0:-2.793296089385475,172.0:-3.910614525139665,172.0:-3.910614525139665,166.0:-7.262569832402235,167.0:-6.70391061452514,165.0:-7.82122905027933,164.0:-8.379888268156424,165.0:-7.82122905027933
6175,21.82,9.99,41.10907424381301,4.124517196983631,23.32425558145932,0.1424452211149758,0.16868167514987426,75.0,896.86,768.1397058823529,21.87856345043845,1.5457520830552767,1.8668369782170506,898.386055785533,893.313944214467,25.0,67.42424242424241,898.0:0.11135857461024498,897.0:-0.11135857461024498,897.0:-0.11135857461024498,897.0:-0.11135857461024498,897.0:-0.11135857461024498,897.0:-0.11135857461024498,897.0:-0.11135857461024498,897.0:-0.11135857461024498,897.0:-0.11135857461024498
9854,-35.55,-4.520144120537176,0.0,0.265877546115484,22.124109034234944,0.25852973478465197,0.11680038128805613,54.54545454545455,176.18,180.1259259259259,2.2612347529014194,-0.023705205951955577,-0.2610143760386209,178.0277867413283,172.7722132586717,25.0,45.31024531024531,179.0:1.1173184357541899,174.0:-2.793296089385475,172.0:-3.910614525139665,172.0:-3.910614525139665,166.0:-7.262569832402235,167.0:-6.70391061452514,165.0:-7.82122905027933,164.0:-8.379888268156424,165.0:-7.82122905027933
6085,-166.5,-59.41768450612067,0.0,2.435254803675856,21.080355058333488,0.15583326540873288,0.12948897875616264,44.30379746835443,628.86,620.3111111111111,27.46377484655262,-10.723954464361668,-11.419397943818645,626.3485377452728,563.4514622547272,76.19047619047619,28.893584561132574,596.0:2.1812080536912752,593.0:-0.5033557046979865,597.0:0.16778523489932887,580.0:-2.684563758389262,552.0:-7.38255033557047,519.0:-12.919463087248323,530.0:-11.073825503355705,530.0:-11.073825503355705,555.0:-6.879194630872483
2778,-116.88,-364.28677840824446,0.0,6.17399438727783,21.582870155368454,0.17585500086954972,0.29612350278850286,50.0,215.4,199.45185185185184,10.346335701335702,-4.186360581555505,-5.391451230017514,209.30100778472325,190.49899221527676,35.714285714285715,28.37891379362508,195.0:-1.5384615384615385,181.0:-7.179487179487179,175.0:-10.256410256410255,185.0:-5.128205128205128,173.0:-11.282051282051283,178.0:-8.717948717948717,200.0:2.564102564102564,197.0:1.0256410256410255,197.0:1.0256410256410255
3070,-161.27,-286.73892137059875,0.0,6.211180124223603,21.34734583146023,-0.019502199235124643,0.03559015571206203,69.23076923076923,249.08,253.4962962962963,3.043912198912199,2.705102689040501,2.57007271482168,261.1325432471388,250.56745675286118,18.181818181818183,20.796049188906334,261.0:0.38314176245210724,261.0:0.0,261.0:0.0,260.0:-0.38314176245210724,256.0:-1.9157088122605364,260.0:-0.38314176245210724,255.0:-2.2988505747126435,245.0:-6.130268199233716,245.0:-6.130268199233716
4124,83.24,4.86,17.062064516209755,0.8315697257638283,21.134242082542773,0.07885554878511158,0.09111061970624666,45.78834698180124,1414.2580102539039,1333.3268147786446,46.18945662613726,0.8357663335330017,6.540519682013782,1513.4280456769864,1366.6169738542437,84.84847296105987,32.65724533819536,1405.8809814453:-1.0217983651241898,1417.3732910156:0.8174454112385429,1406.8386230469:0.06811683309176884,1389.6003417969:-1.158038259516311,1335.9700927734:-4.972745886357244,1407.7965087891:0.1362510318498502,1417.3732910156:0.8174454112385429,1441.3154296875:2.520444383974241,1412.5848388672:0.4768438801276184
3490,-553.41,-53.67591680076966,0.0,1.1945990632434091,20.88210869905778,-0.13854075689993328,-0.10577978746339493,81.01260440011076,1196.6456713867178,1196.9545383029467,21.89521960367132,6.75145033254762,2.943389877289155,1228.4399278657272,1163.2816541655131,1.999910174499661,18.469744721893715,1225.2763671875:0.0,1295.2076416016:5.707387842191089,1378.9282226562:12.54017947162341,1371.0487060547:11.897098709396142,1260.7344970703:2.8938883367342343,1383.8530273438:12.942113665368163,1585.7674560547:29.42120639237264,1707.9012451172:39.389062815070645,1706.9162597656:39.3086739837851
4563,-92.86,-37.35993392151418,0.0,0.6353997061276359,23.869948431100386,0.20002306865320257,0.4163614788728326,50.79365079365079,195.48,296.52592592592595,12.677467141911587,-10.420940068427427,-13.765489482588354,176.38237361195536,145.01762638804462,50.0,32.281199910082464,149.0:-7.38255033557047,145.0:-2.684563758389262,136.0:-8.724832214765101,133.0:-10.738255033557047,120.0:-19.463087248322147,122.0:-18.120805369127517,122.0:-18.120805369127517,126.0:-15.436241610738255,128.0:-14.093959731543624
7895,30.62,5.86,13.585891574134552,0.7959285194964222,22.712809381574907,-0.030932203467459965,0.01503838026266579,87.21804511278197,329.68,314.2720588235294,7.161543685073097,28.635100839545316,23.54636006464542,459.2292648589247,269.57073514107526,0.970873786407767,72.59066428099636,416.0:0.0,416.0:0.0,417.0:0.2403846153846154,417.0:0.2403846153846154,417.0:0.2403846153846154,417.0:0.2403846153846154,418.0:0.4807692307692308,418.0:0.4807692307692308,417.0:0.2403846153846154
2735,57.83,6.55,11.386746064549543,0.7494997893338113,22.908948747401872,0.4470775550236755,0.3612676905824398,93.65075700934312,643.9578942871141,672.3871102792208,9.319983759383033,9.118885107370943,3.9748977275496618,680.1697882932434,603.2671074587166,8.928633098306241,54.142507130778895,653.7649536133:-0.7235890014376818,667.010559082:2.026050095755777,665.1182861328:1.7366076992581418,667.010559082:2.026050095755777,679.3099975586:3.907374325300682,671.7410888672:2.7496327471436817,640.5193481445:-2.02605009577108,655.6571655273:0.2894330605429195,649.98046875:-0.578875457055858
2391,79.32,10.19,14.303747205617752,1.4576271289355962,22.6202755365201,0.06259085649986924,0.14719476702151008,84.61546311271768,1096.846169433594,1124.547475405088,10.231573195293315,6.443049118519639,4.132891942674794,1125.0759670187913,1082.0509006569887,0.0,47.09999571388721,1136.4135742188:0.16194331983980084,1113.4091796875:-2.024297760356641,1112.4892578125:-2.1052473280025903,1112.4892578125:-2.1052473280025903,1105.1278076172:-2.753026478331769,1129.0522460938:-0.6477684086148272,1126.2917480469:-0.8906815618475884,1138.3657226562:0.1717815134988961,1150.5357666016:1.2426983189203766
5380,-2.31,-0.04988820215811536,0.0,0.24038404488765056,20.483552845543873,0.030336753441653885,-0.03070771318444821,51.67243071169016,1254.866372070306,1277.9366699218756,90.62163161426015,-35.641327285409716,-53.32961856205321,1189.6078363293918,1034.8514043932682,52.21583831771708,34.39393101807162,1133.0578613281:1.0504201680617844,1942.3848876953:71.42856988949859,1694.8260498047:49.57983238544678,1613.8934326172:42.43698293796704,1561.5251464844:37.81512840430561,1427.2720947266:25.96639090025291,1375.8559570312:21.428569889494185,1390.1383056641:22.689083506703383,1431.0806884766:26.302524991899016
6815,303.96,5.33,13.455717857612845,0.7168722635285539,24.171456570235147,0.07923604249151416,0.18930922153182275,60.0,4090.3,3925.375,52.32506782433253,0.3477858667752116,-0.2135475729758102,4094.3824720163498,4080.6175279836502,50.0,36.19047619047619,4090.0:0.0,4090.0:0.0,4090.0:0.0,4090.0:0.0,4090.0:0.0,4090.0:0.0,4090.0:0.0,4090.0:0.0,4090.0:0.0
8836,-0.55,-2.6031434184675835,0.0,1.0372465818010372,21.470822620889933,0.26374452686959665,0.19711550043033868,71.42857142857143,20.06,20.548148148148147,1.196549273771496,0.17904320642046656,0.06295354821659205,21.491640786499865,18.808359213500133,25.0,23.80952380952381,21.0:-4.761904761904762,22.0:4.761904761904762,21.0:0.0,21.0:0.0,21.0:0.0,21.0:0.0,21.0:0.0,21.0:0.0,20.0:-4.761904761904762
5214,290.97,5.64,7.966255200785647,0.43555915256843597,26.056894940060126,0.6213868583233018,0.457461645725256,72.7272727272824,2296.319052734374,2346.3121256510417,41.5564438271011,5.931064423745738,0.30331862146421473,2353.2288034797207,2208.3895070671692,29.01230463897203,23.530673982578637,2287.3354492188:-1.3380558835064107,2287.3354492188:0.0,2234.2255859375:-2.3219096831397765,2257.6296386719:-1.298708090981824,2191.9172363281:-4.171588077441307,2204.0754394531:-3.640043693378514,2182.8471679688:-4.568122322665273,2208.6901855469:-3.43829164623667,2187.4619140625:-4.366370275527802
9048,47.65,2.44,46.8503335990787,1.1452234336906015,26.50171548227009,0.30035547478125457,0.21377963246377113,52.51259339183243,2176.427153320314,2118.829220015914,48.4519433604981,-0.08143308360104129,-9.478899728936796,2266.1309220870885,2055.8430769363717,5.142848640454645,28.530062626841207,2217.7507324219:-0.6613756613748132,2162.9914550781:-2.469135802471363,2125.8334960938:-4.144615307046773,2183.5263671875:-1.5432016201850247,2185.4819335938:-1.4550237029055457,2072.0520019531:-6.569662150880652,2050.5395507812:-7.5396742833265415,2078.8969726562:-6.261017423453377,2060.3178710938:-7.098762679977792
3927,-5.51,-2.1524936685982228,0.0,2.6844590112762883,22.023071694427987,0.2955000660169055,0.5158323975113492,55.73770491803278,691.4,738.0814814814814,33.75132577299244,-4.223128026797212,-5.158369757215894,701.2488999958517,663.4511000041483,50.0,27.745519375195364,707.0:2.6874115983026874,715.0:1.1315417256011315,719.0:1.6973125884016973,678.0:-4.101838755304102,652.0:-7.779349363507778,652.0:-7.779349363507778,653.0:-7.637906647807638,657.0:-7.072135785007072,667.0:-5.657708628005658
4412,1.4,1.58,808.2142857142858,13.010233413820858,22.727951003096567,0.31420941433882404,0.4605779752336983,60.72874493927125,1120.67,1133.7851851851851,70.36419891836559,7.493774683538049,-3.446593273204421,1173.8886992858156,1011.3113007141841,39.716312056737586,42.467320861673294,1115.0:-1.4798206278026906,1082.0:-2.9596412556053813,986.0:-11.569506726457398,997.0:-10.582959641255606,879.0:-21.16591928251121,881.0:-20.986547085201792,865.0:-22.421524663677133,864.0:-22.51121076233184,850.0:-23.766816143497756
9715,518.11,19.03,5.93639113949007,1.1294238917768107,25.45576785012412,0.43615767861815596,0.41187970272856717,69.47368766706289,3273.957407226574,3338.9428385416704,79.13010749630791,-46.26794824094986,-77.35812483459813,3291.462453437046,2803.1264869926645,31.66665750396175,42.70348058335225,3075.7036132812:0.0,3075.7036132812:0.0,2991.1804199219:-2.748092923983971,3052.2248535156:-0.7633622324406137,3066.3120117188:-0.30534806805981135,3005.267578125:-2.290078759606421,3089.7907714844:0.45801416438080234,3169.6181640625:3.0534330543348673,3108.5739746094:1.0687103005069305
2590,127.1,4.8,18.159792557734068,0.872519084158558,25.07306774791626,0.4604991445247445,0.22937222475275998,88.33303483701424,2276.262407226552,2358.646189597796,38.16109860993721,7.455927755364883,-4.9277457716678335,2313.684301913782,2163.6749998439977,11.320734328946084,44.92075666263042,2266.7194824219:-1.825993555315285,2347.0654296875:3.5445915513000985,2364.1081542969:4.29645894122479,2376.2819824219:4.8335270795368475,2361.673828125:4.189064700747401,2235.068359375:-1.3963405393719932,2264.5261230469:-0.09676360008413931,2301.2878417969:1.5250391432673034,2340.5002441406:3.254957761243052
6409,221.96,12.72,12.25446026311047,1.560509919564893,24.663967521087265,0.08800980700991404,0.008526388858665754,40.90909090909091,2714.88,2646.7426470588234,26.41956721791281,1.3105171459314988,1.6349384148325794,2721.5266596210336,2713.9733403789664,100.0,48.46013913266002,2716.0:-0.14727540500736377,2716.0:0.0,2717.0:0.036818851251840944,2718.0:0.07363770250368189,2720.0:0.14727540500736377,2720.0:0.14727540500736377,2723.0:0.25773195876288657,2723.0:0.25773195876288657,2723.0:0.25773195876288657
4444,-45.64,-10.887920353125665,0.0,2.053496461556915,21.252191489209956,0.2117052012827815,0.11287911515055206,60.68702290076336,817.02,747.4592592592593,30.406575338242003,10.127431741231248,7.250127260109359,876.4713139064697,774.9286860935304,57.5,25.36004908341486,845.0:-1.301775147928994,826.0:-2.2485207100591715,800.0:-5.325443786982249,794.0:-6.035502958579881,755.0:-10.650887573964498,794.0:-6.035502958579881,771.0:-8.757396449704142,763.0:-9.70414201183432,852.0:0.8284023668639053
6461,250.28,5.8,4.898513664695541,0.2851348459899714,22.873164041193046,0.5257562239614396,0.33549133230263234,70.83333333333333,1210.94,1252.1470588235295,18.589259290546053,5.867619066653106,-0.3422184720625123,1233.7451655863447,1160.1548344136554,0.0,22.937006459662907,1231.0:0.4061738424045491,1210.0:-1.7059301380991063,1203.0:-2.274573517465475,1215.0:-1.2997562956945572,1221.0:-0.8123476848090982,1212.0:-1.543460601137287,1221.0:-0.8123476848090982,1272.0:3.3306255077173033,1263.0:2.5995125913891144
8142,31.24,1.69,51.97800919081307,0.8767165410208787,23.536343767132784,0.19296362394412014,0.018366626147406456,78.40906389968228,1498.9273754882781,1285.0554456922755,40.20834920461465,24.332256667072215,19.41217963724501,1609.3050838554914,1470.8217227851183,1.764705588107595,22.378713905120602,1596.2243652344:-1.727115716752745,1662.3891601562:4.145081127870386,1664.2269287109:4.26021334829794,1659.6324462891:3.97237897351534,1593.4675292969:-0.1727098018012755,1485.9499511719:-6.908453251576985,1442.7590332031:-9.61427073622975,1472.6109619141:-7.744112044182949,1658.4383544922:3.897571708139168
6462,433.4,5.34,5.41301338255653,0.28927678338027196,23.830898901811466,0.5382457099152925,0.22863673753861477,66.28352490421456,2308.18,2350.9338235294117,36.672344832455124,3.6918678021370397,-10.337550557902663,2340.730423868106,2190.8695761318945,27.205882352941178,28.559571407604967,2315.0:-1.3390928725701945,2280.0:-1.511879049676026,2230.0:-3.6717062634989204,2256.0:-2.548596112311015,2233.0:-3.5421166306695464,2254.0:-2.634989200863931,2266.0:-2.1166306695464363,2411.0:4.146868250539957,2434.0:5.140388768898488
2590,127.1,4.8,18.159792557734068,0.872519084158558,25.07306774791626,0.4604991445247445,0.22937222475275998,88.33303483701424,2276.262407226552,2358.646189597796,38.16109860993721,7.455927755364883,-4.9277457716678335,2313.684301913782,2163.6749998439977,11.320734328946084,44.92075666263042,2266.7194824219:-1.825993555315285,2347.0654296875:3.5445915513000985,2364.1081542969:4.29645894122479,2376.2819824219:4.8335270795368475,2361.673828125:4.189064700747401,2235.068359375:-1.3963405393719932,2264.5261230469:-0.09676360008413931,2301.2878417969:1.5250391432673034,2340.5002441406:3.254957761243052
1826,22.88,2.44,17.640712325100527,0.43030255972696935,22.48881815750574,0.3601882751428402,0.29269024538878385,79.6874447695539,381.805718383796,400.67730916341554,6.497718884602714,7.011531194410509,6.03633425321906,419.3202935264605,361.4082800819595,7.317174654965666,47.85133499402943,405.4541320801:0.4524886877802397,405.4541320801:0.0,410.0407409668:1.1312275603578947,415.5446166992:2.488687084611224,394.4463500977:-2.7149265752766665,412.7926940918:1.8099610858695634,409.1234436035:0.9049880696924523,433.8909912109:7.0135822725274615,474.2529296875:16.968330611021706
7482,3.74,0.28,247.73762748016043,0.6830413248721332,23.964110886607795,0.45506321012498246,0.32177739630581625,34.48275551263228,954.90129516601,932.710807291663,21.432214314595395,-11.306098863776242,-11.859695047738947,1000.6990389621131,876.7560269558368,40.98364053416884,35.66198174236795,923.7366943359:-0.3033367037469997,901.3204956055:-2.4266870492262513,873.3001098633:-5.460060727463061,873.3001098633:-5.460060727463061,858.3558959961:-7.077860903512559,877.0361328125:-5.055613987162685,856.4878540039:-7.280087577374745,886.3762207031:-4.0444938326997475,914.3966064453:-1.011120154462938
9511,36.04,1.23,29.31916800141787,0.3598473020790963,24.756856358029623,0.15757041046663117,0.04517926126920193,80.3030295896103,1009.191544189448,1126.1686292860206,20.642633438293114,7.426569769819821,-1.376646224080467,1041.8010094918768,960.7517981253035,10.185193036721401,19.658483475815387,1055.6807861328:-0.09302325581746192,1028.1839599609:-2.604653464673462,996.7590942383:-5.581392847959619,986.9387817383:-6.511627880082734,975.1544189453:-7.627908762315026,1001.6692504883:-5.116275331898063,988.9028320312:-6.325582029983033,1038.0041503906:-1.6744299957332331,1038.0041503906:-1.6744299957332331
6462,433.4,5.34,5.41301338255653,0.28927678338027196,23.830898901811466,0.5382457099152925,0.22863673753861477,66.28352490421456,2308.18,2350.9338235294117,36.672344832455124,3.6918678021370397,-10.337550557902663,2340.730423868106,2190.8695761318945,27.205882352941178,28.559571407604967,2315.0:-1.3390928725701945,2280.0:-1.511879049676026,2230.0:-3.6717062634989204,2256.0:-2.548596112311015,2233.0:-3.5421166306695464,2254.0:-2.634989200863931,2266.0:-2.1166306695464363,2411.0:4.146868250539957,2434.0:5.140388768898488
9934,220.05,8.73,11.84733226564508,1.029740951789581,25.658455105894642,0.7021383224932725,0.4175250645926029,57.43796374169305,2584.707661132816,2541.5892650462984,43.81569954495526,0.7668482579215379,-5.823189161248408,2664.8142739365057,2506.265901844754,13.04345406203744,16.168574243606315,2581.7673339844:-0.9775524981893133,2598.5930175781:0.651711847625447,2561.203125:-0.796516739278113,2568.6809082031:-0.5068785869679415,2549.986328125:-1.2309786959134266,2472.4025878906:-4.236041902545074,2497.6403808594:-3.258502500113681,2606.0708007812:0.9413499999356183,2591.1149902344:0.3620642389790374
9241,-87.33,-25.30979832182267,0.0,3.240418118466899,20.636398308794078,0.051904783816524934,0.07150655430243068,51.30890052356021,1149.68,1202.9703703703703,47.42990003823338,-14.340575743664658,-17.514023167298838,1132.9390630127998,1077.5609369872002,31.57894736842105,17.848493453275946,1087.0:-2.667893284268629,1095.0:0.7359705611775529,1110.0:2.1159153633854646,1098.0:1.011959521619135,1070.0:-1.5639374425023,1102.0:1.3799448022079117,1084.0:-0.27598896044158233,1121.0:3.1278748850046,1137.0:4.599816007359705
3911,29.47,18.77,13.029846736793349,2.4583199957317543,23.452865826346798,0.2465347342723476,0.3070371021901452,55.63380563148109,330.370324096684,314.2141678421674,9.777600523810769,25.27169387255526,29.34036156070999,493.59155055232515,276.97410191349485,69.09090583256727,74.10230667985424,387.96875:1.0256410256496162,412.8385620117:6.410261654244058,419.8020935059:8.205130827134923,385.9791870117:-0.5128152688328655,397.9166870117:2.564107808090211,379.0:-2.3117196939186466,399.0:2.8433346757954086,369.0:-4.889246878775674,373.0:-3.8582360048328637
4889,-22.33,-11.554226376361571,0.0,1.917523391475107,22.163147120277912,0.34684586082929136,0.48457780322190785,73.11827956989248,318.82,356.9555555555556,15.711287868510091,5.398141385232748,1.8663846852844546,344.8676004753172,279.0323995246828,14.814814814814815,33.21248497771602,336.0:1.1904761904761905,345.0:2.6785714285714284,331.0:-1.488095238095238,335.0:-0.2976190476190476,390.0:16.071428571428573,347.0:3.273809523809524,347.0:3.273809523809524,382.0:13.690476190476192,383.0:13.988095238095239
6045,55.71,16.31,16.758036195040386,2.7270847590865808,22.68740320762709,0.15676049130968409,0.3000271257795822,68.87158613251226,820.4213378906301,689.647979510274,25.126790163084433,37.31519171124398,33.90000191093786,984.7164973447208,775.8919316103689,31.36095626183266,39.44531872760361,930.6968383789:-0.3108808290183629,983.7417602539:5.699484481691626,938.4124755859:0.8290172362075694,965.417175293:3.7305742839501157,861.2562255859:-7.4611420098893415,857.3984375:-7.875647348987681,878.616394043:-5.595854867908908,888.260925293:-4.559584962146794,873.794128418:-6.113989820789965
2999,98.37,11.39,5.400432224819558,0.7613513499706203,21.88081196104857,-0.11841641534148413,-0.13554817495504481,50.43478355908187,521.4897485351601,503.55688185919047,19.441490122693242,-2.86965422284959,-2.4521234975361255,562.6191510754247,493.7433275622752,19.149013755371257,30.356088593743447,521.5286254883:-1.862197392924856,512.787902832:-1.6759813803348196,519.5862426758:-0.3724403067389396,518.6149902344:-0.5586721632339933,500.1624450684:-4.096837522560747,519.5862426758:-0.3724403067389396,472.9691467285:-9.31099011378991,490.4505615234:-5.9590332047070405,495.3064880371:-5.027938289417689
3672,-44.85,-84.09867986478609,0.0,5.756609788111757,22.398902867290374,0.3216961326649484,0.4941453790377305,62.65060240963856,288.54,323.14074074074074,14.290696011807123,2.7293914966587067,-1.2168617472016234,303.8193402424581,258.38065975754193,12.727272727272727,17.57698305642197,287.0:-6.968641114982578,275.0:-4.181184668989547,255.0:-11.149825783972126,218.0:-24.041811846689896,196.0:-31.70731707317073,196.0:-31.70731707317073,201.0:-29.965156794425084,213.0:-25.78397212543554,199.0:-30.66202090592334
9562,177.96,40.62,11.243322515146662,4.567551647709218,21.384318024010785,0.0,0.0,45.085996578304226,2221.261992187508,2221.261992187508,264.51874744052344,-203.16053828223176,-232.97767861787293,2357.707151049259,1855.67605207575,72.05884658481202,0.0,1966.603515625:-1.741996233522064,1916.6052246094:-2.542367621045882,1759.2027587891:-10.546139838969351,1686.0570068359:-14.265534794385864,1384.21484375:-29.613934239811062,1549.9501953125:-21.186442361264913,1601.8004150391:-18.549905849729097,1657.3542480469:-15.725043971551045,1515.6920166016:-22.92843958839854
4591,-59.95,-35.897208621786966,0.0,1.5517556137041317,22.70878298791447,0.2061721953697642,0.2760078393667388,90.47619047619048,177.52,189.5851851851852,8.955358633136411,17.607278697069063,5.652571574343323,249.37164390083547,113.92835609916455,0.0,32.6357757340648,219.0:-16.43835616438356,263.0:20.091324200913242,210.0:-4.10958904109589,215.0:-1.82648401826484,181.0:-17.35159817351598,188.0:-14.15525114155251,172.0:-21.461187214611872,183.0:-16.43835616438356,202.0:-7.76255707762557
4416,3.43,1.67,151.0204081632653,2.624645318200243,21.61064998594814,0.31723326826869436,0.48754759147702914,44.5945945945946,511.7,541.8,21.723011063011064,-1.3895023898487011,-1.506116273096229,520.6017542791056,491.7982457208943,63.265306122448976,14.885127711351018,540.0:4.074074074074074,532.0:-1.4814814814814816,528.0:-2.2222222222222223,500.0:-7.4074074074074066,437.0:-19.074074074074073,458.0:-15.185185185185185,445.0:-17.59259259259259,466.0:-13.703703703703704,464.0:-14.074074074074074
1605,153.87,6.41,9.125431755076363,0.5599029368866063,28.160805682703998,0.40995751275251835,0.24138375621932748,46.20059251110459,1353.5886328124961,1355.8703613281252,43.59272415346969,7.565920278313797,11.924478676629636,1468.4859710537137,1330.4914947665764,54.96676497231501,31.878293561312294,1377.0930175781:-1.963350785341321,1381.5991210938:0.32721852904496884,1313.1049804688:-4.646602393049384,1323.0185546875:-3.926710991948896,1331.1297607422:-3.337701683851087,1263.0751953125:-8.279602090069679,1301.7690429688:-5.469781172935768,1335.8565673828:-2.9944564142676966,1298.0838623047:-5.7373869640522726
9993,33.76,1.28,35.92387060973046,0.45910663937966334,23.30440427726053,0.3698181610441482,0.1511129641720939,90.90902251428066,1135.48979492188,1279.4142758969926,16.950796548111448,11.659405135530733,-3.9350040770523673,1188.3693550663015,1032.7711112423085,16.77852547962966,32.34262333033271,1195.7216796875:-1.4274385408367614,1229.8580322266:2.8548744343266823,1229.8580322266:2.8548744343266823,1226.0649414062:2.5376525519408615,1231.7545166016:3.013480271054142,1229.8580322266:2.8548744343266823,1197.6180419922:0.1585956278049267,1269.6837158203:6.185556169904844,1302.8719482422:8.96113789479033
4575,-88.32,-535.3579786501808,0.0,72.34657039711192,23.170989246068803,0.13935932856886446,0.060729538388318294,77.53479125248509,730.74,616.2148148148148,57.4598324720547,46.05923141183939,23.437754744206963,927.401458681471,621.6985413185289,7.826086956521739,24.353674902996097,1136.0:11.795774647887324,1101.0:-3.080985915492958,1344.0:18.30985915492958,1526.0:34.33098591549296,1164.0:2.464788732394366,1310.0:15.316901408450704,1236.0:8.80281690140845,1532.0:34.859154929577464,2016.0:77.46478873239437
9423,2.12,11.94,43.36530937339622,5.188174710586908,21.507667660020047,0.1896361920572713,0.2947235165967254,54.54545454554086,93.562458190922,94.74355994331704,1.6934051036737798,0.3556332135539009,0.3352843933328321,96.3309197478405,92.13470754100952,49.999982727252636,48.02700316230486,91.9344558716:0.0,91.9344558716:0.0,90.0191497803:-2.0833386929216213,92.8920974731:1.0416568982988144,91.9344558716:0.0,91.9344558716:0.0,93.8497467041:2.083322095444815,92.8920974731:1.0416568982988144,100.5533065796:9.374995072617285
6838,25.7,2.74,31.849116780062257,0.8839238250640922,22.28269862264455,0.07773481454420061,0.25629088044401016,62.33766222153092,655.093623046874,681.5291603370912,23.707134290369673,25.691166748691103,20.125904064062652,819.0784353326878,543.7463937688822,34.24123818947114,22.40093129292408,854.9667358398:4.26267281105411,863.8315429688:1.0368598867524936,904.2159423828:5.760365225744656,842.1618652344:-1.4977039536891752,763.3631591797:-10.714285459319234,760.408203125:-11.059907801198706,728.888671875:-14.746546114564152,780.1079101562:-8.755758855351155,755.483215332:-11.635952176558224
3174,35.37,4.17,24.936166953240036,1.0413254290323382,21.534036453245392,0.12408982177494701,0.08793140925301907,61.5384489677618,871.381556396478,872.1434525101251,7.276915942600826,2.82151367664585,2.0861819682622893,885.6373548761738,866.0892930730264,43.74984294251179,43.94073613818355,886.780456543:0.5399568034647803,895.3992919922:0.9719243794342759,892.5263671875:0.6479518805477156,890.6110839844:0.43197021462710256,901.1452026367:1.6198762599819914,904.975769043:2.0518395918344994,879.1193237305:-0.8639266636937337,884.8651733398:-0.21598166593189472,881.0346069336:-0.6479449977731206
6694,199.56,14.63,5.094862669580577,0.7454256681585236,22.156812964662247,0.3219975767449716,0.33347603077280846,80.00006030102266,945.028236083988,953.2589269567429,38.17748964156517,20.408472234949727,9.262584322528877,1028.0528016168148,884.8712462347655,11.278135143380336,24.551632068043286,1019.3877563477:0.2606429192086344,1020.2733764648:0.08687764901875941,979.5333862305:-3.909637904617543,1015.8451538086:-0.3475225709785434,1015.8451538086:-0.3475225709785434,989.6429443359:-2.9179094830774543,964.647277832:-5.369936824808082,972.0534057617:-4.6434097615211005,1034.0797119141:1.4412528966444405
9193,-19.4,-0.972239977518226,0.0,0.20838542500958493,22.142872623813602,0.17430621514862166,0.20181972061182332,39.285634881334815,433.64773620605405,455.9513052481207,4.541546216157325,-4.0096418845147355,-4.442628969504123,430.34568812160273,417.0547879526073,76.92337216185837,67.26104096393779,421.9305419922:-0.22075055188046483,429.3818664551:1.7660073688236946,429.3818664551:1.7660073688236946,425.6561889648:0.8830000679753705,425.6561889648:0.8830000679753705,430.3132629395:1.9867537694047712,425.6561889648:0.8830000679753705,442.421661377:4.856514839634155,449.8729553223:6.622514975608608
8511,56.61,3.75,17.92034563294648,0.6566068829407387,25.16796661818634,0.5876128328212005,0.41528711988958417,89.7959210721035,822.0716979980521,798.6466561776615,15.83594680845111,44.31794735419771,35.0001999435397,995.6477117607499,780.6641412666102,4.142013975858626,89.06699757086945,986.8466796875:-2.7992277992309447,981.1314086914:-0.5791447763607849,1015.4233398438:2.8957548061416443,1039.2371826172:5.30887968800688,1082.1022949219:9.652524266947339,1049.7153320312:6.370660573495397,1079.2445068359:9.362936416593017,1098.2956542969:11.29344374393518,973.5109863281:-1.351343996376718
3173,129.29,13.35,5.2979307620225855,0.7073719374819535,22.247329694939083,0.4165725745810534,0.3233316833732686,65.45454981999274,665.2113781738241,659.0740383572045,5.842331092333169,3.8313426722108943,3.1812234709024,681.8974348087319,662.8056779842481,0.0,12.66103185241399,679.4231567383:-0.8163265306154879,683.1206665039:0.544213091492287,670.1792602539:-1.360550695501327,670.1792602539:-1.360550695501327,672.0280151367:-1.0884441497551836,679.4231567383:0.0,678.4987182617:-0.13606225625837648,683.1206665039:0.544213091492287,703.4571533203:3.5374120448557798
7727,12.77,2.18,41.34833481696163,0.8998725831460369,22.85836044127203,0.1702504151229846,0.15083630434864834,76.54864823291419,434.943768310546,404.1740019621652,26.220122866399677,23.687109238177584,14.681985607927372,537.8577809824505,377.1223795400194,4.861112511384008,35.5291498466801,476.1593017578:-10.891089108908822,471.4448547363:-0.9900986926215769,448.8154907227:-5.7425762626408785,463.9017028809:-2.5742642917295866,443.1581420898:-6.93069725744561,422.4145507812:-11.287136632256207,407.3283691406:-14.455442194051916,404.4996948242:-15.049502691443776,434.6721191406:-8.712878749621193
6668,253.46,23.77,6.9947731173857814,1.6626140072328457,23.397161456436887,0.6257143305074909,0.49563420574289374,68.42104852527048,1510.157983398434,1694.4667136863393,61.17740888733488,74.05723216363754,64.95387156639976,1875.6063988739386,1379.9330298370016,24.074086311269742,46.502473507760776,1708.9547119141:-3.7414965986362567,1727.3618164062:1.0770972667545555,1893.9946289062:10.827666508777614,1747.7065429688:2.267575072910876,1503.5700683594:-12.018144314933934,1611.1064453125:-5.725620808991826,1607.2312011719:-5.9523818877719386,1541.3531494141:-9.80725594022789,1519.0708007812:-11.111114285774267
9749,145.73,7.3,27.47247192752762,2.0076439874426324,26.31114811956037,0.5261080420181256,0.44215348715931163,52.38092959263393,3942.732690429688,3823.2128924334465,83.11784413183,21.610300452905904,14.913161744453472,4050.2747870358075,3869.8816582766926,39.47366756639855,15.135438819867824,3993.8459472656:-0.24330900243292622,3882.0961914062:-2.7980487313465323,3653.7377929688:-8.515805536506889,3765.4877929688:-5.71775069224055,3673.1723632812:-8.02919261830693,3669.5498046875:-8.119896131700584,3733.3256835938:-6.523042378491489,3806.9128417969:-4.680528691816076,3689.1733398438:-7.6285518130812
5759,117.22,14.74,22.692373315133935,3.350758959501165,23.651542559020786,0.028010138341827643,0.1972599499857616,32.42320819112628,2692.4,2819.926470588235,113.84712232212233,-18.358959188521567,-1.7998964111324414,2957.1524117793815,2551.8475882206185,83.04347826086956,15.3061082529345,2639.0:-0.7957559681697612,2540.0:-3.751420992800303,2410.0:-8.67752936718454,2201.0:-16.597195907540733,1754.0:-33.535430087154225,1560.0:-40.88669950738916,1674.0:-36.56688139446761,1669.0:-36.75634710117468,1607.0:-39.10572186434255
3475,99.58,24.92,7.0781505923779875,1.7659465236614635,23.73145382129466,0.2926720207813434,0.2676075502093142,81.95486774059836,676.446330566406,598.25766398112,18.09590209739212,8.656888653386886,1.5218736718649997,726.8259284317231,621.2882927596569,4.807693421406006,37.08491295718221,698.375793457:-0.9259259259245964,706.6897583008:1.1904715085620914,692.8331298828:-0.7936505855627514,822.1620483398:17.724877643603737,790.7535400391:13.22751267262929,705.7659912109:1.058197867557536,715.9276123047:2.5132341372855316,736.2506713867:5.423280457963355,745.4884643555:6.746034347108399
9279,77.24,28.32,25.390905970475142,7.193872706182598,24.364587139808556,0.18193943902078744,0.29530289080670324,63.21838655516349,1706.2933666992203,1388.4835738570607,47.968326378848055,61.70107444708924,53.95099912872989,1959.2168705037548,1656.0398433634255,1.7699116031744,39.47477060845725,1953.7928466797:-0.37878787878545045,1901.9875488281:-2.6515245943109367,1855.1162109375:-5.050516788916098,1995.7303466797:2.1464660427674875,2158.5463867188:10.479797814136782,2087.005859375:6.818174860333011,2119.0759277344:8.459601095151113,2084.5388183594:6.691905536551193,2032.7340087891:4.0404059336973015
3475,99.58,24.92,7.0781505923779875,1.7659465236614635,23.73145382129466,0.2926720207813434,0.2676075502093142,81.95486774059836,676.446330566406,598.25766398112,18.09590209739212,8.656888653386886,1.5218736718649997,726.8259284317231,621.2882927596569,4.807693421406006,37.08491295718221,698.375793457:-0.9259259259245964,706.6897583008:1.1904715085620914,692.8331298828:-0.7936505855627514,822.1620483398:17.724877643603737,790.7535400391:13.22751267262929,705.7659912109:1.058197867557536,715.9276123047:2.5132341372855316,736.2506713867:5.423280457963355,745.4884643555:6.746034347108399
7501,-3.9,-0.21576379288908076,0.0,0.41707714340928553,21.34838226090383,0.03034299538976056,0.07357449866816755,49.41177948809695,727.688945312504,717.3210137261333,13.561790122200522,6.015067211500536,6.441283716003429,762.4235446024143,729.0560635518857,51.28200857929742,18.271162698837433,892.828125:15.451577801953768,748.125:-16.207276736493938,728.4375:-18.412348401323044,720.5625:-19.294377067254686,706.78125:-20.83792723263506,742.21875:-16.868798235942666,888.890625:-0.4410143329658214,792.421875:-11.245865490628445,735.328125:-17.640573318632853
8255,76.75,9.55,10.969396493899675,1.047753264852339,25.055526056127125,0.5425386639531242,0.3824306714650321,78.63246552755342,800.979392089844,779.2213862666378,16.04453928795341,9.129506098539991,3.0130240342447556,849.8128648636387,761.1119642379513,11.538512451507842,31.86178743733676,824.0390625:-2.1676300578044563,803.7953491211:-2.456644872815116,796.6504516602:-3.323702975524899,803.7953491211:-2.456644872815116,816.8941650391:-0.8670581027097831,784.7423095703:-4.768797344446278,787.1240234375:-4.479768101102611,824.0390625:0.0,818.0849609375:-0.7225508878712894
8101,132.91,6.68,10.45877090254759,0.6950515213592272,23.457514599393274,0.3596266193856572,0.39433866573616055,58.823557572632694,1332.5523364257822,1304.0083116319438,29.792543707358778,11.3187607934492,2.080550370184196,1390.2065650223867,1272.9966454268233,2.7522921770713933,10.630082353152341,1371.6147460938:-1.345895020185031,1344.8470458984:-1.951546545531925,1342.0778808594:-2.1534374224626545,1346.6931152344:-1.8169555941545488,1331.0017089844:-2.960965331195311,1354.0772705078:-1.2786006884181385,1371.6147460938:0.0,1400.228515625:2.0861374968947133,1453.7639160156:5.989230587943975
9504,-110.21,-6.839569419777819,0.0,0.42354454029247696,26.22809176942048,0.15796410394804916,-0.07822708922222896,82.90590980667031,689.851107177736,778.1943843135148,15.966724368995694,9.843579330048328,1.8091478378283337,729.6781819658681,641.2156107587521,2.3529424441709246,58.16185014424773,717.9724731445:0.8053691275064038,663.0403442383:-7.651007658498946,626.4189453125:-12.751676597157482,623.5277709961:-13.154362553032298,622.5640258789:-13.288594038673956,643.7659912109:-10.335560861908576,640.8748168945:-10.738246817783393,664.0040893555:-7.516776172857289,660.1491699219:-8.053693614373762
9507,-30.44,-2.048058400081111,0.0,0.48182192180600025,25.71586273337865,0.2798683120626353,-0.011799414746292506,76.99112751911464,687.045104980474,733.3431925455711,16.1265288107156,9.89205939935448,4.161619117425545,732.0545490933562,647.0617900179839,12.162172056204822,45.419330856928326,744.3276367188:1.5463917525809248,703.0827026367:-5.5412337319515625,682.9397583008:-8.247426991776711,705.0010375977:-5.283506507223407,711.7153320312:-4.381444820638934,694.4500732422:-6.701022643264191,679.1030883789:-8.76288144121958,695.4092407227:-6.572159030900113,700.205078125:-5.927840969106607
3963,12.78,11.83,40.27581228625978,4.770388146602409,23.34013584593277,0.36009628053598247,0.4039637756586802,62.76151053188419,486.59847717284595,413.792806780777,22.08431278726531,13.548056289476676,7.23700551928879,566.0350326751566,426.02524869690353,31.97673016084939,21.62347911134858,491.9143371582:-4.637096774201986,468.1120300293:-4.838709777480049,459.1861572266:-6.653227494988538,446.2932434082:-9.274194774145855,425.466217041:-13.508067380404537,455.2191162109:-7.459677056637365,447.2850036621:-9.072582383738732,439.3508911133:-10.685487710840098,483.9802246094:-1.6129053271013671
2831,213.64,5.76,13.48611866117862,0.7762098120274796,23.899118141236983,-0.00144272994401736,-0.09942014330060193,56.41032555310169,2952.126074218764,2948.076206235537,23.795376608087327,-4.456697716705548,-6.195401423016371,2975.0770829646553,2910.1238935978945,11.364498086384954,21.11877259006725,2896.7746582031:0.5385392123865369,2894.8244628906:-0.06732298996670065,2894.8244628906:-0.06732298996670065,2891.8996582031:-0.16829061888521263,2907.4997558594:0.3702427327555024,2897.7495117188:0.03365306697017107,2916.2751464844:0.6731793315741164,2925.0500488281:0.9760990743594645,2903.5998535156:0.2356136088519133
3536,8.51,11.85,14.94809976827262,1.7709637898928023,22.075989931197995,0.19050018021275572,0.14494010650962372,58.33335213831226,129.180554199218,124.36837192111705,4.775026019425363,0.33475242828680507,-0.07028569743657011,132.41480908735304,121.31157717361695,49.99998300343956,35.35233164787977,125.2361068726:-1.5748031495471901,124.25:-0.7873982170358821,124.25:-0.7873982170358821,129.180557251:3.1496111440230337,125.2361068726:0.0,129.180557251:3.1496111440230337,126.2222213745:0.7874043089690927,123.263885498:-1.574802526084837,125.2361068726:0.0
9508,14.54,1.06,49.81652776136177,0.5304559635370454,26.53969738802907,0.24307028453851884,0.0012114576892836505,74.35895153683813,718.7812939453139,784.6126935040519,14.322520298424282,0.873370850918036,-4.097508078180121,724.2088060682429,684.612592857537,18.181814583458433,33.554618207182315,720.464050293:-0.5369127516670494,678.8801879883:-5.771816413017219,686.6166992188:-4.697993058839629,679.8472290039:-5.637591670615886,697.2544555664:-3.2214785341698984,691.4520263672:-4.0268524035309365,682.7484130859:-5.234908971760873,697.2544555664:-3.2214785341698984,705.9580078125:-2.0134304375909755
4480,17.78,4.03,227.22159730033744,9.214697899322582,25.580834643057152,0.5071882948655402,0.6724631295868062,74.82517482517483,3228.04,3009.0592592592593,146.85224261335372,201.76504560770718,171.14234735035268,4091.4584607406687,3210.0415392593313,15.168539325842696,40.01279683014961,4075.0:0.8588957055214724,4180.0:2.5766871165644174,4115.0:0.98159509202454,4325.0:6.134969325153374,4125.0:1.2269938650306749,4190.0:2.8220858895705523,4320.0:6.012269938650307,4515.0:10.797546012269938,4415.0:8.343558282208589
