"日付け","終値","始値","高値","安値","出来高","変化率 %"
"2025-03-14","658.80","649.16","658.84","647.59","","1.40%"
"2025-03-13","649.72","655.99","659.58","648.62","","-0.24%"
"2025-03-12","651.31","642.88","656.38","642.81","","1.54%"
"2025-03-11","641.46","630.45","641.46","621.37","","0.39%"
"2025-03-10","638.98","634.12","640.06","629.74","","1.26%"
"2025-03-07","631.01","637.61","640.60","631.01","","-2.07%"
"2025-03-06","644.32","644.59","648.05","639.68","","0.83%"
"2025-03-05","639.00","645.22","646.44","634.77","","-1.15%"
"2025-03-04","646.46","652.73","653.01","637.95","","-1.80%"
"2025-03-03","658.30","660.24","663.52","657.25","","0.69%"
"2025-02-28","653.77","663.89","667.63","648.66","","-2.21%"
"2025-02-27","668.56","668.57","673.01","667.24","","-0.03%"
"2025-02-26","668.74","673.69","676.23","662.73","","-0.72%"
"2025-02-25","673.56","672.33","677.29","670.76","","-0.98%"
"2025-02-21","680.22","681.17","685.78","677.70","","-0.46%"
"2025-02-20","683.37","685.28","689.12","682.19","","-0.26%"
"2025-02-19","685.12","687.63","689.70","683.34","","-0.28%"
"2025-02-18","687.04","682.90","691.04","682.69","","0.82%"
"2025-02-17","681.46","678.32","690.25","677.86","","0.65%"
"2025-02-14","677.06","688.43","688.58","675.82","","-1.51%"
"2025-02-13","687.45","693.92","693.92","682.81","","-0.75%"
"2025-02-12","692.66","685.56","693.22","682.74","","1.38%"
"2025-02-10","683.23","671.54","684.38","671.04","","1.65%"
"2025-02-07","672.12","669.06","674.78","668.77","","0.30%"
"2025-02-06","670.13","655.72","670.19","655.72","","2.33%"
"2025-02-05","654.88","649.23","654.88","648.79","","1.09%"
"2025-02-04","647.80","646.50","651.34","645.18","","0.88%"
"2025-02-03","642.15","644.52","646.42","639.38","","-1.31%"
"2025-01-31","650.67","651.83","651.83","647.03","","-0.30%"
"2025-01-30","652.60","654.79","657.00","651.11","","-0.52%"
"2025-01-29","655.99","649.47","659.10","649.41","0.00K","1.28%"
"2025-01-28","647.71","636.15","647.71","635.56","0.00K","1.38%"
"2025-01-27","638.90","643.30","645.89","638.64","0.00K","-0.28%"
"2025-01-24","640.72","625.97","641.95","625.67","0.00K","2.56%"
"2025-01-23","624.73","629.93","629.93","622.22","0.00K","-0.92%"
"2025-01-22","630.56","630.91","634.03","626.54","0.00K","0.42%"
"2025-01-21","627.92","631.58","631.71","624.65","0.00K","-0.53%"
"2025-01-20","631.26","628.25","633.62","626.88","0.00K","0.86%"
"2025-01-17","625.85","626.34","626.34","619.11","0.00K","-0.64%"
"2025-01-16","629.86","636.46","638.18","628.63","0.00K","-0.20%"
"2025-01-15","631.11","638.52","640.40","629.96","0.00K","-0.91%"
"2025-01-14","636.92","641.63","643.18","633.91","0.00K","-1.21%"
"2025-01-10","644.72","640.93","645.63","639.97","0.00K","0.20%"
"2025-01-09","643.42","640.17","644.71","638.25","0.00K","-0.04%"
"2025-01-08","643.67","637.45","644.51","636.42","0.00K","0.43%"
"2025-01-07","640.94","638.97","640.94","637.02","0.00K","0.98%"
"2025-01-06","634.71","646.46","648.71","634.43","0.00K","-1.47%"
"2024-12-30","644.18","644.77","650.41","643.60","0.00K","-0.10%"
"2024-12-27","644.82","637.38","649.11","636.97","0.00K","2.00%"
"2024-12-26","632.16","634.02","636.50","629.51","0.00K","0.11%"
"2024-12-25","631.46","632.23","637.18","628.70","0.00K","0.21%"
"2024-12-24","630.12","629.94","630.90","625.59","0.00K","-0.01%"
"2024-12-23","630.16","628.31","633.07","627.92","0.00K","0.84%"
"2024-12-20","624.89","631.20","633.58","624.65","0.00K","-0.94%"
"2024-12-19","630.85","626.66","631.80","626.12","0.00K","-0.79%"
"2024-12-18","635.85","633.81","641.88","632.66","0.00K","0.06%"
"2024-12-17","635.44","638.17","638.38","632.94","0.00K","-0.44%"
"2024-12-16","638.27","643.45","643.49","636.84","0.00K","-1.01%"
"2024-12-13","644.81","646.99","648.46","643.12","0.00K","0.49%"
"2024-12-12","641.64","643.87","647.36","641.53","0.00K","0.48%"
"2024-12-11","638.58","640.36","641.27","635.95","0.00K","-0.30%"
"2024-12-10","640.47","641.62","641.91","638.88","0.00K","-0.36%"
"2024-12-09","642.81","637.85","644.49","637.01","0.00K","1.38%"
"2024-12-06","634.03","636.32","636.85","631.01","0.00K","-0.73%"
"2024-12-05","638.72","639.71","643.35","637.51","0.00K","0.10%"
"2024-12-04","638.08","644.84","644.84","636.74","0.00K","-1.34%"
"2024-12-03","646.75","643.88","647.25","642.84","0.00K","0.78%"
"2024-12-02","641.72","645.08","645.20","639.34","0.00K","-0.35%"
"2024-11-29","643.97","634.64","645.08","632.26","0.00K","1.51%"
"2024-11-28","634.38","633.62","638.46","632.19","0.00K","0.06%"
"2024-11-27","633.97","636.05","636.05","628.97","0.00K","-0.24%"
"2024-11-26","635.47","639.65","639.65","632.04","0.00K","-0.42%"
"2024-11-25","638.18","640.15","642.51","636.81","0.00K","0.53%"
"2024-11-22","634.81","638.34","639.85","632.80","0.00K","-0.13%"
"2024-11-21","635.64","635.29","639.13","632.31","0.00K","0.71%"
"2024-11-20","631.16","634.76","640.42","631.15","0.00K","-0.01%"
"2024-11-19","631.21","621.02","633.08","621.02","0.00K","1.93%"
"2024-11-18","619.26","622.71","624.48","617.87","0.00K","-1.07%"
"2024-11-15","625.95","624.85","628.09","619.31","","0.12%"
"2024-11-14","625.23","628.10","630.05","621.68","","-0.57%"
"2024-11-13","628.84","631.13","637.23","627.74","","-0.42%"
"2024-11-12","631.50","633.75","637.97","629.89","","0.02%"
"2024-11-11","631.38","625.93","631.38","625.11","","0.72%"
"2024-11-08","626.88","624.65","631.11","623.34","","0.66%"
"2024-11-07","622.74","625.23","630.47","619.82","","0.21%"
"2024-11-06","621.45","619.56","624.78","616.61","","0.54%"
"2024-11-05","618.13","622.74","623.20","614.80","","-0.30%"
"2024-11-01","619.96","622.09","624.05","619.45","","-1.64%"
"2024-10-31","630.28","625.86","630.76","623.04","","0.72%"
"2024-10-30","625.76","623.90","626.99","621.12","","0.52%"
"2024-10-29","622.54","610.68","623.10","610.47","","2.08%"
"2024-10-28","609.88","587.68","610.44","587.68","","3.49%"
"2024-10-25","589.30","598.50","599.60","587.56","","-1.68%"
"2024-10-24","599.35","598.47","601.17","593.48","","-0.78%"
"2024-10-23","604.09","614.22","614.44","603.31","","-1.76%"
"2024-10-22","614.90","629.01","629.01","614.20","","-2.69%"
"2024-10-21","631.91","623.23","633.84","621.97","","1.37%"
"2024-10-18","623.37","626.82","628.86","621.65","","-0.69%"
"2024-10-17","627.70","632.67","635.07","627.48","","-0.79%"
"2024-10-16","632.67","633.96","639.00","630.86","","-1.25%"
"2024-10-15","640.69","642.25","642.37","633.77","","0.39%"
"2024-10-11","638.19","639.89","642.56","638.19","","-0.27%"
"2024-10-10","639.94","647.39","648.71","639.09","","-1.13%"
"2024-10-09","647.24","644.60","651.06","643.85","","0.99%"
"2024-10-08","640.92","645.48","648.03","640.22","","-1.40%"
"2024-10-07","650.01","654.68","656.93","648.20","","0.43%"
"2024-10-04","647.20","649.16","655.87","646.28","","-0.48%"
"2024-10-03","650.33","654.09","654.24","645.78","","0.89%"
"2024-10-02","644.58","659.03","659.81","643.99","","-3.19%"
"2024-10-01","665.79","656.92","668.26","653.49","","2.02%"
"2024-09-30","652.63","663.51","667.17","652.44","","-3.42%"
"2024-09-27","675.75","665.21","676.75","665.21","","2.13%"
"2024-09-26","661.65","656.39","661.65","655.16","","0.92%"
"2024-09-25","655.65","661.08","662.27","655.07","","-0.83%"
"2024-09-24","661.17","670.92","670.92","661.17","","-0.74%"
"2024-09-20","666.08","668.62","670.26","663.60","","0.61%"
"2024-09-19","662.06","648.11","665.12","648.11","","3.42%"
"2024-09-18","640.19","644.77","648.95","634.68","","0.20%"
"2024-09-17","638.89","646.34","648.53","631.95","","-0.87%"
"2024-09-13","644.48","652.26","653.04","644.00","","-1.35%"
"2024-09-12","653.27","641.82","653.27","640.98","","3.34%"
"2024-09-11","632.14","651.93","654.62","624.27","","-2.87%"
"2024-09-10","650.82","648.54","654.03","643.69","","0.87%"
"2024-09-09","645.21","631.06","648.11","625.26","","0.21%"
"2024-09-06","643.88","658.26","659.33","640.08","","-1.93%"
"2024-09-05","656.58","646.18","665.88","646.18","","0.74%"
"2024-09-04","651.78","667.74","668.82","650.69","","-4.23%"
"2024-09-03","680.57","667.62","681.13","667.09","","1.94%"
"2024-09-02","667.65","672.35","672.35","662.89","","-0.20%"
"2024-08-30","669.01","663.14","669.01","662.81","","1.14%"
"2024-08-29","661.49","658.53","667.53","657.14","","-0.47%"
"2024-08-28","664.64","677.26","677.51","661.80","","-2.30%"
"2024-08-27","680.30","669.43","680.91","666.05","","1.27%"
"2024-08-26","671.79","645.59","671.79","645.59","","4.88%"
"2024-08-23","640.52","638.99","640.52","634.41","","0.21%"
"2024-08-22","639.19","632.13","642.39","631.91","","1.34%"
"2024-08-21","630.74","629.07","636.78","629.07","","-0.64%"
"2024-08-20","634.78","621.12","634.84","620.81","","3.72%"
"2024-08-19","612.03","611.18","624.35","609.18","","0.48%"
"2024-08-16","609.11","602.15","609.65","601.24","","2.76%"
"2024-08-15","592.74","591.98","596.33","588.81","","-0.03%"
"2024-08-14","592.90","583.89","594.06","579.35","","1.89%"
"2024-08-13","581.92","565.44","582.23","565.34","","3.59%"
"2024-08-09","561.78","563.14","568.47","550.44","","0.73%"
"2024-08-08","557.73","546.60","566.66","546.60","","1.15%"
"2024-08-07","551.37","526.55","561.99","526.55","","3.29%"
"2024-08-06","533.79","495.88","540.29","495.88","","10.06%"
"2024-08-05","485.02","563.75","563.75","482.29","","-15.84%"
"2024-08-02","576.29","609.68","609.71","576.27","","-7.53%"
"2024-08-01","623.25","641.96","642.78","620.68","","-3.85%"
"2024-07-31","648.20","642.17","648.20","635.14","","0.28%"
"2024-07-30","646.37","653.57","653.84","641.10","","-1.32%"
"2024-07-29","655.02","648.45","655.30","646.87","","1.88%"
"2024-07-26","642.91","642.27","650.32","642.27","","0.37%"
"2024-07-25","640.56","639.00","645.61","638.27","","-1.18%"
"2024-07-24","648.21","659.59","663.73","648.21","","-1.92%"
"2024-07-23","660.90","662.01","668.74","658.52","","0.56%"
"2024-07-22","657.25","675.11","675.11","656.20","","-2.73%"
"2024-07-19","675.73","687.40","688.19","674.91","","-2.09%"
"2024-07-18","690.17","690.01","697.56","690.01","","-0.71%"
"2024-07-17","695.11","687.05","697.23","687.05","","2.02%"
"2024-07-16","681.33","680.51","684.40","678.71","","0.62%"
"2024-07-12","677.13","655.19","678.82","655.19","","3.24%"
"2024-07-11","655.86","655.89","657.09","648.93","0.00K","0.21%"
"2024-07-10","654.51","658.09","658.95","650.15","0.00K","-0.52%"
"2024-07-09","657.93","659.88","663.27","655.99","0.00K","-0.15%"
"2024-07-08","658.93","658.73","660.14","655.83","0.00K","0.23%"
"2024-07-05","657.45","653.86","658.17","652.83","0.00K","0.54%"
"2024-07-04","653.92","655.76","659.70","653.14","0.00K","0.14%"
"2024-07-03","653.03","648.35","653.62","648.35","0.00K","1.08%"
"2024-07-02","646.04","650.54","651.82","644.50","0.00K","-0.49%"
"2024-07-01","649.20","663.72","663.93","649.20","0.00K","-1.82%"
"2024-06-28","661.24","670.17","671.45","660.27","0.00K","-1.06%"
"2024-06-27","668.30","655.04","671.03","655.04","0.00K","2.02%"
"2024-06-26","655.08","651.18","657.86","650.30","0.00K","1.20%"
"2024-06-25","647.30","639.85","648.43","639.77","0.00K","1.34%"
"2024-06-24","638.77","638.70","642.02","637.02","0.00K","0.12%"
"2024-06-21","637.98","638.69","644.43","637.98","0.00K","-0.03%"
"2024-06-20","638.15","631.80","638.15","631.80","0.00K","1.51%"
"2024-06-19","628.68","634.70","636.72","627.54","0.00K","-0.67%"
"2024-06-18","632.90","639.93","642.50","632.90","0.00K","-0.84%"
"2024-06-17","638.23","637.87","638.72","632.30","0.00K","-0.08%"
"2024-06-14","638.73","627.61","639.76","627.61","0.00K","0.63%"
"2024-06-13","634.71","638.04","642.94","634.71","0.00K","0.01%"
"2024-06-12","634.66","631.68","636.52","631.68","0.00K","0.50%"
"2024-06-11","631.49","628.28","633.99","626.87","0.00K","0.91%"
"2024-06-10","625.78","618.65","625.84","618.39","0.00K","0.67%"
"2024-06-07","621.64","612.20","622.18","612.20","0.00K","1.49%"
"2024-06-06","612.53","626.22","626.59","612.53","0.00K","-1.71%"
"2024-06-05","623.17","629.76","632.41","622.59","0.00K","-1.29%"
"2024-06-04","631.29","616.65","633.52","616.65","0.00K","2.37%"
"2024-06-03","616.66","620.33","620.55","615.44","0.00K","-0.30%"
"2024-05-31","618.49","601.24","618.54","601.02","0.00K","2.69%"
"2024-05-30","602.27","595.96","604.57","594.16","0.00K","-0.18%"
"2024-05-29","603.35","616.99","616.99","603.35","0.00K","-2.54%"
"2024-05-28","619.06","616.03","625.07","616.03","0.00K","0.90%"
"2024-05-27","613.54","609.06","614.13","604.94","0.00K","0.89%"
"2024-05-24","608.14","607.36","613.50","605.81","0.00K","-1.19%"
"2024-05-23","615.48","627.58","627.63","614.84","0.00K","-1.47%"
"2024-05-22","624.66","631.80","632.75","624.66","0.00K","-1.38%"
"2024-05-21","633.41","644.41","646.87","633.41","0.00K","-1.41%"
"2024-05-20","642.45","632.42","648.52","632.42","0.00K","1.50%"
"2024-05-17","632.98","631.42","634.63","628.35","0.00K","-0.33%"
"2024-05-16","635.09","644.88","645.23","628.70","0.00K","-1.31%"
"2024-05-15","643.52","659.09","659.09","643.51","0.00K","-2.39%"
"2024-05-14","659.26","651.43","659.87","651.43","0.00K","1.33%"
"2024-05-13","650.60","649.49","651.79","644.70","0.00K","0.06%"
"2024-05-10","650.23","655.63","655.72","647.51","0.00K","-0.42%"
"2024-05-09","652.97","654.97","657.16","647.02","0.00K","-0.29%"
"2024-05-08","654.89","654.03","665.01","652.92","","-0.22%"
"2024-05-07","656.31","650.41","657.21","650.02","","2.08%"
"2024-05-02","642.96","644.44","648.67","642.18","","-0.51%"
"2024-05-01","646.25","641.72","649.42","640.58","","-0.18%"
"2024-04-30","647.40","649.28","650.26","645.30","","0.43%"
"2024-04-26","644.61","641.52","647.61","636.91","","0.70%"
"2024-04-25","640.12","650.90","651.11","640.12","","-2.36%"
"2024-04-24","655.60","655.45","660.26","655.11","","0.76%"
"2024-04-23","650.64","655.75","659.26","646.63","","-0.09%"
"2024-04-22","651.25","642.41","651.25","640.68","","1.96%"
"2024-04-19","638.74","656.63","656.96","629.46","","-3.20%"
"2024-04-18","659.87","646.02","664.44","646.02","","1.50%"
"2024-04-17","650.12","662.50","663.62","648.72","","-1.74%"
"2024-04-16","661.60","671.87","672.80","660.83","","-2.81%"
"2024-04-15","680.75","681.22","684.56","679.68","","-0.96%"
"2024-04-12","687.37","694.30","696.90","687.37","","-0.68%"
"2024-04-11","692.10","694.71","695.75","690.12","","-1.46%"
"2024-04-10","702.37","703.98","709.26","701.60","","0.12%"
"2024-04-09","701.55","696.58","702.92","696.22","","0.62%"
"2024-04-08","697.26","694.97","698.37","692.93","","0.90%"
"2024-04-05","691.04","687.23","692.63","681.52","","-0.74%"
"2024-04-04","696.22","704.79","704.79","694.60","","-0.58%"
"2024-04-03","700.25","706.85","711.33","699.36","","-1.90%"
"2024-04-02","713.83","732.42","732.42","713.83","","-2.83%"
"2024-04-01","734.62","747.58","747.58","732.28","","-1.58%"
"2024-03-29","746.45","736.90","747.80","736.48","","1.59%"
"2024-03-28","734.79","739.05","744.09","734.65","","-0.60%"
"2024-03-27","739.23","744.11","747.30","739.23","","-0.65%"
"2024-03-26","744.03","748.25","749.68","741.22","","-0.83%"
"2024-03-25","750.24","754.28","762.63","750.24","","-0.66%"
"2024-03-22","755.22","756.48","756.49","748.30","","-0.08%"
"2024-03-21","755.80","754.62","760.53","752.43","","1.30%"
"2024-03-19","746.07","739.09","747.27","737.72","","0.76%"
"2024-03-18","740.45","726.73","740.57","726.73","","2.63%"
"2024-03-15","721.48","730.64","731.57","718.72","","-2.26%"
"2024-03-14","738.20","738.87","741.70","729.31","","-0.12%"
"2024-03-13","739.11","754.54","756.56","736.57","","-1.66%"
"2024-03-12","751.57","733.16","751.57","727.32","","1.94%"
"2024-03-11","737.29","745.20","747.48","732.27","","-2.34%"
"2024-03-08","754.96","759.31","766.94","752.17","","-1.41%"
"2024-03-07","765.78","778.37","787.23","762.64","","-1.29%"
"2024-03-06","775.76","760.41","778.31","758.33","","1.08%"
"2024-03-05","767.44","761.25","767.83","751.80","","0.10%"
"2024-03-04","766.69","768.11","782.76","766.69","","0.40%"
"2024-03-01","763.60","772.38","773.71","761.46","","-1.14%"
"2024-02-29","772.39","775.48","775.48","762.72","","-0.94%"
"2024-02-28","779.71","774.67","784.78","774.67","","0.55%"
"2024-02-27","775.46","766.51","775.78","761.81","","1.53%"
"2024-02-26","763.80","746.75","767.35","742.95","","2.92%"
"2024-02-22","742.11","753.10","753.76","736.28","","-0.43%"
"2024-02-21","745.35","761.32","761.32","744.54","","-2.60%"
"2024-02-20","765.22","767.63","770.48","762.69","","-0.04%"
"2024-02-19","765.49","755.70","765.92","755.05","","1.62%"
"2024-02-16","753.25","728.26","754.44","727.43","","3.80%"
"2024-02-15","725.70","726.90","729.55","719.12","","0.37%"
"2024-02-14","723.05","715.58","725.64","713.49","","0.36%"
"2024-02-13","720.48","714.13","722.52","712.19","","1.54%"
"2024-02-09","709.52","710.50","716.79","708.99","","0.08%"
"2024-02-08","708.96","711.83","715.66","705.04","","-0.11%"
"2024-02-07","709.74","714.38","716.52","704.78","","-0.93%"
"2024-02-06","716.41","712.65","719.67","706.84","","0.16%"
"2024-02-05","715.27","707.67","717.07","703.46","","1.19%"
"2024-02-02","706.87","705.58","714.24","705.52","","0.64%"
"2024-02-01","702.40","706.30","710.68","700.97","","-1.35%"
"2024-01-31","712.04","711.10","712.04","703.03","","-0.37%"
"2024-01-30","714.72","714.78","717.94","707.26","","0.58%"
"2024-01-29","710.57","715.38","716.40","709.57","","-0.50%"
"2024-01-26","714.12","713.39","724.71","711.45","","-0.66%"
"2024-01-25","718.85","709.06","718.94","702.38","","1.27%"
"2024-01-24","709.87","706.20","713.26","706.07","","0.37%"
"2024-01-23","707.28","712.89","716.86","702.70","","-0.28%"
"2024-01-22","709.25","697.21","710.58","693.68","","2.46%"
"2024-01-19","692.20","690.82","696.40","688.57","","0.92%"
"2024-01-18","685.90","686.99","692.68","683.34","","-0.46%"
"2024-01-17","689.08","707.37","707.62","689.08","","-2.53%"
"2024-01-16","706.96","713.68","720.69","706.75","","-0.45%"
"2024-01-15","710.13","709.36","710.93","703.56","","0.19%"
"2024-01-12","708.76","707.40","710.45","697.72","","0.36%"
"2024-01-11","706.19","711.75","712.31","703.72","","-0.21%"
"2024-01-10","707.69","704.78","710.66","701.46","","0.29%"
"2024-01-09","705.64","701.50","709.05","697.34","","1.64%"
"2024-01-05","694.28","712.03","712.03","694.28","","-2.59%"
"2024-01-04","712.73","697.43","713.12","689.79","","0.89%"
"2023-12-29","706.41","705.18","710.22","701.77","","-0.15%"
"2023-12-28","707.50","690.61","707.50","685.78","","2.30%"
"2023-12-27","691.58","677.09","691.91","675.15","","2.51%"
"2023-12-26","674.65","677.04","681.86","673.93","","0.11%"
"2023-12-25","673.93","681.13","681.55","673.23","","-0.56%"
"2023-12-22","677.74","683.67","687.16","676.95","","-0.35%"
"2023-12-21","680.12","681.73","685.01","679.45","","-1.17%"
"2023-12-20","688.17","690.84","697.85","688.17","","0.23%"
"2023-12-19","686.60","673.20","686.60","670.03","","2.04%"
"2023-12-18","672.88","677.64","678.86","666.63","","-0.69%"
"2023-12-15","677.57","665.83","680.34","664.78","","2.35%"
"2023-12-14","662.01","674.38","679.15","659.80","","-0.45%"
"2023-12-13","664.97","665.62","668.75","661.18","","0.23%"
"2023-12-12","663.43","680.70","680.99","662.44","","-2.04%"
"2023-12-11","677.24","680.70","684.15","675.95","","0.35%"
"2023-12-08","674.87","676.12","682.23","673.37","","-1.09%"
"2023-12-07","682.28","693.98","694.23","682.28","","-2.32%"
"2023-12-06","698.49","699.36","702.77","691.57","","0.68%"
"2023-12-05","693.79","706.75","706.75","693.79","","-2.75%"
"2023-12-04","713.40","703.50","715.45","699.62","","1.81%"
"2023-12-01","700.75","714.72","714.72","700.75","","-2.22%"
"2023-11-30","716.65","722.47","725.11","711.07","","-0.60%"
"2023-11-29","720.97","710.39","724.30","710.39","","1.39%"
"2023-11-28","711.12","713.81","714.51","707.34","","-0.24%"
"2023-11-27","712.83","719.95","725.27","710.73","","-0.58%"
"2023-11-24","716.99","716.16","723.89","715.90","","0.55%"
"2023-11-22","713.10","717.54","719.47","710.00","","-1.40%"
"2023-11-21","723.26","716.17","723.59","712.42","","1.79%"
"2023-11-20","710.52","695.15","712.37","695.06","","2.33%"
"2023-11-17","694.37","688.93","696.93","686.70","","0.47%"
"2023-11-16","691.14","689.73","694.33","683.02","","-0.09%"
"2023-11-15","691.74","681.07","694.19","681.07","","2.88%"
"2023-11-14","672.37","680.07","680.07","667.54","","-0.84%"
"2023-11-13","678.06","682.26","686.13","675.74","","-0.16%"
"2023-11-10","679.16","682.65","682.65","673.40","","-1.86%"
"2023-11-09","692.00","689.38","693.36","683.05","","0.37%"
"2023-11-08","689.45","699.11","703.74","685.64","","-0.51%"
"2023-11-07","693.00","688.85","696.82","686.09","","0.01%"
"2023-11-06","692.94","674.49","694.46","674.37","","4.38%"
"2023-11-02","663.86","647.65","663.86","647.39","","3.40%"
"2023-11-01","642.06","653.61","653.61","637.17","","-0.97%"
"2023-10-31","648.36","638.69","648.66","631.68","","1.16%"
"2023-10-30","640.94","636.75","645.33","636.75","","-0.17%"
"2023-10-27","642.00","635.15","642.00","627.99","","1.54%"
"2023-10-26","632.29","638.46","642.09","631.53","","-2.33%"
"2023-10-25","647.37","655.36","659.18","647.37","","-0.57%"
"2023-10-24","651.09","638.89","652.58","618.70","","2.47%"
"2023-10-23","635.40","653.54","656.95","633.80","","-3.33%"
"2023-10-20","657.30","653.92","662.04","643.92","","-0.34%"
"2023-10-19","659.51","664.39","666.90","656.98","","-2.01%"
"2023-10-18","673.03","667.93","673.86","662.06","","0.96%"
"2023-10-17","666.61","669.50","677.61","664.89","","0.96%"
"2023-10-16","660.27","675.92","675.92","658.94","","-3.36%"
"2023-10-13","683.24","702.98","702.98","683.10","","-3.58%"
"2023-10-12","708.63","699.21","709.14","697.83","","1.31%"
"2023-10-11","699.48","709.63","712.36","699.44","","-1.22%"
"2023-10-10","708.09","706.84","711.99","705.06","","0.97%"
"2023-10-06","701.27","700.06","702.88","691.84","","0.12%"
"2023-10-05","700.42","685.70","701.61","685.70","","3.34%"
"2023-10-04","677.80","686.51","691.03","677.80","","-2.89%"
"2023-10-03","697.97","713.75","715.63","697.95","","-2.66%"
"2023-10-02","717.03","732.19","735.95","717.03","","-1.73%"
"2023-09-29","729.64","729.33","735.24","726.57","","0.60%"
"2023-09-28","725.29","731.31","733.91","722.07","","-0.75%"
"2023-09-27","730.77","719.11","730.77","719.11","","1.20%"
"2023-09-26","722.12","731.69","731.69","722.12","","-1.33%"
"2023-09-25","731.82","727.38","733.04","726.88","","0.72%"
"2023-09-22","726.61","706.40","729.11","706.40","","1.98%"
"2023-09-21","712.52","727.57","727.82","710.94","","-2.67%"
"2023-09-20","732.04","735.65","740.82","732.04","","-0.69%"
"2023-09-19","737.13","738.41","740.33","731.86","","-0.37%"
"2023-09-15","739.90","743.10","744.72","737.61","","-0.15%"
"2023-09-14","741.04","737.81","741.79","735.38","","0.47%"
"2023-09-13","737.54","737.42","741.54","736.19","","-0.14%"
"2023-09-12","738.56","739.56","746.93","736.61","","0.34%"
"2023-09-11","736.05","748.65","752.47","736.05","","-1.89%"
"2023-09-08","750.25","749.46","753.59","747.14","","-0.64%"
"2023-09-07","755.08","761.66","762.57","751.49","","-1.55%"
"2023-09-06","766.95","767.16","770.00","764.66","","-0.24%"
"2023-09-05","768.79","758.32","771.09","758.32","","1.41%"
"2023-09-04","758.09","760.11","764.27","756.09","","-0.07%"
"2023-09-01","758.61","758.54","759.39","751.60","","-0.21%"
"2023-08-31","760.17","763.57","766.73","759.81","","-0.18%"
"2023-08-30","761.52","768.29","768.49","760.06","","-0.43%"
"2023-08-29","764.79","750.78","765.41","750.78","","2.24%"
"2023-08-28","748.05","749.12","752.36","747.01","","0.40%"
"2023-08-25","745.04","734.33","748.09","732.53","","0.27%"
"2023-08-24","743.00","750.36","751.88","741.04","","-0.38%"
"2023-08-23","745.83","735.77","746.01","735.77","","1.45%"
"2023-08-22","735.15","739.26","743.20","732.68","","0.08%"
"2023-08-21","734.57","715.76","737.21","715.61","","2.82%"
"2023-08-18","714.39","712.19","721.95","708.22","","-0.93%"
"2023-08-17","721.12","721.01","723.08","708.75","","-0.74%"
"2023-08-16","726.50","736.64","736.75","726.50","","-2.02%"
"2023-08-15","741.49","751.55","751.55","737.34","","-0.95%"
"2023-08-14","748.61","760.94","763.27","748.03","","-1.44%"
"2023-08-10","759.51","756.61","759.75","752.39","","-0.40%"
"2023-08-09","762.56","757.20","763.99","757.17","","0.59%"
"2023-08-08","758.08","770.09","770.53","758.08","","-1.65%"
"2023-08-07","770.77","758.31","770.98","753.78","","0.85%"
"2023-08-04","764.29","758.87","766.84","758.87","","0.38%"
"2023-08-03","761.40","763.04","767.85","761.40","","-1.36%"
"2023-08-02","771.93","775.95","778.67","770.80","","-1.11%"
"2023-08-01","780.62","779.79","786.05","776.25","","0.42%"
"2023-07-31","777.32","770.85","778.01","770.50","","1.74%"
"2023-07-28","764.04","762.51","768.87","753.17","","-1.03%"
"2023-07-27","771.96","767.61","774.81","767.61","","0.25%"
"2023-07-26","770.03","767.26","771.94","763.75","","0.26%"
"2023-07-25","768.05","769.58","769.67","764.10","","-0.28%"
"2023-07-24","770.21","768.98","773.52","767.35","","0.61%"
"2023-07-21","765.53","770.43","770.47","762.70","","-1.47%"
"2023-07-20","776.98","785.09","785.09","776.98","","-1.58%"
"2023-07-19","789.47","788.21","789.69","785.30","","0.60%"
"2023-07-18","784.77","787.37","791.18","782.55","","0.01%"
"2023-07-14","784.72","796.00","798.30","781.83","","-0.65%"
"2023-07-13","789.84","778.25","790.00","773.51","","2.11%"
"2023-07-12","773.54","789.27","789.90","773.26","","-1.84%"
"2023-07-11","788.03","788.04","794.68","786.61","","0.75%"
"2023-07-10","782.20","784.05","790.21","780.59","","-0.64%"
"2023-07-07","787.27","775.55","791.08","775.55","","0.18%"
"2023-07-06","785.87","800.99","802.67","784.34","","-3.07%"
"2023-07-05","810.74","812.93","814.27","805.72","","-0.84%"
"2023-07-04","817.64","814.80","818.44","810.27","","-0.13%"
"2023-07-03","818.68","821.12","823.50","817.02","","0.33%"
"2023-06-30","815.97","806.42","816.28","801.15","","0.66%"
"2023-06-29","810.65","812.31","820.44","807.11","","0.54%"
"2023-06-28","806.27","808.42","810.38","799.65","","0.95%"
"2023-06-27","798.66","801.91","806.70","789.01","","-1.56%"
"2023-06-26","811.30","821.13","827.89","808.85","","-2.29%"
"2023-06-23","830.29","854.51","854.93","820.69","","-1.77%"
"2023-06-22","845.27","858.07","863.80","843.67","","-2.25%"
"2023-06-21","864.77","854.12","871.35","853.36","","0.75%"
"2023-06-20","858.34","852.36","858.34","842.26","","0.70%"
"2023-06-19","852.37","836.05","858.56","833.95","","2.65%"
"2023-06-16","830.37","801.01","830.62","801.01","","4.46%"
"2023-06-15","794.93","797.52","800.87","793.71","","-0.35%"
"2023-06-14","797.75","808.79","810.97","795.72","","-1.05%"
"2023-06-13","806.22","806.28","813.97","804.26","","1.07%"
"2023-06-12","797.67","776.39","798.07","775.55","","3.22%"
"2023-06-09","772.79","774.66","777.81","770.98","","0.47%"
"2023-06-08","769.17","782.42","782.95","763.90","","-2.18%"
"2023-06-07","786.29","787.85","795.39","773.04","","0.29%"
"2023-06-06","784.05","774.28","786.95","772.85","","0.85%"
"2023-06-05","777.48","766.81","777.53","763.18","","2.59%"
"2023-06-02","757.85","747.17","757.85","745.45","","1.39%"
"2023-06-01","747.48","746.76","750.68","745.12","","-0.08%"
"2023-05-31","748.06","745.66","753.01","739.99","","0.06%"
"2023-05-30","747.61","734.47","748.24","730.95","","1.93%"
"2023-05-29","733.46","733.88","739.19","729.75","","1.07%"
"2023-05-26","725.69","735.47","736.41","725.69","","-1.53%"
"2023-05-25","736.97","747.30","747.30","734.03","","-1.22%"
"2023-05-24","746.04","743.70","754.57","743.15","","-0.34%"
"2023-05-23","748.60","758.50","764.56","744.80","","-0.57%"
"2023-05-22","752.90","748.03","753.01","743.82","","0.72%"
"2023-05-19","747.55","741.69","749.07","738.15","","1.16%"
"2023-05-18","739.00","749.79","752.65","738.21","","-1.11%"
"2023-05-17","747.28","745.57","750.53","744.86","","0.11%"
"2023-05-16","746.46","751.80","755.09","742.81","","-0.41%"
"2023-05-15","749.50","747.67","749.99","741.46","","0.24%"
"2023-05-12","747.70","753.05","753.05","746.18","","-1.16%"
"2023-05-11","756.49","756.94","760.57","755.48","","0.54%"
"2023-05-10","752.42","760.55","760.55","751.75","","-1.08%"
"2023-05-09","760.64","756.15","764.56","755.83","","0.73%"
"2023-05-08","755.11","748.21","756.18","747.90","","1.47%"
"2023-05-02","744.15","738.89","745.00","735.41","","0.33%"
"2023-05-01","741.72","750.03","751.47","740.92","","-0.47%"
"2023-04-28","745.24","743.70","746.13","738.07","","1.01%"
"2023-04-27","737.81","736.54","741.21","735.87","","-0.10%"
"2023-04-26","738.57","744.22","745.64","736.47","","-1.63%"
"2023-04-25","750.83","754.85","756.58","749.58","","-0.40%"
"2023-04-24","753.82","754.16","760.03","753.82","","0.12%"
"2023-04-21","752.88","764.31","764.31","750.49","","-1.74%"
"2023-04-20","766.20","760.67","772.55","760.67","","0.35%"
"2023-04-19","763.49","763.94","766.73","759.82","","-0.28%"
"2023-04-18","765.62","756.20","767.94","756.20","","1.32%"
"2023-04-17","755.61","755.05","759.49","753.01","","-0.13%"
"2023-04-14","756.57","756.65","758.51","754.94","","0.77%"
"2023-04-13","750.77","741.52","751.73","740.98","","0.73%"
"2023-04-12","745.36","741.47","745.86","740.75","","0.13%"
"2023-04-11","744.42","744.04","750.52","743.74","","0.70%"
"2023-04-10","739.22","733.52","743.33","732.88","","1.20%"
"2023-04-07","730.43","737.95","739.41","727.10","","-0.46%"
"2023-04-06","733.83","732.35","736.05","730.72","","-0.65%"
"2023-04-05","738.65","747.15","750.75","738.47","","-2.02%"
"2023-04-04","753.91","760.37","761.74","753.00","","-1.16%"
"2023-04-03","762.78","755.71","766.28","755.71","","1.78%"
"2023-03-31","749.45","751.85","754.02","745.96","","0.27%"
"2023-03-30","747.46","749.28","752.17","745.00","","0.13%"
"2023-03-29","746.47","737.77","746.98","737.51","","0.79%"
"2023-03-28","740.62","749.82","751.62","739.70","","-1.42%"
"2023-03-27","751.30","753.82","755.29","749.53","","-0.46%"
"2023-03-24","754.75","754.59","755.53","744.98","","0.03%"
"2023-03-23","754.49","738.64","754.61","735.42","","1.19%"
"2023-03-22","745.61","742.61","752.26","742.61","","1.86%"
"2023-03-20","731.98","762.52","763.42","731.98","","-4.01%"
"2023-03-17","762.59","743.45","764.42","743.45","","3.52%"
"2023-03-16","736.65","730.95","737.43","725.60","","-0.77%"
"2023-03-15","742.40","748.28","750.81","740.56","","0.55%"
"2023-03-14","738.35","749.19","750.73","736.92","","-2.31%"
"2023-03-13","755.84","749.72","756.70","745.20","","-0.83%"
"2023-03-10","762.19","771.79","774.40","761.58","","-1.82%"
"2023-03-09","776.34","775.31","778.50","769.36","","0.33%"
"2023-03-08","773.82","766.92","774.99","766.06","","0.08%"
"2023-03-07","773.24","763.90","774.35","763.65","","0.95%"
"2023-03-06","765.94","764.18","768.48","763.57","","0.96%"
"2023-03-03","758.64","752.10","759.11","751.93","","1.29%"
"2023-03-02","748.96","745.37","749.19","743.07","","0.49%"
"2023-03-01","745.34","748.36","749.86","740.68","","-0.45%"
"2023-02-28","748.68","740.31","752.07","739.25","","1.69%"
"2023-02-27","736.23","741.86","743.70","734.83","","-1.68%"
"2023-02-24","748.84","753.37","754.28","746.49","","-0.52%"
"2023-02-22","752.75","755.08","757.08","749.92","","-1.52%"
"2023-02-21","764.34","769.04","771.55","764.19","","-0.34%"
"2023-02-20","766.97","765.19","768.07","756.81","","0.12%"
"2023-02-17","766.05","773.78","776.49","764.48","","-1.79%"
"2023-02-16","780.04","770.15","782.22","769.11","","1.96%"
"2023-02-15","765.07","772.94","774.96","762.70","","-0.96%"
"2023-02-14","772.46","768.40","774.02","766.38","","1.07%"
"2023-02-13","764.32","774.21","774.61","762.97","","-2.11%"
"2023-02-10","780.79","789.34","789.87","779.78","","-1.71%"
"2023-02-09","794.36","787.42","794.65","785.63","","0.21%"
"2023-02-08","792.66","783.11","792.66","781.82","","1.36%"
"2023-02-07","782.01","775.39","782.05","774.93","","0.73%"
"2023-02-06","776.37","785.07","785.07","776.33","","-0.94%"
"2023-02-03","783.75","786.45","787.69","783.26","","-0.19%"
"2023-02-02","785.27","788.18","792.47","783.56","","0.27%"
"2023-02-01","783.18","779.81","789.08","779.81","","0.93%"
"2023-01-31","775.93","771.88","776.69","768.97","","0.28%"
"2023-01-30","773.76","773.11","780.34","772.41","","0.36%"
"2023-01-27","770.96","777.15","782.39","770.61","","-0.81%"
"2023-01-26","777.28","779.33","782.87","774.77","","-0.12%"
"2023-01-25","778.23","769.76","780.80","768.81","","0.74%"
"2023-01-24","772.55","775.61","776.67","770.71","","0.13%"
"2023-01-23","771.58","761.78","771.63","761.21","","2.39%"
"2023-01-20","753.59","743.54","753.69","743.48","","1.20%"
"2023-01-19","744.65","733.49","746.02","732.98","","0.68%"
"2023-01-18","739.63","725.08","739.95","721.30","","2.49%"
"2023-01-17","721.65","725.45","728.34","721.65","","-0.58%"
"2023-01-16","725.83","731.15","734.92","725.83","","-1.49%"
"2023-01-13","736.78","739.89","744.92","734.98","","-0.96%"
"2023-01-12","743.89","752.06","752.43","741.58","","-0.53%"
"2023-01-11","747.83","737.45","749.12","737.40","","2.24%"
"2023-01-10","731.41","727.02","735.33","727.02","","1.52%"
"2023-01-06","720.48","708.07","720.86","706.45","","0.93%"
"2023-01-05","713.83","715.94","720.42","711.92","","0.20%"
"2023-01-04","712.42","726.52","727.04","712.25","","-2.46%"
"2022-12-30","730.41","727.79","734.85","727.79","","1.32%"
"2022-12-29","720.88","706.29","721.54","706.29","","1.37%"
"2022-12-28","711.17","715.32","716.26","706.98","","-1.23%"
"2022-12-27","720.03","709.64","724.17","709.64","","2.16%"
"2022-12-26","704.79","704.22","708.80","701.14","","-0.35%"
"2022-12-23","707.23","714.73","714.76","707.23","","-2.00%"
"2022-12-22","721.69","725.30","727.59","719.30","","-0.02%"
"2022-12-21","721.85","723.44","735.10","716.13","","-0.69%"
"2022-12-20","726.83","757.93","758.94","721.09","","-4.71%"
"2022-12-19","762.77","767.22","769.80","762.15","","-1.56%"
"2022-12-16","774.83","776.47","780.90","774.35","","-1.48%"
"2022-12-15","786.44","789.88","789.88","783.58","","-0.64%"
"2022-12-14","791.51","789.11","792.72","788.73","","0.77%"
"2022-12-13","785.47","789.39","792.97","783.82","","0.27%"
"2022-12-12","783.33","780.13","787.36","779.47","","-0.47%"
"2022-12-09","787.03","780.09","788.72","778.97","","1.59%"
"2022-12-08","774.71","777.28","778.00","766.54","","-0.56%"
"2022-12-07","779.07","766.75","779.82","766.50","","0.64%"
"2022-12-06","774.15","779.61","779.81","773.00","","-1.63%"
"2022-12-05","786.98","796.63","796.63","785.43","","-1.50%"
"2022-12-02","798.98","806.65","806.65","798.71","","-0.93%"
"2022-12-01","806.44","804.98","813.79","804.98","","1.63%"
"2022-11-30","793.51","797.58","799.25","791.15","","-1.22%"
"2022-11-29","803.32","796.41","805.58","794.76","","0.26%"
"2022-11-28","801.23","798.16","805.64","797.22","","0.20%"
"2022-11-25","799.62","799.06","801.66","796.02","","0.38%"
"2022-11-24","796.58","785.46","796.90","785.46","","2.13%"
"2022-11-22","779.95","779.05","786.58","778.01","","-0.42%"
"2022-11-21","783.24","782.19","783.67","778.85","","0.09%"
"2022-11-18","782.56","786.59","788.32","780.56","","-0.99%"
"2022-11-17","790.39","784.37","790.80","784.37","","-0.13%"
"2022-11-16","791.44","783.66","792.96","779.88","","1.41%"
"2022-11-15","780.41","769.96","781.57","769.59","","0.87%"
"2022-11-14","773.66","762.94","776.89","762.58","","1.73%"
"2022-11-11","760.52","746.84","760.77","746.80","","3.41%"
"2022-11-10","735.47","734.53","739.39","732.92","","-0.39%"
"2022-11-09","738.35","741.22","747.30","738.07","","-0.36%"
"2022-11-08","741.02","735.68","741.62","735.68","","1.09%"
"2022-11-07","733.06","730.91","733.90","726.67","","0.21%"
"2022-11-04","731.56","728.49","733.86","725.38","","-0.85%"
"2022-11-02","737.85","740.27","741.18","736.33","","-1.02%"
"2022-11-01","745.46","744.31","746.53","741.30","","-0.01%"
"2022-10-31","745.54","751.99","751.99","742.86","","-0.03%"
"2022-10-28","745.73","742.31","747.88","742.19","","-0.28%"
"2022-10-27","747.82","746.04","752.10","745.00","","-0.07%"
"2022-10-26","748.32","742.46","752.60","742.46","","1.45%"
"2022-10-25","737.64","729.37","740.39","727.53","","1.53%"
"2022-10-24","726.49","730.06","731.97","725.68","","0.33%"
"2022-10-21","724.08","726.54","728.77","722.47","","-0.50%"
"2022-10-20","727.75","726.33","729.93","725.01","","-0.68%"
"2022-10-19","732.71","733.16","735.42","729.06","","-0.09%"
"2022-10-18","733.40","722.64","733.57","722.64","","2.57%"
"2022-10-17","715.00","710.16","715.82","707.78","","-0.08%"
"2022-10-14","715.58","708.83","718.08","708.83","","2.35%"
"2022-10-13","699.13","714.47","714.89","698.98","","-2.03%"
"2022-10-12","713.58","715.40","717.73","708.50","","-0.46%"
"2022-10-11","716.87","718.55","722.62","715.58","","-1.15%"
"2022-10-07","725.23","726.58","732.86","724.87","","-1.36%"
"2022-10-06","735.25","725.45","737.14","725.18","","1.18%"
"2022-10-05","726.64","729.35","737.16","720.91","","0.34%"
"2022-10-04","724.16","710.40","724.28","709.31","","3.25%"
"2022-10-03","701.37","690.99","701.89","681.06","","0.87%"
"2022-09-30","695.35","698.96","702.02","691.98","","-1.35%"
"2022-09-29","704.84","699.84","714.09","699.84","","2.38%"
"2022-09-28","688.46","704.35","708.18","683.58","","-1.83%"
"2022-09-27","701.27","698.18","705.11","695.25","","1.05%"
"2022-09-26","693.98","703.17","705.13","693.98","","-2.60%"
"2022-09-22","712.50","702.28","715.38","698.54","","0.32%"
"2022-09-21","710.26","721.28","721.28","703.66","","-2.43%"
"2022-09-20","727.94","738.26","741.02","722.16","","-1.20%"
"2022-09-16","736.78","748.54","749.22","735.11","","-1.90%"
"2022-09-15","751.08","748.32","756.98","746.78","","0.93%"
"2022-09-14","744.16","739.60","746.97","733.68","","-1.24%"
"2022-09-13","753.48","755.77","760.24","752.25","","-0.06%"
"2022-09-12","753.90","748.90","754.78","746.15","","1.70%"
"2022-09-09","741.32","730.75","743.52","730.73","","2.42%"
"2022-09-08","723.83","725.80","727.80","720.33","","0.95%"
"2022-09-07","717.00","729.03","729.03","712.99","","-1.98%"
"2022-09-06","731.48","728.86","739.99","726.62","","0.42%"
"2022-09-05","728.43","713.16","729.23","710.92","","1.45%"
"2022-09-02","718.03","731.85","732.46","714.22","","-1.49%"
"2022-09-01","728.90","736.03","737.44","728.90","","-1.78%"
"2022-08-31","742.13","737.39","742.13","734.47","","0.27%"
"2022-08-30","740.12","730.55","740.12","730.09","","1.77%"
"2022-08-29","727.22","729.54","729.64","721.79","","-2.22%"
"2022-08-26","743.72","749.36","751.59","743.72","","0.01%"
"2022-08-25","743.68","741.34","745.30","739.96","","1.16%"
"2022-08-24","735.16","733.29","743.61","731.80","","0.30%"
"2022-08-23","732.96","725.79","734.27","723.27","","-0.04%"
"2022-08-22","733.26","737.77","738.28","730.85","","-2.02%"
"2022-08-19","748.34","755.63","761.51","748.22","","-0.90%"
"2022-08-18","755.12","752.94","756.17","744.56","","-0.89%"
"2022-08-17","761.92","745.90","765.04","744.17","","1.56%"
"2022-08-16","750.21","732.07","752.36","732.07","","2.69%"
"2022-08-15","730.59","728.16","735.83","727.42","","0.59%"
"2022-08-12","726.27","715.19","726.75","715.19","","2.44%"
"2022-08-10","708.97","722.08","722.08","708.42","","-2.96%"
"2022-08-09","730.60","719.66","731.04","717.95","","1.41%"
"2022-08-08","720.47","725.15","726.18","716.20","","-1.35%"
"2022-08-05","730.36","736.28","737.20","729.42","","-0.77%"
"2022-08-04","736.02","731.11","736.65","730.58","","1.68%"
"2022-08-03","723.89","721.33","725.69","719.35","","1.04%"
"2022-08-02","716.46","723.09","725.74","714.51","","-1.12%"
"2022-08-01","724.56","716.72","725.27","713.04","","0.84%"
"2022-07-29","718.55","714.33","724.42","713.87","","1.35%"
"2022-07-28","708.98","713.88","718.25","705.45","","0.50%"
"2022-07-27","705.42","698.07","706.10","698.07","","0.57%"
"2022-07-26","701.39","695.44","702.46","692.89","","0.35%"
"2022-07-25","698.93","705.86","707.14","697.85","","-1.94%"
"2022-07-22","712.78","714.14","716.48","707.83","","-0.26%"
"2022-07-21","714.67","698.79","716.34","698.79","","2.79%"
"2022-07-20","695.27","690.57","698.86","689.77","","1.71%"
"2022-07-19","683.57","680.10","683.97","673.55","","0.86%"
"2022-07-15","677.72","680.81","685.28","673.85","","-0.67%"
"2022-07-14","682.26","668.39","682.93","664.66","","1.80%"
"2022-07-13","670.17","668.26","673.72","664.69","","0.02%"
"2022-07-12","670.06","674.06","675.31","668.73","","-1.40%"
"2022-07-11","679.55","690.87","693.87","679.55","","-0.43%"
"2022-07-08","682.48","678.65","689.75","673.53","","1.34%"
"2022-07-07","673.43","678.81","683.04","670.91","","-0.93%"
"2022-07-06","679.72","673.32","683.58","672.33","","1.95%"
"2022-07-05","666.69","657.24","671.18","657.24","","1.92%"
"2022-07-04","654.10","652.57","661.04","648.93","","1.21%"
"2022-07-01","646.29","661.32","669.35","643.56","","-2.31%"
"2022-06-30","661.56","670.50","673.87","661.56","","-1.05%"
"2022-06-29","668.55","667.34","669.55","659.00","","-1.30%"
"2022-06-28","677.37","667.95","678.98","667.81","","0.49%"
"2022-06-27","674.10","676.08","677.90","668.84","","0.36%"
"2022-06-24","671.67","643.62","672.63","643.62","","5.68%"
"2022-06-23","635.55","630.37","642.19","629.98","","0.91%"
"2022-06-22","629.82","643.26","643.47","628.00","","-1.64%"
"2022-06-21","640.35","622.48","643.84","621.50","","4.06%"
"2022-06-20","615.35","629.59","630.95","607.33","","-0.93%"
"2022-06-17","621.10","624.97","629.45","615.55","","-2.39%"
"2022-06-16","636.32","655.78","660.84","636.32","","-1.32%"
"2022-06-15","644.84","655.18","660.28","642.29","","-1.52%"
"2022-06-14","654.76","643.76","654.76","638.35","","0.12%"
"2022-06-13","653.98","674.63","674.63","653.01","","-4.83%"
"2022-06-10","687.15","688.18","693.00","684.54","","-1.71%"
"2022-06-09","699.12","680.63","700.75","679.66","","2.93%"
"2022-06-08","679.22","666.76","680.85","666.76","","2.69%"
"2022-06-07","661.42","672.01","672.01","660.77","","-2.18%"
"2022-06-06","676.14","662.56","676.53","661.09","","0.86%"
"2022-06-03","670.37","669.33","674.77","666.64","","1.49%"
"2022-06-02","660.54","668.49","668.49","659.09","","-2.19%"
"2022-06-01","675.33","672.58","680.96","671.75","","0.61%"
"2022-05-31","671.25","671.92","676.53","664.97","","-0.89%"
"2022-05-30","677.26","655.38","677.75","655.31","","4.98%"
"2022-05-27","645.11","656.29","658.86","644.30","","-0.33%"
"2022-05-26","647.25","637.19","655.71","636.97","","1.63%"
"2022-05-25","636.88","650.94","650.94","636.34","","-2.54%"
"2022-05-24","653.47","668.69","669.08","653.47","","-3.16%"
"2022-05-23","674.82","663.12","675.12","659.39","","2.67%"
"2022-05-20","657.29","647.60","657.66","640.88","","2.59%"
"2022-05-19","640.67","643.49","646.00","635.50","","-2.39%"
"2022-05-18","656.37","651.46","663.57","651.39","","1.69%"
"2022-05-17","645.46","651.14","652.62","641.56","","-1.88%"
"2022-05-16","657.83","656.96","666.96","654.59","","1.42%"
"2022-05-13","648.65","627.71","651.72","627.71","","4.51%"
"2022-05-12","620.63","649.87","649.87","620.63","","-6.07%"
"2022-05-11","660.76","652.73","666.13","644.93","","0.95%"
"2022-05-10","654.52","645.47","655.23","634.62","","0.31%"
"2022-05-09","652.48","664.56","667.69","652.45","","-3.22%"
"2022-05-06","674.18","688.04","688.04","672.41","","-2.55%"
"2022-05-02","691.84","686.62","696.46","685.36","","-0.37%"
"2022-04-28","694.41","700.52","700.52","691.12","","-0.86%"
"2022-04-27","700.45","699.10","701.30","686.13","","-1.54%"
"2022-04-26","711.44","702.76","712.77","698.01","","2.46%"
"2022-04-25","694.33","690.73","702.17","689.73","","-1.23%"
"2022-04-22","703.01","711.71","712.25","695.39","","-2.67%"
"2022-04-21","722.33","722.60","732.09","717.63","","-0.85%"
"2022-04-20","728.51","749.61","749.61","728.51","","-2.13%"
"2022-04-19","744.39","757.74","760.40","743.20","","-0.96%"
"2022-04-18","751.61","757.05","763.29","746.76","","-1.84%"
"2022-04-15","765.73","771.15","771.31","759.42","","-2.11%"
"2022-04-14","782.24","791.31","797.12","773.22","","-0.43%"
"2022-04-13","785.65","757.84","786.05","757.84","","4.18%"
"2022-04-12","754.14","753.93","768.48","749.54","","-0.91%"
"2022-04-11","761.05","784.51","785.27","756.65","","-4.01%"
"2022-04-08","792.86","795.84","805.97","788.14","","0.47%"
"2022-04-07","789.16","811.92","812.40","788.56","","-4.27%"
"2022-04-06","824.35","828.41","831.20","812.25","","-2.10%"
"2022-04-05","842.01","832.77","843.33","824.55","","2.66%"
"2022-04-04","820.17","799.57","820.17","798.07","","3.40%"
"2022-04-01","793.20","780.51","797.59","772.08","","0.37%"
"2022-03-31","790.30","782.38","791.42","774.33","","0.01%"
"2022-03-30","790.24","772.00","790.61","771.45","","4.03%"
"2022-03-29","759.64","740.16","765.16","740.16","","3.69%"
"2022-03-28","732.58","753.34","753.34","732.58","","-3.76%"
"2022-03-25","761.18","768.94","770.75","752.12","","-0.21%"
"2022-03-24","762.75","741.84","763.25","739.23","","1.33%"
"2022-03-23","752.72","738.21","760.56","738.21","","3.69%"
"2022-03-22","725.96","742.67","743.16","722.90","","-1.92%"
"2022-03-18","740.14","714.88","741.91","714.88","","3.63%"
"2022-03-17","714.24","694.38","718.52","693.75","","4.72%"
"2022-03-16","682.05","677.48","684.78","668.24","","2.18%"
"2022-03-15","667.47","663.67","670.97","653.27","","-0.39%"
"2022-03-14","670.05","670.64","680.13","662.50","","0.00%"
"2022-03-11","670.08","688.18","688.18","661.62","","-3.79%"
"2022-03-10","696.51","683.36","704.59","683.36","","4.01%"
"2022-03-09","669.67","690.11","691.49","667.50","","-1.77%"
"2022-03-08","681.72","683.56","706.21","679.54","","-1.48%"
"2022-03-07","691.95","711.23","711.23","682.22","","-4.51%"
"2022-03-04","724.65","745.09","745.37","712.44","","-4.13%"
"2022-03-03","755.86","777.69","784.81","752.71","","-1.71%"
"2022-03-02","769.03","764.29","774.87","754.99","","-0.92%"
"2022-03-01","776.18","734.81","778.56","734.04","","6.95%"
"2022-02-28","725.76","699.74","729.86","692.17","","3.48%"
"2022-02-25","701.36","664.99","701.69","664.99","","7.50%"
"2022-02-24","652.45","673.80","677.73","648.20","","-4.20%"
"2022-02-22","681.08","677.50","701.47","674.33","","-1.15%"
"2022-02-21","688.99","696.55","696.55","674.61","","-2.80%"
"2022-02-18","708.81","698.84","712.24","685.82","","-0.19%"
"2022-02-17","710.17","733.43","733.43","706.55","","-3.34%"
"2022-02-16","734.68","738.33","750.81","730.42","","1.13%"
"2022-02-15","726.45","741.16","741.25","724.09","","-1.85%"
"2022-02-14","740.13","761.70","761.70","735.44","","-4.54%"
"2022-02-10","775.29","767.64","783.27","765.61","","2.46%"
"2022-02-09","756.64","746.09","756.97","735.38","","2.46%"
"2022-02-08","738.47","748.43","760.63","736.54","","-1.82%"
"2022-02-07","752.13","773.25","777.24","747.87","","-2.76%"
"2022-02-04","773.48","767.90","773.98","751.55","","-0.26%"
"2022-02-03","775.46","796.11","796.11","768.09","","-4.10%"
"2022-02-02","808.64","783.41","808.64","783.06","","4.61%"
"2022-02-01","772.98","770.85","800.65","767.71","","1.95%"
"2022-01-31","758.18","738.83","766.94","737.48","","3.71%"
"2022-01-28","731.07","737.94","743.85","719.03","","0.39%"
"2022-01-27","728.25","779.66","780.22","724.22","","-6.61%"
"2022-01-26","779.83","771.67","789.64","765.10","","1.00%"
"2022-01-25","772.14","819.13","821.16","768.44","","-4.84%"
"2022-01-24","811.39","802.94","813.36","784.54","","-0.17%"
"2022-01-21","812.76","812.83","812.98","799.44","","-1.48%"
"2022-01-20","825.00","806.14","828.64","797.49","","2.11%"
"2022-01-19","807.92","825.92","833.48","805.78","","-3.54%"
"2022-01-18","837.55","831.39","856.93","823.55","","0.66%"
"2022-01-17","832.06","845.21","851.21","831.80","","-1.51%"
"2022-01-14","844.78","859.64","859.69","833.82","","-3.35%"
"2022-01-13","874.04","899.04","899.75","874.00","","-3.59%"
"2022-01-12","906.54","893.20","910.26","893.14","","2.64%"
"2022-01-11","883.21","875.67","886.96","864.37","","0.01%"
"2022-01-07","883.15","891.56","896.46","862.44","","0.14%"
"2022-01-06","881.95","911.23","911.48","879.61","","-4.93%"
"2022-01-05","927.69","963.49","963.49","926.23","","-5.02%"
"2022-01-04","976.74","994.61","995.66","971.94","","-1.13%"
"2021-12-30","987.94","991.24","993.51","977.14","","-0.99%"
"2021-12-29","997.82","987.89","1,003.30","985.38","","0.79%"
"2021-12-28","989.99","993.36","994.69","980.54","","0.47%"
"2021-12-27","985.34","1,002.38","1,002.38","984.17","","-1.80%"
"2021-12-24","1,003.36","1,002.92","1,013.21","998.91","","0.83%"
"2021-12-23","995.10","1,006.35","1,006.35","991.59","","-0.35%"
"2021-12-22","998.60","973.79","999.07","971.60","","3.47%"
"2021-12-21","965.08","961.12","969.22","942.64","","1.77%"
"2021-12-20","948.28","960.04","969.58","946.63","","-1.60%"
"2021-12-17","963.66","987.14","987.18","961.15","","-3.72%"
"2021-12-16","1,000.87","1,014.98","1,023.47","998.90","","0.11%"
"2021-12-15","999.80","991.05","1,013.62","991.05","","0.61%"
"2021-12-14","993.77","1,015.44","1,016.84","989.98","","-2.92%"
"2021-12-13","1,023.66","1,036.26","1,044.45","1,018.78","","-0.67%"
"2021-12-10","1,030.54","1,048.83","1,049.92","1,027.78","","-2.27%"
"2021-12-09","1,054.52","1,061.40","1,069.62","1,052.76","","-0.76%"
"2021-12-08","1,062.58","1,055.55","1,066.25","1,053.48","","2.18%"
"2021-12-07","1,039.90","1,021.12","1,039.90","1,021.12","","3.07%"
"2021-12-06","1,008.97","1,035.11","1,035.11","1,003.97","","-3.80%"
"2021-12-03","1,048.78","1,035.43","1,048.78","1,024.11","","1.95%"
"2021-12-02","1,028.74","1,050.09","1,057.96","1,022.03","","-3.04%"
"2021-12-01","1,060.96","1,075.76","1,075.78","1,031.88","","-0.94%"
"2021-11-30","1,070.99","1,108.61","1,115.93","1,070.99","","-2.26%"
"2021-11-29","1,095.78","1,114.34","1,131.12","1,093.44","","-2.91%"
"2021-11-26","1,128.66","1,137.43","1,142.47","1,115.40","","-0.85%"
"2021-11-25","1,138.28","1,150.86","1,163.57","1,137.49","","-0.42%"
"2021-11-24","1,143.04","1,157.04","1,157.04","1,134.82","","-2.02%"
"2021-11-22","1,166.63","1,152.47","1,168.18","1,149.15","","1.09%"
"2021-11-19","1,154.01","1,171.13","1,176.68","1,147.34","","-1.35%"
"2021-11-18","1,169.83","1,179.39","1,180.32","1,160.75","","-0.49%"
"2021-11-17","1,175.62","1,185.20","1,189.00","1,173.65","","-0.01%"
"2021-11-16","1,175.73","1,160.52","1,178.19","1,157.22","","1.32%"
"2021-11-15","1,160.44","1,141.41","1,160.98","1,135.75","","2.00%"
"2021-11-12","1,137.65","1,117.94","1,137.65","1,115.90","","2.20%"
"2021-11-11","1,113.17","1,105.77","1,116.41","1,104.30","","-0.40%"
"2021-11-10","1,117.59","1,109.64","1,123.83","1,107.51","","0.50%"
"2021-11-09","1,112.01","1,129.28","1,135.44","1,112.01","","-1.13%"
"2021-11-08","1,124.77","1,152.13","1,152.13","1,124.50","","-2.39%"
"2021-11-05","1,152.32","1,149.01","1,155.32","1,140.67","","0.78%"
"2021-11-04","1,143.44","1,149.18","1,153.48","1,142.10","","0.43%"
"2021-11-02","1,138.58","1,130.33","1,145.58","1,130.17","","0.66%"
"2021-11-01","1,131.09","1,114.34","1,134.97","1,112.92","","2.17%"
"2021-10-29","1,107.08","1,117.58","1,118.24","1,104.54","","-1.06%"
"2021-10-28","1,118.97","1,108.76","1,119.66","1,103.54","","0.81%"
"2021-10-27","1,109.95","1,115.31","1,118.84","1,105.57","","-0.95%"
"2021-10-26","1,120.55","1,108.53","1,121.87","1,107.66","","2.05%"
"2021-10-25","1,098.02","1,104.44","1,104.62","1,093.69","","-1.28%"
"2021-10-22","1,112.26","1,113.08","1,122.22","1,104.07","","-0.17%"
"2021-10-21","1,114.10","1,129.99","1,133.09","1,112.64","","-2.28%"
"2021-10-20","1,140.11","1,144.42","1,147.90","1,139.94","","-0.11%"
"2021-10-19","1,141.40","1,120.02","1,141.48","1,119.78","","2.26%"
"2021-10-18","1,116.15","1,129.81","1,131.03","1,113.27","","-0.90%"
"2021-10-15","1,126.27","1,109.77","1,126.45","1,104.64","","2.51%"
"2021-10-14","1,098.72","1,098.81","1,108.87","1,091.40","","0.79%"
"2021-10-13","1,090.13","1,097.05","1,107.55","1,088.92","","-0.90%"
"2021-10-12","1,100.00","1,119.19","1,119.19","1,099.34","","-2.08%"
"2021-10-11","1,123.34","1,106.58","1,123.34","1,087.27","","1.61%"
"2021-10-08","1,105.56","1,097.13","1,112.82","1,095.07","","1.99%"
"2021-10-07","1,084.01","1,074.21","1,097.46","1,074.21","","1.87%"
"2021-10-06","1,064.11","1,091.22","1,102.63","1,056.99","","-1.30%"
"2021-10-05","1,078.13","1,086.28","1,090.32","1,054.34","","-2.34%"
"2021-10-04","1,103.93","1,141.37","1,141.37","1,098.23","","-2.40%"
"2021-10-01","1,131.06","1,122.03","1,145.59","1,121.53","","0.31%"
"2021-09-30","1,127.62","1,126.06","1,130.34","1,111.32","","0.64%"
"2021-09-29","1,120.44","1,108.64","1,120.69","1,101.33","","-0.61%"
"2021-09-28","1,127.36","1,154.09","1,154.83","1,122.85","","-2.65%"
"2021-09-27","1,158.05","1,164.02","1,170.97","1,154.89","","-0.46%"
"2021-09-24","1,163.41","1,147.58","1,164.14","1,147.58","","3.16%"
"2021-09-22","1,127.81","1,137.88","1,148.01","1,123.20","","-0.96%"
"2021-09-21","1,138.69","1,141.83","1,145.80","1,122.66","","-2.27%"
"2021-09-17","1,165.12","1,141.03","1,165.73","1,139.53","","2.09%"
"2021-09-16","1,141.28","1,181.24","1,181.24","1,130.34","","-3.65%"
"2021-09-15","1,184.54","1,184.00","1,190.55","1,173.31","","-0.28%"
"2021-09-14","1,187.83","1,183.16","1,194.88","1,178.37","","0.51%"
"2021-09-13","1,181.82","1,177.99","1,184.32","1,170.55","","0.34%"
"2021-09-10","1,177.80","1,158.07","1,177.85","1,157.00","","2.46%"
"2021-09-09","1,149.57","1,149.39","1,162.45","1,146.34","","-0.71%"
"2021-09-08","1,157.83","1,144.14","1,157.83","1,143.31","","0.78%"
"2021-09-07","1,148.86","1,144.81","1,157.26","1,142.82","","1.14%"
"2021-09-06","1,135.86","1,126.14","1,137.61","1,124.51","","1.67%"
"2021-09-03","1,117.21","1,119.80","1,127.83","1,111.35","","-0.29%"
"2021-09-02","1,120.43","1,135.77","1,138.45","1,119.26","","-1.39%"
"2021-09-01","1,136.26","1,132.53","1,137.59","1,117.69","","0.07%"
"2021-08-31","1,135.41","1,118.70","1,136.32","1,118.70","","1.86%"
"2021-08-30","1,114.63","1,103.02","1,114.63","1,101.84","","2.02%"
"2021-08-27","1,092.52","1,090.22","1,093.48","1,080.09","","-0.29%"
"2021-08-26","1,095.70","1,084.24","1,096.59","1,083.80","","1.21%"
"2021-08-25","1,082.65","1,075.36","1,089.03","1,075.36","","0.94%"
"2021-08-24","1,072.60","1,072.91","1,080.71","1,071.63","","0.76%"
"2021-08-23","1,064.49","1,043.01","1,065.20","1,042.32","","2.87%"
"2021-08-20","1,034.81","1,032.74","1,047.97","1,028.50","","0.09%"
"2021-08-19","1,033.86","1,030.66","1,059.41","1,030.31","","-0.44%"
"2021-08-18","1,038.41","1,005.92","1,038.71","993.29","","2.88%"
"2021-08-17","1,009.39","1,030.95","1,031.52","1,009.39","","-2.06%"
"2021-08-16","1,030.62","1,061.71","1,062.01","1,028.91","","-3.59%"
"2021-08-13","1,069.00","1,076.85","1,079.65","1,056.36","","-0.68%"
"2021-08-12","1,076.32","1,087.61","1,087.61","1,073.96","","-1.14%"
"2021-08-11","1,088.72","1,084.19","1,094.09","1,082.70","","0.51%"
"2021-08-10","1,083.22","1,059.98","1,083.72","1,055.73","","1.74%"
"2021-08-06","1,064.74","1,063.36","1,077.71","1,057.47","","0.17%"
"2021-08-05","1,062.91","1,067.57","1,078.34","1,060.24","","-0.78%"
"2021-08-04","1,071.22","1,086.00","1,086.20","1,070.92","","-1.32%"
"2021-08-03","1,085.53","1,086.51","1,094.08","1,080.63","","-0.26%"
"2021-08-02","1,088.34","1,087.91","1,089.47","1,079.05","","0.28%"
"2021-07-30","1,085.34","1,108.15","1,108.72","1,081.46","","-2.63%"
"2021-07-29","1,114.67","1,105.71","1,115.94","1,099.93","","1.58%"
"2021-07-28","1,097.30","1,125.76","1,129.42","1,094.24","","-3.48%"
"2021-07-27","1,136.92","1,142.06","1,144.80","1,133.91","","-0.45%"
"2021-07-26","1,142.04","1,150.95","1,152.55","1,140.60","","0.36%"
"2021-07-21","1,137.99","1,140.17","1,149.42","1,134.83","","0.82%"
"2021-07-20","1,128.70","1,129.20","1,143.07","1,127.42","","-0.73%"
"2021-07-19","1,136.99","1,151.05","1,151.05","1,131.69","","-1.87%"
"2021-07-16","1,158.70","1,151.59","1,163.39","1,147.52","","-0.17%"
"2021-07-15","1,160.70","1,181.90","1,181.93","1,158.37","","-1.95%"
"2021-07-14","1,183.83","1,173.90","1,186.27","1,173.37","","0.50%"
"2021-07-13","1,177.89","1,183.39","1,188.92","1,176.53","","-0.49%"
"2021-07-12","1,183.67","1,181.52","1,184.64","1,176.07","","1.32%"
"2021-07-09","1,168.30","1,144.05","1,169.34","1,142.04","","0.80%"
"2021-07-08","1,159.08","1,177.45","1,178.55","1,155.88","","-1.89%"
"2021-07-07","1,181.42","1,183.83","1,192.88","1,178.47","","-0.60%"
"2021-07-06","1,188.53","1,191.11","1,192.75","1,183.19","","-0.19%"
"2021-07-05","1,190.83","1,203.41","1,208.69","1,190.46","","-0.79%"
"2021-07-02","1,200.37","1,198.80","1,204.46","1,196.67","","0.01%"
"2021-07-01","1,200.21","1,203.32","1,204.20","1,198.69","","-0.60%"
"2021-06-30","1,207.46","1,204.71","1,209.49","1,201.61","","0.16%"
"2021-06-29","1,205.54","1,208.46","1,210.92","1,196.82","","-0.12%"
"2021-06-28","1,207.04","1,198.84","1,207.17","1,197.66","","0.87%"
"2021-06-25","1,196.68","1,186.32","1,196.68","1,182.76","","1.31%"
"2021-06-24","1,181.24","1,181.33","1,195.82","1,180.24","","0.06%"
"2021-06-23","1,180.49","1,174.58","1,181.84","1,171.83","","0.89%"
"2021-06-22","1,170.13","1,169.09","1,177.45","1,164.11","","1.24%"
"2021-06-21","1,155.77","1,155.88","1,162.70","1,149.24","","-1.82%"
"2021-06-18","1,177.17","1,194.15","1,201.50","1,176.34","","-0.46%"
"2021-06-17","1,182.65","1,194.08","1,194.08","1,173.66","","-1.69%"
"2021-06-16","1,203.04","1,192.92","1,203.10","1,190.34","","-0.13%"
"2021-06-15","1,204.63","1,203.98","1,205.83","1,197.92","","0.49%"
"2021-06-14","1,198.72","1,185.62","1,199.25","1,176.39","","1.38%"
"2021-06-11","1,182.37","1,192.19","1,198.02","1,181.38","","0.10%"
"2021-06-10","1,181.21","1,173.35","1,184.55","1,169.10","","0.60%"
"2021-06-09","1,174.18","1,160.68","1,174.64","1,153.19","","1.22%"
"2021-06-08","1,160.03","1,144.47","1,167.88","1,144.47","","2.27%"
"2021-06-07","1,134.33","1,129.31","1,137.30","1,123.62","","1.30%"
"2021-06-04","1,119.73","1,134.95","1,135.11","1,116.93","","-1.90%"
"2021-06-03","1,141.45","1,134.48","1,144.16","1,128.40","","0.50%"
"2021-06-02","1,135.80","1,142.71","1,149.99","1,134.12","","-0.52%"
"2021-06-01","1,141.74","1,152.72","1,154.47","1,137.03","","-0.72%"
"2021-05-31","1,150.06","1,148.24","1,156.14","1,145.68","","0.43%"
"2021-05-28","1,145.19","1,152.90","1,154.31","1,143.28","","-0.06%"
"2021-05-27","1,145.88","1,147.83","1,149.03","1,133.99","","-0.24%"
"2021-05-26","1,148.58","1,135.49","1,150.89","1,131.61","","1.33%"
"2021-05-25","1,133.48","1,119.48","1,135.72","1,119.48","","2.27%"
"2021-05-24","1,108.35","1,122.55","1,124.95","1,105.11","","-1.80%"
"2021-05-21","1,128.66","1,118.34","1,131.79","1,117.36","","2.26%"
"2021-05-20","1,103.75","1,089.97","1,106.42","1,085.99","","1.07%"
"2021-05-19","1,092.07","1,061.59","1,093.12","1,060.42","","2.11%"
"2021-05-18","1,069.50","1,044.84","1,070.33","1,043.57","","2.56%"
"2021-05-17","1,042.82","1,086.16","1,087.61","1,040.58","","-3.85%"
"2021-05-14","1,084.54","1,073.61","1,085.78","1,061.38","","1.80%"
"2021-05-13","1,065.38","1,076.91","1,082.22","1,053.89","","-2.78%"
"2021-05-12","1,095.85","1,125.18","1,132.16","1,080.38","","-1.92%"
"2021-05-11","1,117.35","1,145.17","1,145.82","1,115.30","","-3.46%"
"2021-05-10","1,157.42","1,164.23","1,166.61","1,155.72","","-0.41%"
"2021-05-07","1,162.16","1,177.11","1,177.29","1,162.13","","-1.83%"
"2021-05-06","1,183.84","1,201.72","1,201.72","1,181.14","","-1.49%"
"2021-04-30","1,201.77","1,209.74","1,210.73","1,198.37","","-0.79%"
"2021-04-28","1,211.31","1,218.03","1,219.47","1,205.85","","-0.85%"
"2021-04-27","1,221.65","1,224.99","1,239.65","1,221.08","","0.09%"
"2021-04-26","1,220.52","1,215.63","1,221.92","1,207.05","","0.68%"
"2021-04-23","1,212.23","1,218.21","1,234.41","1,211.61","","-1.18%"
"2021-04-22","1,226.76","1,220.50","1,228.25","1,217.26","","1.87%"
"2021-04-21","1,204.23","1,228.35","1,230.99","1,201.25","","-3.26%"
"2021-04-20","1,244.79","1,244.77","1,251.01","1,236.54","","-0.98%"
"2021-04-19","1,257.16","1,250.74","1,263.73","1,245.27","","0.54%"
"2021-04-16","1,250.47","1,233.23","1,250.51","1,233.23","","1.82%"
"2021-04-15","1,228.14","1,225.51","1,228.82","1,220.00","","-0.57%"
"2021-04-14","1,235.15","1,220.50","1,236.70","1,220.18","","1.55%"
"2021-04-13","1,216.24","1,215.60","1,224.01","1,213.65","","0.02%"
"2021-04-12","1,215.97","1,247.25","1,248.01","1,215.88","","-2.28%"
"2021-04-09","1,244.39","1,227.98","1,245.38","1,227.16","","1.63%"
"2021-04-08","1,224.39","1,222.05","1,225.88","1,211.26","","-0.29%"
"2021-04-07","1,228.01","1,225.48","1,235.20","1,218.17","","0.19%"
"2021-04-06","1,225.66","1,246.76","1,248.28","1,220.66","","-1.21%"
"2021-04-05","1,240.63","1,247.84","1,248.31","1,236.10","","0.09%"
"2021-04-02","1,239.47","1,241.03","1,242.16","1,227.21","","0.74%"
"2021-04-01","1,230.38","1,216.74","1,233.85","1,212.57","","2.25%"
"2021-03-31","1,203.28","1,179.93","1,204.97","1,177.73","","1.94%"
"2021-03-30","1,180.43","1,180.79","1,195.01","1,172.51","","0.28%"
"2021-03-29","1,177.19","1,205.10","1,206.44","1,173.67","","-1.78%"
"2021-03-26","1,198.58","1,174.16","1,199.50","1,173.33","","2.99%"
"2021-03-25","1,163.82","1,154.90","1,167.76","1,138.11","","0.00%"
"2021-03-24","1,163.86","1,186.97","1,190.31","1,162.07","","-3.22%"
"2021-03-23","1,202.61","1,221.65","1,229.99","1,202.61","","-1.43%"
"2021-03-22","1,220.10","1,230.16","1,234.70","1,216.93","","-0.81%"
"2021-03-19","1,230.04","1,233.31","1,238.31","1,224.50","","-1.56%"
"2021-03-18","1,249.53","1,242.26","1,256.51","1,241.06","","1.37%"
"2021-03-17","1,232.66","1,212.31","1,233.03","1,212.31","","1.56%"
"2021-03-16","1,213.68","1,196.71","1,214.57","1,193.73","","1.40%"
"2021-03-15","1,196.89","1,208.65","1,208.65","1,191.28","","-0.85%"
"2021-03-12","1,207.15","1,185.01","1,207.15","1,180.65","","2.99%"
"2021-03-11","1,172.07","1,150.81","1,172.53","1,145.85","","1.36%"
"2021-03-10","1,156.37","1,168.28","1,180.46","1,152.02","","0.20%"
"2021-03-09","1,154.01","1,135.18","1,154.50","1,113.58","","0.54%"
"2021-03-08","1,147.86","1,182.00","1,183.07","1,143.25","","-1.72%"
"2021-03-05","1,167.90","1,158.23","1,167.94","1,125.59","","-0.33%"
"2021-03-04","1,171.81","1,180.08","1,180.19","1,157.28","","-2.16%"
"2021-03-03","1,197.66","1,222.33","1,226.18","1,190.69","","-2.03%"
"2021-03-02","1,222.43","1,231.79","1,247.04","1,214.46","","0.41%"
"2021-03-01","1,217.45","1,222.95","1,222.95","1,204.31","","0.28%"
"2021-02-26","1,214.09","1,215.51","1,225.65","1,193.20","","-1.96%"
"2021-02-25","1,238.31","1,236.94","1,251.12","1,227.54","","1.52%"
"2021-02-24","1,219.71","1,260.62","1,265.56","1,219.71","","-4.31%"
"2021-02-22","1,274.62","1,269.81","1,277.41","1,267.65","","0.73%"
"2021-02-19","1,265.43","1,259.47","1,275.61","1,251.17","","-0.57%"
"2021-02-18","1,272.67","1,293.78","1,305.43","1,272.67","","-1.69%"
"2021-02-17","1,294.49","1,310.54","1,314.86","1,290.41","","-1.99%"
"2021-02-16","1,320.73","1,321.37","1,340.38","1,313.70","","0.49%"
"2021-02-15","1,314.30","1,307.44","1,322.93","1,297.10","","0.21%"
"2021-02-12","1,311.57","1,288.51","1,313.45","1,283.35","","1.67%"
"2021-02-10","1,289.98","1,263.08","1,292.04","1,262.00","","2.02%"
"2021-02-09","1,264.46","1,265.38","1,270.13","1,252.25","","-0.23%"
"2021-02-08","1,267.32","1,265.75","1,267.55","1,255.14","","0.44%"
"2021-02-05","1,261.72","1,265.60","1,266.37","1,254.00","","-0.05%"
"2021-02-04","1,262.30","1,259.07","1,270.14","1,253.28","","0.27%"
"2021-02-03","1,258.96","1,258.71","1,271.56","1,252.42","","0.44%"
"2021-02-02","1,253.48","1,243.50","1,254.10","1,234.95","","1.55%"
"2021-02-01","1,234.34","1,205.02","1,237.00","1,198.90","","2.10%"
"2021-01-29","1,208.96","1,246.16","1,255.28","1,201.58","","-1.97%"
"2021-01-28","1,233.26","1,252.33","1,253.44","1,227.43","","-3.34%"
"2021-01-27","1,275.83","1,270.87","1,280.90","1,267.32","","0.42%"
"2021-01-26","1,270.50","1,299.09","1,300.72","1,270.39","","-2.35%"
"2021-01-25","1,301.12","1,302.65","1,309.17","1,293.24","","0.70%"
"2021-01-22","1,292.11","1,279.45","1,293.58","1,277.34","","0.64%"
"2021-01-21","1,283.85","1,246.51","1,283.96","1,244.52","","3.73%"
"2021-01-20","1,237.73","1,243.84","1,246.86","1,232.45","","0.15%"
"2021-01-19","1,235.92","1,242.39","1,244.62","1,223.72","","-0.05%"
"2021-01-18","1,236.51","1,207.16","1,236.90","1,207.16","","1.56%"
"2021-01-15","1,217.51","1,213.66","1,222.97","1,203.08","","0.83%"
"2021-01-14","1,207.54","1,236.78","1,241.18","1,205.02","","-2.52%"
"2021-01-13","1,238.76","1,226.65","1,238.90","1,226.53","","0.87%"
"2021-01-12","1,228.08","1,229.96","1,233.35","1,218.74","","-0.61%"
"2021-01-08","1,235.64","1,228.34","1,238.43","1,223.91","","1.75%"
"2021-01-07","1,214.40","1,221.12","1,225.70","1,208.88","","-0.07%"
"2021-01-06","1,215.23","1,216.67","1,238.11","1,212.64","","0.35%"
"2021-01-05","1,211.05","1,211.74","1,223.99","1,197.93","","-0.90%"
"2021-01-04","1,222.01","1,199.63","1,222.12","1,184.82","","2.13%"
"2020-12-30","1,196.49","1,185.94","1,199.88","1,177.82","","0.37%"
"2020-12-29","1,192.10","1,167.92","1,193.13","1,165.38","","2.60%"
"2020-12-28","1,161.87","1,160.78","1,168.08","1,156.67","","-0.02%"
"2020-12-25","1,162.12","1,165.58","1,173.57","1,156.50","","-0.46%"
"2020-12-24","1,167.49","1,156.67","1,169.97","1,149.08","","1.28%"
"2020-12-23","1,152.78","1,142.12","1,153.31","1,134.42","","2.12%"
"2020-12-22","1,128.90","1,169.37","1,170.37","1,125.60","","-4.05%"
"2020-12-21","1,176.49","1,193.23","1,202.23","1,176.16","","-0.84%"
"2020-12-18","1,186.46","1,191.58","1,198.99","1,179.34","","0.10%"
"2020-12-17","1,185.22","1,160.04","1,185.90","1,160.04","","2.41%"
"2020-12-16","1,157.28","1,173.42","1,176.40","1,153.55","","-1.18%"
"2020-12-15","1,171.07","1,193.03","1,197.22","1,165.45","","-1.42%"
"2020-12-14","1,187.88","1,190.71","1,191.18","1,176.83","","0.15%"
"2020-12-11","1,186.15","1,173.50","1,190.48","1,172.80","","2.52%"
"2020-12-10","1,156.97","1,158.68","1,167.61","1,152.22","","-1.15%"
"2020-12-09","1,170.43","1,183.83","1,188.53","1,161.70","","-1.39%"
"2020-12-08","1,186.92","1,158.18","1,188.11","1,151.57","","1.40%"
"2020-12-07","1,170.56","1,218.14","1,218.14","1,167.84","","-4.19%"
"2020-12-04","1,221.77","1,227.69","1,234.14","1,198.85","","-0.91%"
"2020-12-03","1,232.94","1,263.87","1,264.46","1,231.75","","-2.58%"
"2020-12-02","1,265.56","1,268.31","1,279.02","1,256.69","","0.20%"
"2020-12-01","1,263.01","1,242.44","1,276.56","1,238.23","","2.48%"
"2020-11-30","1,232.40","1,220.84","1,233.36","1,207.39","","1.77%"
"2020-11-27","1,211.00","1,206.09","1,216.22","1,194.01","","0.56%"
"2020-11-26","1,204.22","1,201.06","1,209.28","1,198.29","","0.39%"
"2020-11-25","1,199.52","1,224.44","1,225.42","1,194.13","","-2.10%"
"2020-11-24","1,225.21","1,210.96","1,232.22","1,204.26","","2.24%"
"2020-11-20","1,198.36","1,202.33","1,205.57","1,189.45","","-0.03%"
"2020-11-19","1,198.68","1,191.66","1,198.68","1,179.25","","0.34%"
"2020-11-18","1,194.64","1,189.68","1,208.18","1,178.84","","0.62%"
"2020-11-17","1,187.24","1,221.58","1,224.08","1,180.95","","-3.63%"
"2020-11-16","1,231.92","1,247.48","1,247.48","1,227.87","","-1.05%"
"2020-11-13","1,245.00","1,220.32","1,249.79","1,219.16","","1.93%"
"2020-11-12","1,221.46","1,213.95","1,229.52","1,207.04","","1.46%"
"2020-11-11","1,203.84","1,176.50","1,205.68","1,160.49","","1.59%"
"2020-11-10","1,185.03","1,251.88","1,251.88","1,179.27","","-6.38%"
"2020-11-09","1,265.73","1,257.37","1,267.71","1,251.41","","1.81%"
"2020-11-06","1,243.27","1,263.90","1,265.18","1,238.93","","-0.99%"
"2020-11-05","1,255.65","1,234.27","1,264.77","1,233.50","","3.17%"
"2020-11-04","1,217.06","1,172.17","1,217.99","1,167.65","","5.33%"
"2020-11-02","1,155.42","1,174.38","1,183.40","1,146.76","","-1.35%"
"2020-10-30","1,171.25","1,212.71","1,217.38","1,165.81","","-3.41%"
"2020-10-29","1,212.63","1,196.93","1,216.63","1,186.78","","-0.16%"
"2020-10-28","1,214.55","1,220.12","1,235.61","1,202.49","","-0.40%"
"2020-10-27","1,219.38","1,176.95","1,225.76","1,161.82","","1.65%"
"2020-10-26","1,199.55","1,251.15","1,253.13","1,197.93","","-3.86%"
"2020-10-23","1,247.71","1,250.63","1,252.05","1,199.00","","-0.93%"
"2020-10-22","1,259.40","1,307.53","1,310.22","1,249.71","","-4.51%"
"2020-10-21","1,318.94","1,329.58","1,342.15","1,316.46","","-0.48%"
"2020-10-20","1,325.31","1,312.28","1,329.80","1,312.28","","0.50%"
"2020-10-19","1,318.68","1,316.09","1,321.16","1,288.71","","0.46%"
"2020-10-16","1,312.59","1,327.61","1,333.63","1,292.41","","-1.66%"
"2020-10-15","1,334.71","1,360.99","1,366.80","1,330.33","","-2.25%"
"2020-10-14","1,365.49","1,345.14","1,368.19","1,345.14","","1.37%"
"2020-10-13","1,347.08","1,350.35","1,355.75","1,334.71","","-0.31%"
"2020-10-12","1,351.22","1,345.62","1,351.56","1,333.09","","1.23%"
"2020-10-09","1,334.84","1,320.88","1,338.85","1,312.89","","1.14%"
"2020-10-08","1,319.84","1,301.60","1,327.40","1,290.77","","2.06%"
"2020-10-07","1,293.16","1,262.25","1,293.82","1,261.20","","2.17%"
"2020-10-06","1,265.67","1,262.61","1,269.10","1,249.79","","0.95%"
"2020-10-05","1,253.70","1,232.03","1,255.84","1,230.51","","2.62%"
"2020-10-02","1,221.69","1,241.12","1,253.75","1,211.55","","-0.40%"
"2020-10-01","1,226.58","1,226.58","1,226.58","1,226.58","","0.00%"
"2020-09-30","1,226.58","1,227.60","1,238.64","1,220.16","","-0.06%"
"2020-09-29","1,227.28","1,187.37","1,228.06","1,187.35","","3.38%"
"2020-09-28","1,187.16","1,212.68","1,213.75","1,169.71","","-1.62%"
"2020-09-25","1,206.66","1,201.78","1,208.33","1,197.59","","1.37%"
"2020-09-24","1,190.30","1,201.56","1,220.12","1,183.17","","-1.87%"
"2020-09-23","1,212.99","1,189.39","1,214.76","1,187.46","","2.45%"
"2020-09-18","1,183.98","1,177.24","1,184.40","1,167.60","","0.51%"
"2020-09-17","1,178.00","1,175.98","1,185.45","1,166.37","","-0.27%"
"2020-09-16","1,181.23","1,159.86","1,181.33","1,159.10","","2.51%"
"2020-09-15","1,152.34","1,132.33","1,152.68","1,131.76","","2.05%"
"2020-09-14","1,129.14","1,135.09","1,136.61","1,125.47","","-0.52%"
"2020-09-11","1,135.00","1,125.42","1,135.48","1,112.85","","1.11%"
"2020-09-10","1,122.59","1,143.79","1,149.73","1,120.44","","-0.81%"
"2020-09-09","1,131.73","1,121.54","1,135.72","1,115.75","","-0.61%"
"2020-09-08","1,138.64","1,123.78","1,138.64","1,102.86","","1.90%"
"2020-09-07","1,117.45","1,137.48","1,145.06","1,113.96","","-1.97%"
"2020-09-04","1,139.90","1,147.31","1,155.19","1,130.60","","-2.61%"
"2020-09-03","1,170.47","1,176.34","1,176.34","1,160.28","","-0.21%"
"2020-09-02","1,172.95","1,163.49","1,183.12","1,159.27","","1.60%"
"2020-09-01","1,154.51","1,127.02","1,155.28","1,127.02","","2.93%"
"2020-08-31","1,121.64","1,098.63","1,123.91","1,098.63","","3.70%"
"2020-08-28","1,081.57","1,127.18","1,131.23","1,065.80","","-4.66%"
"2020-08-27","1,134.42","1,156.50","1,156.50","1,132.87","","-1.37%"
"2020-08-26","1,150.19","1,135.19","1,151.24","1,135.19","","1.50%"
"2020-08-25","1,133.22","1,150.97","1,150.97","1,131.18","","-1.56%"
"2020-08-24","1,151.14","1,136.47","1,151.73","1,125.38","","1.47%"
"2020-08-21","1,134.46","1,116.29","1,135.38","1,114.18","","2.38%"
"2020-08-20","1,108.10","1,114.87","1,122.72","1,098.55","","-0.98%"
"2020-08-19","1,119.03","1,094.50","1,119.42","1,091.41","","2.96%"
"2020-08-18","1,086.86","1,055.67","1,087.48","1,055.67","","3.40%"
"2020-08-17","1,051.08","1,045.27","1,051.82","1,039.46","","0.11%"
"2020-08-14","1,049.90","1,033.26","1,050.59","1,031.71","","1.72%"
"2020-08-13","1,032.10","1,015.72","1,032.68","1,015.53","","2.30%"
"2020-08-12","1,008.85","1,022.65","1,022.65","996.85","","-2.08%"
"2020-08-11","1,030.31","1,035.07","1,035.07","1,017.77","","-0.47%"
"2020-08-07","1,035.19","1,024.07","1,035.19","1,021.18","","1.18%"
"2020-08-06","1,023.14","1,029.56","1,033.30","1,017.17","","-0.69%"
"2020-08-05","1,030.26","1,010.59","1,030.98","1,010.02","","2.15%"
"2020-08-04","1,008.53","1,004.67","1,013.39","1,001.27","","1.36%"
"2020-08-03","994.98","965.39","995.92","964.49","","3.84%"
"2020-07-31","958.23","967.56","971.45","952.75","","-1.42%"
"2020-07-30","971.99","963.40","972.97","961.37","","1.26%"
"2020-07-29","959.89","980.98","983.66","955.94","","-2.42%"
"2020-07-28","983.72","995.54","1,000.87","982.48","","-1.08%"
"2020-07-27","994.45","1,003.35","1,005.90","991.30","","-1.79%"
"2020-07-22","1,012.60","1,010.48","1,013.71","1,001.90","","-0.23%"
"2020-07-21","1,014.91","995.61","1,017.64","995.27","","2.75%"
"2020-07-20","987.78","987.45","1,000.08","973.80","","0.28%"
"2020-07-17","985.06","999.26","1,006.55","975.18","","-1.59%"
"2020-07-16","1,000.94","1,020.43","1,023.24","999.96","","-1.59%"
"2020-07-15","1,017.12","1,003.27","1,018.26","1,000.27","","1.98%"
"2020-07-14","997.41","1,006.82","1,012.99","990.96","","-1.57%"
"2020-07-13","1,013.35","1,005.16","1,013.74","994.05","","0.97%"
"2020-07-10","1,003.60","1,000.75","1,017.74","999.59","","0.49%"
"2020-07-09","998.70","1,011.14","1,013.47","994.28","","-1.00%"
"2020-07-08","1,008.75","1,006.88","1,015.05","998.57","","0.14%"
"2020-07-07","1,007.30","991.86","1,008.52","984.07","","1.74%"
"2020-07-06","990.03","977.73","993.57","970.11","","1.25%"
"2020-07-03","977.85","947.83","978.16","944.73","","3.11%"
"2020-07-02","948.39","999.33","1,000.78","941.85","","-4.96%"
"2020-07-01","997.90","1,017.54","1,021.24","994.89","","-1.40%"
"2020-06-30","1,012.11","1,033.58","1,038.49","971.48","","-0.64%"
"2020-06-29","1,018.61","1,035.18","1,040.62","1,014.21","","-2.74%"
"2020-06-26","1,047.36","1,061.79","1,067.29","1,040.46","","-0.79%"
"2020-06-25","1,055.75","1,044.41","1,064.15","1,044.17","","-0.43%"
"2020-06-24","1,060.32","1,050.13","1,065.68","1,049.24","","0.86%"
"2020-06-23","1,051.32","1,064.89","1,065.40","1,037.31","","-0.49%"
"2020-06-22","1,056.47","1,040.63","1,059.49","1,038.93","","1.28%"
"2020-06-19","1,043.08","1,036.98","1,043.97","1,033.23","","0.97%"
"2020-06-18","1,033.10","1,026.22","1,033.21","1,009.72","","1.03%"
"2020-06-17","1,022.56","1,006.72","1,030.91","1,006.72","","2.13%"
"2020-06-16","1,001.28","976.13","1,008.40","975.86","","4.49%"
"2020-06-15","958.28","1,001.70","1,007.60","955.21","","-4.10%"
"2020-06-12","999.24","985.68","1,008.17","955.61","","-0.78%"
"2020-06-11","1,007.14","1,033.97","1,044.74","1,003.00","","-2.82%"
"2020-06-10","1,036.37","1,012.47","1,038.25","1,012.47","","1.52%"
"2020-06-09","1,020.88","1,008.67","1,023.55","995.69","","0.87%"
"2020-06-08","1,012.05","999.30","1,012.10","992.55","","1.61%"
"2020-06-05","996.06","982.59","997.83","977.82","","0.54%"
"2020-06-04","990.74","1,004.41","1,008.40","978.16","","-1.25%"
"2020-06-03","1,003.31","1,021.44","1,022.39","994.61","","-1.15%"
"2020-06-02","1,014.99","1,009.96","1,018.87","1,000.39","","1.22%"
"2020-06-01","1,002.79","983.69","1,009.42","982.95","","2.07%"
"2020-05-29","982.43","948.80","982.43","948.46","","3.63%"
"2020-05-28","947.98","954.82","958.12","932.28","","-0.80%"
"2020-05-27","955.63","947.35","955.63","935.13","","0.32%"
"2020-05-26","952.58","962.83","972.80","938.41","","-0.68%"
"2020-05-25","959.13","940.67","960.89","940.67","","3.50%"
"2020-05-22","926.71","928.69","936.89","920.82","","-0.11%"
"2020-05-21","927.70","912.47","928.32","911.86","","1.95%"
"2020-05-20","909.98","882.96","910.80","882.55","","3.33%"
"2020-05-19","880.62","883.41","886.39","870.00","","0.92%"
"2020-05-18","872.56","844.49","873.14","843.71","","3.93%"
"2020-05-15","839.53","828.78","839.76","820.03","","2.23%"
"2020-05-14","821.23","838.46","846.29","818.91","","-2.07%"
"2020-05-13","838.61","827.57","841.84","823.94","","0.58%"
"2020-05-12","833.74","834.29","842.31","830.21","","0.07%"
"2020-05-11","833.12","828.19","833.69","811.88","","1.25%"
"2020-05-08","822.80","849.81","869.89","816.91","","-2.01%"
"2020-05-07","839.71","794.39","839.71","794.39","","6.48%"
"2020-05-01","788.59","785.39","789.89","775.06","","-0.36%"
"2020-04-30","791.44","782.88","795.16","781.41","","2.23%"
"2020-04-28","774.20","761.04","774.62","753.30","","1.85%"
"2020-04-27","760.14","753.46","764.06","753.05","","2.35%"
"2020-04-24","742.66","739.94","744.87","732.33","","0.56%"
"2020-04-23","738.55","724.85","745.87","724.63","","3.25%"
"2020-04-22","715.30","719.80","721.28","705.20","","-1.99%"
"2020-04-21","729.86","756.93","759.04","727.94","","-4.15%"
"2020-04-20","761.50","743.25","765.34","743.25","","3.06%"
"2020-04-17","738.91","739.62","748.47","731.98","","1.10%"
"2020-04-16","730.88","711.77","730.88","711.42","","2.70%"
"2020-04-15","711.64","709.40","722.66","706.41","","0.37%"
"2020-04-14","709.03","680.70","712.80","679.40","","4.79%"
"2020-04-13","676.62","671.22","682.10","669.93","","0.99%"
"2020-04-10","670.01","670.96","672.71","656.30","","-0.14%"
"2020-04-09","670.95","651.76","671.71","651.24","","3.77%"
"2020-04-08","646.58","636.00","648.64","623.09","","1.57%"
"2020-04-07","636.59","625.10","642.88","619.52","","3.55%"
"2020-04-06","614.79","594.42","614.79","592.74","","3.56%"
"2020-04-03","593.63","618.42","621.54","589.44","","-3.16%"
"2020-04-02","613.00","612.13","620.99","608.49","","-0.20%"
"2020-04-01","614.20","620.78","634.36","609.79","","-0.95%"
"2020-03-31","620.09","618.04","632.07","615.14","","1.28%"
"2020-03-30","612.28","610.79","620.40","602.95","","-1.72%"
"2020-03-27","623.02","624.99","632.88","616.24","","1.47%"
"2020-03-26","613.98","629.25","629.25","611.27","","-4.23%"
"2020-03-25","641.10","617.69","643.55","617.69","","5.91%"
"2020-03-24","605.35","570.25","609.74","570.17","","8.07%"
"2020-03-23","560.17","556.58","567.73","547.21","","0.41%"
"2020-03-19","557.86","594.51","598.77","551.10","","-4.90%"
"2020-03-18","586.63","599.30","613.05","584.81","","-1.20%"
"2020-03-17","593.75","550.38","594.94","543.32","","6.11%"
"2020-03-16","559.54","573.13","596.54","559.19","","-1.02%"
"2020-03-13","565.31","586.55","586.82","527.30","","-5.75%"
"2020-03-12","599.82","622.44","637.30","594.68","","-5.39%"
"2020-03-11","633.99","664.31","678.85","633.91","","-4.72%"
"2020-03-10","665.43","634.38","670.09","602.15","","2.98%"
"2020-03-09","646.20","700.95","700.95","641.18","","-9.75%"
"2020-03-06","716.00","732.59","735.25","714.83","","-3.65%"
"2020-03-05","743.13","748.32","749.18","735.68","","0.95%"
"2020-03-04","736.17","714.68","741.89","713.63","","1.60%"
"2020-03-03","724.61","755.73","767.20","724.22","","-2.28%"
"2020-03-02","741.51","701.85","755.95","701.85","","5.83%"
"2020-02-28","700.63","732.46","732.50","697.07","","-6.28%"
"2020-02-27","747.57","776.87","778.94","742.40","","-4.28%"
"2020-02-26","780.99","792.51","799.17","770.56","","-2.18%"
"2020-02-25","798.36","811.75","811.86","782.24","","-3.63%"
"2020-02-21","828.46","822.67","834.54","822.65","","0.63%"
"2020-02-20","823.30","837.69","840.36","822.47","","-0.83%"
"2020-02-19","830.15","812.24","831.07","812.24","","2.66%"
"2020-02-18","808.62","824.62","826.13","805.72","","-2.43%"
"2020-02-17","828.80","835.49","836.23","825.94","","-1.53%"
"2020-02-14","841.69","850.28","852.58","841.16","","-1.79%"
"2020-02-13","857.03","854.54","858.84","854.12","","0.53%"
"2020-02-12","852.49","844.61","853.03","844.12","","1.38%"
"2020-02-10","840.90","844.81","847.78","839.33","","-1.06%"
"2020-02-07","849.89","849.37","854.18","845.03","","-0.13%"
"2020-02-06","851.01","849.34","853.20","846.92","","0.71%"
"2020-02-05","844.97","847.09","852.95","842.99","","0.96%"
"2020-02-04","836.92","824.94","838.44","823.59","","1.66%"
"2020-02-03","823.28","809.55","826.63","802.31","","-0.01%"
"2020-01-31","823.37","815.79","825.12","813.00","","1.43%"
"2020-01-30","811.77","835.67","839.46","805.55","","-3.10%"
"2020-01-29","837.77","853.94","855.17","836.70","","-1.49%"
"2020-01-28","850.42","842.35","850.80","838.33","","-0.12%"
"2020-01-27","851.45","853.88","855.34","847.13","","-2.06%"
"2020-01-24","869.40","878.24","878.24","863.49","","-1.16%"
"2020-01-23","879.63","883.68","884.64","879.43","","-0.72%"
"2020-01-22","886.04","884.07","889.12","883.30","","-0.02%"
"2020-01-21","886.24","886.66","888.15","881.51","","0.11%"
"2020-01-20","885.26","886.81","888.89","884.84","","0.05%"
"2020-01-17","884.81","888.98","888.98","879.64","","-0.20%"
"2020-01-16","886.60","887.93","894.41","885.40","","-0.05%"
"2020-01-15","887.00","885.91","888.28","882.77","","-0.05%"
"2020-01-14","887.46","895.60","895.60","885.21","","-0.27%"
"2020-01-10","889.89","887.27","890.22","883.15","","0.47%"
"2020-01-09","885.76","883.25","889.49","882.92","","1.69%"
"2020-01-08","871.00","888.66","888.69","860.34","","-2.49%"
"2020-01-07","893.27","885.44","893.69","885.44","","1.42%"
"2020-01-06","880.80","885.73","890.50","880.80","","-1.86%"